VehicleName	TimeStamp	POS_X	POS_Y	POS_Z	Q_W	Q_X	Q_Y	Q_Z	ImageFile
PX4_4	1760613955965	0	0	0.569113	0.707107	0	0	0.707107	img_PX4_4__0_1760613956491969800.png
PX4_2	1760613956019	0	0	0.569113	3.57628e-07	0	0	-1	img_PX4_2__0_1760613956545401900.png
PX4_3	1760613956058	0	0	0.569113	0.707107	0	0	-0.707107	img_PX4_3__0_1760613956582846700.png
PX4_1	1760613956091	0	0	0.569113	1	0	0	0	img_PX4_1__0_1760613956618614200.png
PX4_4	1760613956151	0	0	0.569113	0.707107	0	0	0.707107	img_PX4_4__0_1760613956677331400.png
PX4_2	1760613956214	0	0	0.569113	3.57628e-07	0	0	-1	img_PX4_2__0_1760613956740693900.png
PX4_3	1760613956283	0	0	0.569113	0.707107	0	0	-0.707107	img_PX4_3__0_1760613956810152800.png
PX4_1	1760613956337	0	0	0.569113	1	0	0	0	img_PX4_1__0_1760613956865929500.png
PX4_4	1760613956403	0	0	0.569113	0.707107	0	0	0.707107	img_PX4_4__0_1760613956930585500.png
PX4_2	1760613956466	0	0	0.569113	3.57628e-07	0	0	-1	img_PX4_2__0_1760613956992525800.png
PX4_3	1760613956526	0	0	0.569113	0.707107	0	0	-0.707107	img_PX4_3__0_1760613957053950300.png
PX4_1	1760613956574	0	0	0.569113	1	0	0	0	img_PX4_1__0_1760613957102187300.png
PX4_4	1760613956634	0	0	0.569113	0.707107	0	0	0.707107	img_PX4_4__0_1760613957161239500.png
PX4_2	1760613956694	0	0	0.569113	3.57628e-07	0	0	-1	img_PX4_2__0_1760613957223618100.png
PX4_3	1760613956754	0	0	0.569113	0.707107	0	0	-0.707107	img_PX4_3__0_1760613957282827800.png
PX4_1	1760613956802	0	0	0.569113	1	0	0	0	img_PX4_1__0_1760613957329596900.png
PX4_4	1760613956859	0	0	0.569113	0.707107	0	0	0.707107	img_PX4_4__0_1760613957388531700.png
PX4_2	1760613956922	0	0	0.569113	3.57628e-07	0	0	-1	img_PX4_2__0_1760613957451459100.png
PX4_3	1760613956982	0	0	0.569113	0.707107	0	0	-0.707107	img_PX4_3__0_1760613957512054000.png
PX4_1	1760613957036	0	0	0.569113	1	0	0	0	img_PX4_1__0_1760613957563385300.png
PX4_4	1760613957090	0	0	0.569113	0.707107	0	0	0.707107	img_PX4_4__0_1760613957617686800.png
PX4_2	1760613957150	0	0	0.569113	3.57628e-07	0	0	-1	img_PX4_2__0_1760613957678590000.png
PX4_3	1760613957207	0	0	0.569113	0.707107	0	0	-0.707107	img_PX4_3__0_1760613957737485000.png
PX4_1	1760613957255	0	0	0.569113	1	0	0	0	img_PX4_1__0_1760613957784719900.png
PX4_4	1760613957312	0	0	0.569113	0.707107	0	0	0.707107	img_PX4_4__0_1760613957841754000.png
PX4_2	1760613957372	0	0	0.569113	3.57628e-07	0	0	-1	img_PX4_2__0_1760613957900921500.png
PX4_3	1760613957432	0	0	0.569113	0.707107	0	0	-0.707107	img_PX4_3__0_1760613957960912800.png
PX4_1	1760613957480	0	0	0.569113	1	0	0	0	img_PX4_1__0_1760613958009311800.png
PX4_4	1760613957537	0	0	0.569113	0.707107	0	0	0.707107	img_PX4_4__0_1760613958065728600.png
PX4_2	1760613957597	0	0	0.569113	3.57628e-07	0	0	-1	img_PX4_2__0_1760613958126855600.png
PX4_3	1760613957657	0	0	0.569113	0.707107	0	0	-0.707107	img_PX4_3__0_1760613958185706500.png
PX4_1	1760613957705	0	0	0.569113	1	0	0	0	img_PX4_1__0_1760613958233975400.png
PX4_4	1760613957762	0	0	0.569113	0.707107	0	0	0.707107	img_PX4_4__0_1760613958292189300.png
PX4_2	1760613957831	0	0	0.569113	3.57628e-07	0	0	-1	img_PX4_2__0_1760613958361242600.png
PX4_3	1760613957903	0	0	0.569113	0.707107	0	0	-0.707107	img_PX4_3__0_1760613958434973700.png
PX4_1	1760613957957	0	0	0.569113	1	0	0	0	img_PX4_1__0_1760613958486938700.png
PX4_4	1760613958014	0	0	0.569113	0.707107	0	0	0.707107	img_PX4_4__0_1760613958543022100.png
PX4_2	1760613958071	0	0	0.569113	3.57628e-07	0	0	-1	img_PX4_2__0_1760613958601803500.png
PX4_3	1760613958128	0	0	0.569113	0.707107	0	0	-0.707107	img_PX4_3__0_1760613958658737600.png
PX4_1	1760613958173	0	0	0.569113	1	0	0	0	img_PX4_1__0_1760613958704666500.png
PX4_4	1760613958230	0	0	0.569113	0.707107	0	0	0.707107	img_PX4_4__0_1760613958761940300.png
PX4_2	1760613958290	0	0	0.569113	3.57628e-07	0	0	-1	img_PX4_2__0_1760613958822629000.png
PX4_3	1760613958347	0	0	0.569113	0.707107	0	0	-0.707107	img_PX4_3__0_1760613958878901900.png
PX4_1	1760613958395	0	0	0.569113	1	0	0	0	img_PX4_1__0_1760613958926771800.png
PX4_4	1760613958455	0	0	0.569113	0.707107	0	0	0.707107	img_PX4_4__0_1760613958985264900.png
PX4_2	1760613958515	0	0	0.569113	3.57628e-07	0	0	-1	img_PX4_2__0_1760613959046965000.png
PX4_3	1760613958578	0	0	0.569113	0.707107	0	0	-0.707107	img_PX4_3__0_1760613959108433800.png
PX4_1	1760613958626	0	0	0.569113	1	0	0	0	img_PX4_1__0_1760613959157780400.png
PX4_4	1760613958683	0	0	0.569113	0.707107	0	0	0.707107	img_PX4_4__0_1760613959215263800.png
PX4_2	1760613958743	0	0	0.569113	3.57628e-07	0	0	-1	img_PX4_2__0_1760613959276028200.png
PX4_3	1760613958803	0	0	0.569113	0.707107	0	0	-0.707107	img_PX4_3__0_1760613959335886400.png
PX4_1	1760613958857	0	0	0.569113	1	0	0	0	img_PX4_1__0_1760613959388210600.png
PX4_4	1760613958914	0	0	0.569113	0.707107	0	0	0.707107	img_PX4_4__0_1760613959444325700.png
PX4_2	1760613958974	0	0	0.569113	3.57628e-07	0	0	-1	img_PX4_2__0_1760613959504835300.png
PX4_3	1760613959034	0	0	0.569113	0.707107	0	0	-0.707107	img_PX4_3__0_1760613959566531100.png
PX4_1	1760613959091	0	0	0.569113	1	0	0	0	img_PX4_1__0_1760613959623097700.png
PX4_4	1760613959151	0	0	0.569113	0.707107	0	0	0.707107	img_PX4_4__0_1760613959682819300.png
PX4_2	1760613959211	0	0	0.569113	3.57628e-07	0	0	-1	img_PX4_2__0_1760613959742858600.png
PX4_3	1760613959262	0	0	0.569113	0.707107	0	0	-0.707107	img_PX4_3__0_1760613959795603100.png
PX4_1	1760613959316	0	0	0.569113	1	0	0	0	img_PX4_1__0_1760613959850589300.png
PX4_4	1760613959376	0	0	0.569113	0.707107	0	0	0.707107	img_PX4_4__0_1760613959909738500.png
PX4_2	1760613959439	0	0	0.569113	3.57628e-07	0	0	-1	img_PX4_2__0_1760613959972751400.png
PX4_3	1760613959505	0	0	0.569113	0.707107	0	0	-0.707107	img_PX4_3__0_1760613960037052700.png
PX4_1	1760613959559	0	0	0.569113	1	0	0	0	img_PX4_1__0_1760613960091621000.png
PX4_4	1760613959616	0	0	0.569113	0.707107	0	0	0.707107	img_PX4_4__0_1760613960151288100.png
PX4_2	1760613959676	0	0	0.569113	3.57628e-07	0	0	-1	img_PX4_2__0_1760613960209802100.png
PX4_3	1760613959736	0	0	0.569113	0.707107	0	0	-0.707107	img_PX4_3__0_1760613960271203900.png
PX4_1	1760613959790	0	0	0.569113	1	0	0	0	img_PX4_1__0_1760613960325625800.png
PX4_4	1760613959850	0	0	0.569113	0.707107	0	0	0.707107	img_PX4_4__0_1760613960383550400.png
PX4_2	1760613959907	0	0	0.569113	3.57628e-07	0	0	-1	img_PX4_2__0_1760613960440167400.png
PX4_3	1760613959964	0	0	0.569113	0.707107	0	0	-0.707107	img_PX4_3__0_1760613960499547600.png
PX4_1	1760613960018	0	0	0.569113	1	0	0	0	img_PX4_1__0_1760613960553589200.png
PX4_4	1760613960081	0	0	0.569113	0.707107	0	0	0.707107	img_PX4_4__0_1760613960615935200.png
PX4_2	1760613960144	0	0	0.569113	3.57628e-07	0	0	-1	img_PX4_2__0_1760613960679656900.png
PX4_3	1760613960207	0	0	0.569113	0.707107	0	0	-0.707107	img_PX4_3__0_1760613960742149000.png
PX4_1	1760613960261	0	0	0.569113	1	0	0	0	img_PX4_1__0_1760613960795091800.png
PX4_4	1760613960321	0	0	0.569113	0.707107	0	0	0.707107	img_PX4_4__0_1760613960856023200.png
PX4_2	1760613960384	0	0	0.569113	3.57628e-07	0	0	-1	img_PX4_2__0_1760613960917657800.png
PX4_3	1760613960444	0	0	0.569113	0.707107	0	0	-0.707107	img_PX4_3__0_1760613960980319200.png
PX4_1	1760613960498	0	0	0.569113	1	0	0	0	img_PX4_1__0_1760613961033307700.png
PX4_4	1760613960555	0	0	0.569113	0.707107	0	0	0.707107	img_PX4_4__0_1760613961092075100.png
PX4_2	1760613960618	0	0	0.569113	3.57628e-07	0	0	-1	img_PX4_2__0_1760613961151742000.png
PX4_3	1760613960675	0	0	0.569113	0.707107	0	0	-0.707107	img_PX4_3__0_1760613961211002800.png
PX4_1	1760613960723	0	0	0.569113	1	0	0	0	img_PX4_1__0_1760613961259721800.png
PX4_4	1760613960783	0	0	0.569113	0.707107	0	0	0.707107	img_PX4_4__0_1760613961318138300.png
PX4_2	1760613960846	0	0	0.569113	3.57628e-07	0	0	-1	img_PX4_2__0_1760613961382097400.png
PX4_3	1760613960906	0	0	0.569113	0.707107	0	0	-0.707107	img_PX4_3__0_1760613961441558700.png
PX4_1	1760613960960	0	0	0.569113	1	0	0	0	img_PX4_1__0_1760613961495738100.png
PX4_4	1760613961023	0	0	0.569113	0.707107	0	0	0.707107	img_PX4_4__0_1760613961559152700.png
PX4_2	1760613961080	0	0	0.569113	3.57628e-07	0	0	-1	img_PX4_2__0_1760613961617894000.png
PX4_3	1760613961143	0	0	0.569113	0.707107	0	0	-0.707107	img_PX4_3__0_1760613961680354300.png
PX4_1	1760613961197	0	0	0.569113	1	0	0	0	img_PX4_1__0_1760613961733732000.png
PX4_4	1760613961257	0	0	0.569113	0.707107	0	0	0.707107	img_PX4_4__0_1760613961792828800.png
PX4_2	1760613961317	0	0	0.569113	3.57628e-07	0	0	-1	img_PX4_2__0_1760613961853380400.png
PX4_3	1760613961374	0	0	0.569113	0.707107	0	0	-0.707107	img_PX4_3__0_1760613961911662100.png
PX4_1	1760613961428	0	0	0.569113	1	0	0	0	img_PX4_1__0_1760613961964206100.png
PX4_4	1760613961488	0	0	0.569113	0.707107	0	0	0.707107	img_PX4_4__0_1760613962024117400.png
PX4_2	1760613961551	0	0	0.569113	3.57628e-07	0	0	-1	img_PX4_2__0_1760613962087170900.png
PX4_3	1760613961611	0	0	0.569113	0.707107	0	0	-0.707107	img_PX4_3__0_1760613962147744000.png
PX4_1	1760613961656	0	0	0.569113	1	0	0	0	img_PX4_1__0_1760613962194481500.png
PX4_4	1760613961716	0	0	0.569113	0.707107	0	0	0.707107	img_PX4_4__0_1760613962253931200.png
PX4_2	1760613961779	0	0	0.569113	3.57628e-07	0	0	-1	img_PX4_2__0_1760613962316550000.png
PX4_3	1760613961839	0	0	0.569113	0.707107	0	0	-0.707107	img_PX4_3__0_1760613962377493900.png
PX4_1	1760613961893	0	0	0.569113	1	0	0	0	img_PX4_1__0_1760613962431036300.png
PX4_4	1760613961944	0	0	0.569113	0.707107	0	0	0.707107	img_PX4_4__0_1760613962483662600.png
PX4_2	1760613962007	0	0	0.569113	3.57628e-07	0	0	-1	img_PX4_2__0_1760613962545088500.png
PX4_3	1760613962067	0	0	0.569113	0.707107	0	0	-0.707107	img_PX4_3__0_1760613962605554000.png
PX4_1	1760613962122	0	0	0.569113	1	0	0	0	img_PX4_1__0_1760613962659129800.png
PX4_4	1760613962179	0	0	0.569113	0.707107	0	0	0.707107	img_PX4_4__0_1760613962717504700.png
PX4_2	1760613962239	0	0	0.569113	3.57628e-07	0	0	-1	img_PX4_2__0_1760613962776553900.png
PX4_3	1760613962296	0	0	0.569113	0.707107	0	0	-0.707107	img_PX4_3__0_1760613962833294600.png
PX4_1	1760613962350	0	0	0.569113	1	0	0	0	img_PX4_1__0_1760613962887105200.png
PX4_4	1760613962407	0	0	0.569113	0.707107	0	0	0.707107	img_PX4_4__0_1760613962944720300.png
PX4_2	1760613962467	0	0	0.569113	3.57628e-07	0	0	-1	img_PX4_2__0_1760613963006374100.png
PX4_3	1760613962533	0	0	0.569113	0.707107	0	0	-0.707107	img_PX4_3__0_1760613963072146700.png
PX4_1	1760613962590	0	0	0.569113	1	0	0	0	img_PX4_1__0_1760613963129545300.png
PX4_4	1760613962653	0	0	0.569113	0.707107	0	0	0.707107	img_PX4_4__0_1760613963191063000.png
PX4_2	1760613962716	0	0	0.569113	3.57628e-07	0	0	-1	img_PX4_2__0_1760613963252993300.png
PX4_3	1760613962773	0	0	0.569113	0.707107	0	0	-0.707107	img_PX4_3__0_1760613963313042900.png
PX4_1	1760613962827	0	0	0.569113	1	0	0	0	img_PX4_1__0_1760613963367425800.png
PX4_4	1760613962887	0	0	0.569113	0.707107	0	0	0.707107	img_PX4_4__0_1760613963425534800.png
PX4_2	1760613962932	0	0	0.569113	3.57628e-07	0	0	-1	img_PX4_2__0_1760613963470304700.png
PX4_3	1760613962992	0	0	0.569113	0.707107	0	0	-0.707107	img_PX4_3__0_1760613963532375500.png
PX4_1	1760613963043	0	0	0.569113	1	0	0	0	img_PX4_1__0_1760613963581450000.png
PX4_4	1760613963094	0	0	0.569113	0.707107	0	0	0.707107	img_PX4_4__0_1760613963635007000.png
PX4_2	1760613963154	0	0	0.569113	3.57628e-07	0	0	-1	img_PX4_2__0_1760613963693114700.png
PX4_3	1760613963211	0	0	0.569113	0.707107	0	0	-0.707107	img_PX4_3__0_1760613963750465800.png
PX4_1	1760613963265	0	0	0.569113	1	0	0	0	img_PX4_1__0_1760613963803447700.png
PX4_4	1760613963322	0	0	0.569113	0.707107	0	0	0.707107	img_PX4_4__0_1760613963860790900.png
PX4_2	1760613963382	0	0	0.569113	3.57628e-07	0	0	-1	img_PX4_2__0_1760613963923152800.png
PX4_3	1760613963442	0	0	0.569113	0.707107	0	0	-0.707107	img_PX4_3__0_1760613963981732200.png
PX4_1	1760613963499	0	0	0.569113	1	0	0	0	img_PX4_1__0_1760613964038900900.png
PX4_4	1760613963556	0	0	0.569113	0.707107	0	0	0.707107	img_PX4_4__0_1760613964096059500.png
PX4_2	1760613963619	0	0	0.569113	3.57628e-07	0	0	-1	img_PX4_2__0_1760613964160088700.png
PX4_3	1760613963673	0	0	0.569113	0.707107	0	0	-0.707107	img_PX4_3__0_1760613964215675000.png
PX4_1	1760613963724	0	0	0.569113	1	0	0	0	img_PX4_1__0_1760613964266550100.png
PX4_4	1760613963784	0	0	0.569113	0.707107	0	0	0.707107	img_PX4_4__0_1760613964326734500.png
PX4_2	1760613963844	0	0	0.569113	3.57628e-07	0	0	-1	img_PX4_2__0_1760613964385360600.png
PX4_3	1760613963901	0	0	0.569113	0.707107	0	0	-0.707107	img_PX4_3__0_1760613964441057100.png
PX4_1	1760613963952	0	0	0.569113	1	0	0	0	img_PX4_1__0_1760613964494448400.png
PX4_4	1760613964012	0	0	0.569113	0.707107	0	0	0.707107	img_PX4_4__0_1760613964552830400.png
PX4_2	1760613964075	0	0	0.569113	3.57628e-07	0	0	-1	img_PX4_2__0_1760613964615528700.png
PX4_3	1760613964129	0	0	0.569113	0.707107	0	0	-0.707107	img_PX4_3__0_1760613964671455300.png
PX4_1	1760613964180	0	0	0.569113	1	0	0	0	img_PX4_1__0_1760613964720503800.png
PX4_4	1760613964237	0	0	0.569113	0.707107	0	0	0.707107	img_PX4_4__0_1760613964779573400.png
PX4_2	1760613964300	0	0	0.569113	3.57628e-07	0	0	-1	img_PX4_2__0_1760613964840761500.png
PX4_3	1760613964360	0	0	0.569113	0.707107	0	0	-0.707107	img_PX4_3__0_1760613964901071000.png
PX4_1	1760613964408	0	0	0.569113	1	0	0	0	img_PX4_1__0_1760613964951213100.png
PX4_4	1760613964462	0	0	0.569113	0.707107	0	0	0.707107	img_PX4_4__0_1760613965005961100.png
PX4_2	1760613964528	0	0	0.569113	3.57628e-07	0	0	-1	img_PX4_2__0_1760613965071711000.png
PX4_3	1760613964591	0	0	0.569113	0.707107	0	0	-0.707107	img_PX4_3__0_1760613965133635500.png
PX4_1	1760613964648	0	0	0.569113	1	0	0	0	img_PX4_1__0_1760613965189619400.png
PX4_4	1760613964705	0	0	0.569113	0.707107	0	0	0.707107	img_PX4_4__0_1760613965249121700.png
PX4_2	1760613964765	0	0	0.569113	3.57628e-07	0	0	-1	img_PX4_2__0_1760613965308495000.png
PX4_3	1760613964822	0	0	0.569113	0.707107	0	0	-0.707107	img_PX4_3__0_1760613965364734800.png
PX4_1	1760613964876	0	0	0.569113	1	0	0	0	img_PX4_1__0_1760613965419611900.png
PX4_4	1760613964939	0	0	0.569113	0.707107	0	0	0.707107	img_PX4_4__0_1760613965482255100.png
PX4_2	1760613965005	0	0	0.569113	3.57628e-07	0	0	-1	img_PX4_2__0_1760613965547185100.png
PX4_3	1760613965068	0	0	0.569113	0.707107	0	0	-0.707107	img_PX4_3__0_1760613965610776600.png
PX4_1	1760613965125	0	0	0.569113	1	0	0	0	img_PX4_1__0_1760613965667311600.png
PX4_4	1760613965182	0	0	0.569113	0.707107	0	0	0.707107	img_PX4_4__0_1760613965725247100.png
PX4_2	1760613965242	0	0	0.569113	3.57628e-07	0	0	-1	img_PX4_2__0_1760613965784426600.png
PX4_3	1760613965302	0	0	0.569113	0.707107	0	0	-0.707107	img_PX4_3__0_1760613965846496300.png
PX4_1	1760613965356	0	0	0.569113	1	0	0	0	img_PX4_1__0_1760613965900505800.png
PX4_4	1760613965419	0	0	0.569113	0.707107	0	0	0.707107	img_PX4_4__0_1760613965962122500.png
PX4_2	1760613965488	0	0	0.569113	3.57628e-07	0	0	-1	img_PX4_2__0_1760613966031330500.png
PX4_3	1760613965557	0	0	0.569113	0.707107	0	0	-0.707107	img_PX4_3__0_1760613966099820600.png
PX4_1	1760613965611	0	0	0.569113	1	0	0	0	img_PX4_1__0_1760613966154653900.png
PX4_4	1760613965668	0	0	0.569113	0.707107	0	0	0.707107	img_PX4_4__0_1760613966213954800.png
PX4_2	1760613965728	0	0	0.569113	3.57628e-07	0	0	-1	img_PX4_2__0_1760613966273524400.png
PX4_3	1760613965785	0	0	0.569113	0.707107	0	0	-0.707107	img_PX4_3__0_1760613966330328100.png
PX4_1	1760613965836	0	0	0.569113	1	0	0	0	img_PX4_1__0_1760613966382580100.png
PX4_4	1760613965896	0	0	0.569113	0.707107	0	0	0.707107	img_PX4_4__0_1760613966442355100.png
PX4_2	1760613965956	0	0	0.569113	3.57628e-07	0	0	-1	img_PX4_2__0_1760613966502709300.png
PX4_3	1760613966016	0	0	0.569113	0.707107	0	0	-0.707107	img_PX4_3__0_1760613966560838400.png
PX4_1	1760613966070	0	0	0.569113	1	0	0	0	img_PX4_1__0_1760613966614730300.png
PX4_4	1760613966130	0	0	0.569113	0.707107	0	0	0.707107	img_PX4_4__0_1760613966675638000.png
PX4_2	1760613966190	0	0	0.569113	3.57628e-07	0	0	-1	img_PX4_2__0_1760613966736536500.png
PX4_3	1760613966250	0	0	0.569113	0.707107	0	0	-0.707107	img_PX4_3__0_1760613966795572000.png
PX4_1	1760613966310	0	0	0.569113	1	0	0	0	img_PX4_1__0_1760613966854612300.png
PX4_4	1760613966370	0	0	0.569113	0.707107	0	0	0.707107	img_PX4_4__0_1760613966916590600.png
PX4_2	1760613966418	0	0	0.569113	3.57628e-07	0	0	-1	img_PX4_2__0_1760613966962871100.png
PX4_3	1760613966472	0	0	0.569113	0.707107	0	0	-0.707107	img_PX4_3__0_1760613967018519400.png
PX4_1	1760613966529	0	0	0.569113	1	0	0	0	img_PX4_1__0_1760613967074793000.png
PX4_4	1760613966595	0	0	0.569113	0.707107	0	0	0.707107	img_PX4_4__0_1760613967141068500.png
PX4_2	1760613966664	0	0	0.569113	3.57628e-07	0	0	-1	img_PX4_2__0_1760613967210105100.png
PX4_3	1760613966733	0	0	0.569113	0.707107	0	0	-0.707107	img_PX4_3__0_1760613967280997500.png
PX4_1	1760613966799	0	0	0.569113	1	0	0	0	img_PX4_1__0_1760613967345804800.png
PX4_4	1760613966859	0	0	0.569113	0.707107	0	0	0.707107	img_PX4_4__0_1760613967408656500.png
PX4_2	1760613966925	0	0	0.569113	3.57628e-07	0	0	-1	img_PX4_2__0_1760613967474853500.png
PX4_3	1760613966994	0	0	0.569113	0.707107	0	0	-0.707107	img_PX4_3__0_1760613967540567900.png
PX4_1	1760613967048	0	0	0.569113	1	0	0	0	img_PX4_1__0_1760613967595776200.png
PX4_4	1760613967108	0	0	0.569113	0.707107	0	0	0.707107	img_PX4_4__0_1760613967658383500.png
PX4_2	1760613967177	0	0	0.569113	3.57628e-07	0	0	-1	img_PX4_2__0_1760613967726256500.png
PX4_3	1760613967243	0	0	0.569113	0.707107	0	0	-0.707107	img_PX4_3__0_1760613967792804300.png
PX4_1	1760613967303	0	0	0.569113	1	0	0	0	img_PX4_1__0_1760613967852438900.png
PX4_4	1760613967366	0	0	0.569113	0.707107	0	0	0.707107	img_PX4_4__0_1760613967917559500.png
PX4_2	1760613967432	0	0	0.569113	3.57628e-07	0	0	-1	img_PX4_2__0_1760613967983538700.png
PX4_3	1760613967498	0	0	0.569113	0.707107	0	0	-0.707107	img_PX4_3__0_1760613968047418500.png
PX4_1	1760613967555	0	0	0.569113	1	0	0	0	img_PX4_1__0_1760613968104822600.png
PX4_4	1760613967615	0	0	0.569113	0.707107	0	0	0.707107	img_PX4_4__0_1760613968166727600.png
PX4_2	1760613967675	0	0	0.569113	3.57628e-07	0	0	-1	img_PX4_2__0_1760613968227666500.png
PX4_3	1760613967735	0	0	0.569113	0.707107	0	0	-0.707107	img_PX4_3__0_1760613968284485900.png
PX4_1	1760613967780	0	0	0.569113	1	0	0	0	img_PX4_1__0_1760613968332885300.png
PX4_4	1760613967843	0	0	0.569113	0.707107	0	0	0.707107	img_PX4_4__0_1760613968395096400.png
PX4_2	1760613967906	0	0	0.569113	3.57628e-07	0	0	-1	img_PX4_2__0_1760613968458178100.png
PX4_3	1760613967966	0	0	0.569113	0.707107	0	0	-0.707107	img_PX4_3__0_1760613968517435800.png
PX4_1	1760613968020	0	0	0.569113	1	0	0	0	img_PX4_1__0_1760613968570676800.png
PX4_4	1760613968080	0	0	0.569113	0.707107	0	0	0.707107	img_PX4_4__0_1760613968631548600.png
PX4_2	1760613968137	0	0	0.569113	3.57628e-07	0	0	-1	img_PX4_2__0_1760613968689354400.png
PX4_3	1760613968197	0	0	0.569113	0.707107	0	0	-0.707107	img_PX4_3__0_1760613968747981000.png
PX4_1	1760613968251	0	0	0.569113	1	0	0	0	img_PX4_1__0_1760613968803955200.png
PX4_4	1760613968311	0	0	0.569113	0.707107	0	0	0.707107	img_PX4_4__0_1760613968864299700.png
PX4_2	1760613968374	0	0	0.569113	3.57628e-07	0	0	-1	img_PX4_2__0_1760613968926632700.png
PX4_3	1760613968431	0	0	0.569113	0.707107	0	0	-0.707107	img_PX4_3__0_1760613968984305800.png
PX4_1	1760613968485	0	0	0.569113	1	0	0	0	img_PX4_1__0_1760613969039153400.png
PX4_4	1760613968551	0	0	0.569113	0.707107	0	0	0.707107	img_PX4_4__0_1760613969102036600.png
PX4_2	1760613968608	0	0	0.569113	3.57628e-07	0	0	-1	img_PX4_2__0_1760613969162684600.png
PX4_3	1760613968653	0	0	0.569113	0.707107	0	0	-0.707107	img_PX4_3__0_1760613969207202200.png
PX4_1	1760613968701	0	0	0.569113	1	0	0	0	img_PX4_1__0_1760613969254422600.png
PX4_4	1760613968755	0	0	0.569113	0.707107	0	0	0.707107	img_PX4_4__0_1760613969308421800.png
PX4_2	1760613968815	0	0	0.569113	3.57628e-07	0	0	-1	img_PX4_2__0_1760613969369078600.png
PX4_3	1760613968872	0	0	0.569113	0.707107	0	0	-0.707107	img_PX4_3__0_1760613969426200000.png
PX4_1	1760613968926	0	0	0.569113	1	0	0	0	img_PX4_1__0_1760613969479240600.png
PX4_4	1760613968983	0	0	0.569113	0.707107	0	0	0.707107	img_PX4_4__0_1760613969537635000.png
PX4_2	1760613969028	0	0	0.569113	3.57628e-07	0	0	-1	img_PX4_2__0_1760613969582794400.png
PX4_3	1760613969064	0	0	0.569113	0.707107	0	0	-0.707107	img_PX4_3__0_1760613969617926900.png
PX4_1	1760613969118	0	0	0.569113	1	0	0	0	img_PX4_1__0_1760613969673547800.png
PX4_4	1760613969178	0	0	0.569113	0.707107	0	0	0.707107	img_PX4_4__0_1760613969732800800.png
PX4_2	1760613969241	0	0	0.569113	3.57628e-07	0	0	-1	img_PX4_2__0_1760613969797092400.png
PX4_3	1760613969304	0	0	0.569113	0.707107	0	0	-0.707107	img_PX4_3__0_1760613969860864200.png
PX4_1	1760613969358	0	0	0.569113	1	0	0	0	img_PX4_1__0_1760613969913990200.png
PX4_4	1760613969421	0	0	0.569113	0.707107	0	0	0.707107	img_PX4_4__0_1760613969975056500.png
PX4_2	1760613969487	0	0	0.569113	3.57628e-07	0	0	-1	img_PX4_2__0_1760613970041224900.png
PX4_3	1760613969547	0	0	0.569113	0.707107	0	0	-0.707107	img_PX4_3__0_1760613970101758400.png
PX4_1	1760613969601	0	0	0.569113	1	0	0	0	img_PX4_1__0_1760613970156114000.png
PX4_4	1760613969661	0	0	0.569113	0.707107	0	0	0.707107	img_PX4_4__0_1760613970216679000.png
PX4_2	1760613969724	0	0	0.569113	3.57628e-07	0	0	-1	img_PX4_2__0_1760613970279829100.png
PX4_3	1760613969790	0	0	0.569113	0.707107	0	0	-0.707107	img_PX4_3__0_1760613970346129900.png
PX4_1	1760613969847	0	0	0.569113	1	0	0	0	img_PX4_1__0_1760613970405538800.png
PX4_4	1760613969916	0	0	0.569113	0.707107	0	0	0.707107	img_PX4_4__0_1760613970472109600.png
PX4_2	1760613969976	0	0	0.569113	3.57628e-07	0	0	-1	img_PX4_2__0_1760613970532474900.png
PX4_3	1760613970036	0	0	0.569113	0.707107	0	0	-0.707107	img_PX4_3__0_1760613970593337200.png
PX4_1	1760613970084	0	0	0.569113	1	0	0	0	img_PX4_1__0_1760613970642039200.png
PX4_4	1760613970144	0	0	0.569113	0.707107	0	0	0.707107	img_PX4_4__0_1760613970702159000.png
PX4_2	1760613970207	0	0	0.569113	3.57628e-07	0	0	-1	img_PX4_2__0_1760613970764498000.png
PX4_3	1760613970267	0	0	0.569113	0.707107	0	0	-0.707107	img_PX4_3__0_1760613970825493200.png
PX4_1	1760613970321	0	0	0.569113	1	0	0	0	img_PX4_1__0_1760613970879202800.png
PX4_4	1760613970381	0	0	0.569113	0.707107	0	0	0.707107	img_PX4_4__0_1760613970938995100.png
PX4_2	1760613970441	0	0	0.569113	3.57628e-07	0	0	-1	img_PX4_2__0_1760613970999025400.png
PX4_3	1760613970501	0	0	0.569113	0.707107	0	0	-0.707107	img_PX4_3__0_1760613971060744600.png
PX4_1	1760613970558	0	0	0.569113	1	0	0	0	img_PX4_1__0_1760613971116158600.png
PX4_4	1760613970618	0	0	0.569113	0.707107	0	0	0.707107	img_PX4_4__0_1760613971176880800.png
PX4_2	1760613970678	0	0	0.569113	3.57628e-07	0	0	-1	img_PX4_2__0_1760613971238032300.png
PX4_3	1760613970741	0	0	0.569113	0.707107	0	0	-0.707107	img_PX4_3__0_1760613971301033900.png
PX4_1	1760613970792	0	0	0.569113	1	0	0	0	img_PX4_1__0_1760613971349722100.png
PX4_4	1760613970849	0	0	0.569113	0.707107	0	0	0.707107	img_PX4_4__0_1760613971408607000.png
PX4_2	1760613970912	0	0	0.569113	3.57628e-07	0	0	-1	img_PX4_2__0_1760613971470991000.png
PX4_3	1760613970972	0	0	0.569113	0.707107	0	0	-0.707107	img_PX4_3__0_1760613971532798200.png
PX4_1	1760613971026	0	0	0.569113	1	0	0	0	img_PX4_1__0_1760613971586582800.png
PX4_4	1760613971089	0	0	0.569113	0.707107	0	0	0.707107	img_PX4_4__0_1760613971648451700.png
PX4_2	1760613971149	0	0	0.569113	3.57628e-07	0	0	-1	img_PX4_2__0_1760613971710046800.png
PX4_3	1760613971209	0	0	0.569113	0.707107	0	0	-0.707107	img_PX4_3__0_1760613971770258700.png
PX4_1	1760613971263	0	0	0.569113	1	0	0	0	img_PX4_1__0_1760613971822576800.png
PX4_4	1760613971323	0	0	0.569113	0.707107	0	0	0.707107	img_PX4_4__0_1760613971885421600.png
PX4_2	1760613971386	0	0	0.569113	3.57628e-07	0	0	-1	img_PX4_2__0_1760613971948757700.png
PX4_3	1760613971449	0	0	0.569113	0.707107	0	0	-0.707107	img_PX4_3__0_1760613972010955100.png
PX4_1	1760613971503	0	0	0.569113	1	0	0	0	img_PX4_1__0_1760613972064245800.png
PX4_4	1760613971560	0	0	0.569113	0.707107	0	0	0.707107	img_PX4_4__0_1760613972121253800.png
PX4_2	1760613971632	0	0	0.569113	3.57628e-07	0	0	-1	img_PX4_2__0_1760613972195170000.png
PX4_3	1760613971698	0	0	0.569113	0.707107	0	0	-0.707107	img_PX4_3__0_1760613972259733600.png
PX4_1	1760613971749	0	0	0.569113	1	0	0	0	img_PX4_1__0_1760613972310846400.png
PX4_4	1760613971806	0	0	0.569113	0.707107	0	0	0.707107	img_PX4_4__0_1760613972367937900.png
PX4_2	1760613971866	0	0	0.569113	3.57628e-07	0	0	-1	img_PX4_2__0_1760613972430129300.png
PX4_3	1760613971929	0	0	0.569113	0.707107	0	0	-0.707107	img_PX4_3__0_1760613972492558300.png
PX4_1	1760613971986	0	0	0.569113	1	0	0	0	img_PX4_1__0_1760613972549079400.png
PX4_4	1760613972049	0	0	0.569113	0.707107	0	0	0.707107	img_PX4_4__0_1760613972613530300.png
PX4_2	1760613972115	0	0	0.569113	3.57628e-07	0	0	-1	img_PX4_2__0_1760613972678298300.png
PX4_3	1760613972178	0	0	0.569113	0.707107	0	0	-0.707107	img_PX4_3__0_1760613972740953500.png
PX4_1	1760613972229	0	0	0.569113	1	0	0	0	img_PX4_1__0_1760613972793552800.png
PX4_4	1760613972289	0	0	0.569113	0.707107	0	0	0.707107	img_PX4_4__0_1760613972853277100.png
PX4_2	1760613972352	0	0	0.569113	3.57628e-07	0	0	-1	img_PX4_2__0_1760613972914532500.png
PX4_3	1760613972412	0	0	0.569113	0.707107	0	0	-0.707107	img_PX4_3__0_1760613972975409100.png
PX4_1	1760613972466	0	0	0.569113	1	0	0	0	img_PX4_1__0_1760613973029531600.png
PX4_4	1760613972529	0	0	0.569113	0.707107	0	0	0.707107	img_PX4_4__0_1760613973092899100.png
PX4_2	1760613972592	0	0	0.569113	3.57628e-07	0	0	-1	img_PX4_2__0_1760613973157682100.png
PX4_3	1760613972655	0	0	0.569113	0.707107	0	0	-0.707107	img_PX4_3__0_1760613973219757900.png
PX4_1	1760613972709	0	0	0.569113	1	0	0	0	img_PX4_1__0_1760613973272914400.png
PX4_4	1760613972763	0	0	0.569113	0.707107	0	0	0.707107	img_PX4_4__0_1760613973329330700.png
PX4_2	1760613972826	0	0	0.569113	3.57628e-07	0	0	-1	img_PX4_2__0_1760613973389556600.png
PX4_3	1760613972886	0	0	0.569113	0.707107	0	0	-0.707107	img_PX4_3__0_1760613973449864700.png
PX4_1	1760613972937	0	0	0.569113	1	0	0	0	img_PX4_1__0_1760613973502653600.png
PX4_4	1760613972997	0	0	0.569113	0.707107	0	0	0.707107	img_PX4_4__0_1760613973562993800.png
PX4_2	1760613973054	0	0	0.569113	3.57628e-07	0	0	-1	img_PX4_2__0_1760613973619422700.png
PX4_3	1760613973111	0	0	0.569113	0.707107	0	0	-0.707107	img_PX4_3__0_1760613973678045800.png
PX4_1	1760613973165	0	0	0.569113	1	0	0	0	img_PX4_1__0_1760613973730084600.png
PX4_4	1760613973222	0	0	0.569113	0.707107	0	0	0.707107	img_PX4_4__0_1760613973789013200.png
PX4_2	1760613973285	0	0	0.569113	3.57628e-07	0	0	-1	img_PX4_2__0_1760613973851767800.png
PX4_3	1760613973339	0	0	0.569113	0.707107	0	0	-0.707107	img_PX4_3__0_1760613973906218700.png
PX4_1	1760613973393	0	0	0.569113	1	0	0	0	img_PX4_1__0_1760613973960599900.png
PX4_4	1760613973453	0	0	0.569113	0.707107	0	0	0.707107	img_PX4_4__0_1760613974021030400.png
PX4_2	1760613973522	0	0	0.569113	3.57628e-07	0	0	-1	img_PX4_2__0_1760613974089205000.png
PX4_3	1760613973585	0	0	0.569113	0.707107	0	0	-0.707107	img_PX4_3__0_1760613974151086300.png
PX4_1	1760613973639	0	0	0.569113	1	0	0	0	img_PX4_1__0_1760613974206283900.png
PX4_4	1760613973702	0	0	0.569113	0.707107	0	0	0.707107	img_PX4_4__0_1760613974268932700.png
PX4_2	1760613973765	0	0	0.569113	3.57628e-07	0	0	-1	img_PX4_2__0_1760613974331762200.png
PX4_3	1760613973825	0	0	0.569113	0.707107	0	0	-0.707107	img_PX4_3__0_1760613974390372000.png
PX4_1	1760613973879	0	0	0.569113	1	0	0	0	img_PX4_1__0_1760613974445188500.png
PX4_4	1760613973942	0	0	0.569113	0.707107	0	0	0.707107	img_PX4_4__0_1760613974507832200.png
PX4_2	1760613974005	0	0	0.569113	3.57628e-07	0	0	-1	img_PX4_2__0_1760613974571582000.png
PX4_3	1760613974068	0	0	0.569113	0.707107	0	0	-0.707107	img_PX4_3__0_1760613974634741400.png
PX4_1	1760613974119	0	0	0.569113	1	0	0	0	img_PX4_1__0_1760613974685363600.png
PX4_4	1760613974176	0	0	0.569113	0.707107	0	0	0.707107	img_PX4_4__0_1760613974743450900.png
PX4_2	1760613974239	0	0	0.569113	3.57628e-07	0	0	-1	img_PX4_2__0_1760613974805225700.png
PX4_3	1760613974305	0	0	0.569113	0.707107	0	0	-0.707107	img_PX4_3__0_1760613974871571200.png
PX4_1	1760613974359	0	0	0.569113	1	0	0	0	img_PX4_1__0_1760613974926653400.png
PX4_4	1760613974422	0	0	0.569113	0.707107	0	0	0.707107	img_PX4_4__0_1760613974989301300.png
PX4_2	1760613974488	0	0	0.569113	3.57628e-07	0	0	-1	img_PX4_2__0_1760613975054523800.png
PX4_3	1760613974551	0	0	0.569113	0.707107	0	0	-0.707107	img_PX4_3__0_1760613975119524400.png
PX4_1	1760613974608	0	0	0.569113	1	0	0	0	img_PX4_1__0_1760613975176997000.png
PX4_4	1760613974671	0	0	0.569113	0.707107	0	0	0.707107	img_PX4_4__0_1760613975238387700.png
PX4_2	1760613974731	0	0	0.569113	3.57628e-07	0	0	-1	img_PX4_2__0_1760613975300584700.png
PX4_3	1760613974791	0	0	0.569113	0.707107	0	0	-0.707107	img_PX4_3__0_1760613975360319400.png
PX4_1	1760613974842	0	0	0.569113	1	0	0	0	img_PX4_1__0_1760613975412434500.png
PX4_4	1760613974905	0	0	0.569113	0.707107	0	0	0.707107	img_PX4_4__0_1760613975475040300.png
PX4_2	1760613974968	0	0	0.569113	3.57628e-07	0	0	-1	img_PX4_2__0_1760613975536902600.png
PX4_3	1760613975028	0	0	0.569113	0.707107	0	0	-0.707107	img_PX4_3__0_1760613975597362100.png
PX4_1	1760613975082	0	0	0.569113	1	0	0	0	img_PX4_1__0_1760613975651927600.png
PX4_4	1760613975142	0	0	0.569113	0.707107	0	0	0.707107	img_PX4_4__0_1760613975712974500.png
PX4_2	1760613975208	0	0	0.569113	3.57628e-07	0	0	-1	img_PX4_2__0_1760613975777297200.png
PX4_3	1760613975265	0	0	0.569113	0.707107	0	0	-0.707107	img_PX4_3__0_1760613975835904800.png
PX4_1	1760613975319	0	0	0.569113	1	0	0	0	img_PX4_1__0_1760613975889928900.png
PX4_4	1760613975382	0	0	0.569113	0.707107	0	0	0.707107	img_PX4_4__0_1760613975953162800.png
PX4_2	1760613975442	0	0	0.569113	3.57628e-07	0	0	-1	img_PX4_2__0_1760613976014407600.png
PX4_3	1760613975508	0	0	0.569113	0.707107	0	0	-0.707107	img_PX4_3__0_1760613976078382600.png
PX4_1	1760613975562	0	0	0.569113	1	0	0	0	img_PX4_1__0_1760613976133683100.png
PX4_4	1760613975625	0	0	0.569113	0.707107	0	0	0.707107	img_PX4_4__0_1760613976197183200.png
PX4_2	1760613975685	0	0	0.569113	3.57628e-07	0	0	-1	img_PX4_2__0_1760613976257666500.png
PX4_3	1760613975745	0	0	0.569113	0.707107	0	0	-0.707107	img_PX4_3__0_1760613976315762100.png
PX4_1	1760613975796	0	0	0.569113	1	0	0	0	img_PX4_1__0_1760613976366509300.png
PX4_4	1760613975856	0	0	0.569113	0.707107	0	0	0.707107	img_PX4_4__0_1760613976426985900.png
PX4_2	1760613975916	0	0	0.569113	3.57628e-07	0	0	-1	img_PX4_2__0_1760613976488088000.png
PX4_3	1760613975976	0	0	0.569113	0.707107	0	0	-0.707107	img_PX4_3__0_1760613976549604800.png
PX4_1	1760613976027	0	0	0.569113	1	0	0	0	img_PX4_1__0_1760613976599775300.png
PX4_4	1760613976084	0	0	0.569113	0.707107	0	0	0.707107	img_PX4_4__0_1760613976656535000.png
PX4_2	1760613976147	0	0	0.569113	3.57628e-07	0	0	-1	img_PX4_2__0_1760613976720068900.png
PX4_3	1760613976207	0	0	0.569113	0.707107	0	0	-0.707107	img_PX4_3__0_1760613976779968600.png
PX4_1	1760613976261	0	0	0.569113	1	0	0	0	img_PX4_1__0_1760613976833292500.png
PX4_4	1760613976321	0	0	0.569113	0.707107	0	0	0.707107	img_PX4_4__0_1760613976892713200.png
PX4_2	1760613976387	0	0	0.569113	3.57628e-07	0	0	-1	img_PX4_2__0_1760613976959674200.png
PX4_3	1760613976450	0	0	0.569113	0.707107	0	0	-0.707107	img_PX4_3__0_1760613977022469600.png
PX4_1	1760613976504	0	0	0.569113	1	0	0	0	img_PX4_1__0_1760613977078026200.png
PX4_4	1760613976567	0	0	0.569113	0.707107	0	0	0.707107	img_PX4_4__0_1760613977140915700.png
PX4_2	1760613976630	0	0	0.569113	3.57628e-07	0	0	-1	img_PX4_2__0_1760613977202450000.png
PX4_3	1760613976690	0	0	0.569113	0.707107	0	0	-0.707107	img_PX4_3__0_1760613977264200800.png
PX4_1	1760613976747	0	0	0.569113	1	0	0	0	img_PX4_1__0_1760613977321319200.png
PX4_4	1760613976810	0	0	0.569113	0.707107	0	0	0.707107	img_PX4_4__0_1760613977383334000.png
PX4_2	1760613976876	0	0	0.569113	3.57628e-07	0	0	-1	img_PX4_2__0_1760613977448506100.png
PX4_3	1760613976939	0	0	0.569113	0.707107	0	0	-0.707107	img_PX4_3__0_1760613977513707100.png
PX4_1	1760613976996	0	0	0.569113	1	0	0	0	img_PX4_1__0_1760613977568683300.png
PX4_4	1760613977050	0	0	0.569113	0.707107	0	0	0.707107	img_PX4_4__0_1760613977622795000.png
PX4_2	1760613977107	0	0	0.569113	3.57628e-07	0	0	-1	img_PX4_2__0_1760613977680734000.png
PX4_3	1760613977164	0	0	0.569113	0.707107	0	0	-0.707107	img_PX4_3__0_1760613977739284400.png
PX4_1	1760613977218	0	0	0.569113	1	0	0	0	img_PX4_1__0_1760613977791807800.png
PX4_4	1760613977275	0	0	0.569113	0.707107	0	0	0.707107	img_PX4_4__0_1760613977846951700.png
PX4_2	1760613977329	0	0	0.569113	3.57628e-07	0	0	-1	img_PX4_2__0_1760613977904686700.png
PX4_3	1760613977395	0	0	0.569113	0.707107	0	0	-0.707107	img_PX4_3__0_1760613977969998200.png
PX4_1	1760613977449	0	0	0.569113	1	0	0	0	img_PX4_1__0_1760613978024708700.png
PX4_4	1760613977509	0	0	0.569113	0.707107	0	0	0.707107	img_PX4_4__0_1760613978084242200.png
PX4_2	1760613977569	0	0	0.569113	3.57628e-07	0	0	-1	img_PX4_2__0_1760613978143375700.png
PX4_3	1760613977623	0	0	0.569113	0.707107	0	0	-0.707107	img_PX4_3__0_1760613978198848100.png
PX4_1	1760613977677	0	0	0.569113	1	0	0	0	img_PX4_1__0_1760613978251432900.png
PX4_4	1760613977737	0	0	0.569113	0.707107	0	0	0.707107	img_PX4_4__0_1760613978312137800.png
PX4_2	1760613977794	0	0	0.569113	3.57628e-07	0	0	-1	img_PX4_2__0_1760613978370122600.png
PX4_3	1760613977836	0	0	0.569113	0.707107	0	0	-0.707107	img_PX4_3__0_1760613978410814700.png
PX4_1	1760613977881	0	0	0.569113	1	0	0	0	img_PX4_1__0_1760613978455949000.png
PX4_4	1760613977935	0	0	0.569113	0.707107	0	0	0.707107	img_PX4_4__0_1760613978511793700.png
PX4_2	1760613977989	0	0	0.569113	3.57628e-07	0	0	-1	img_PX4_2__0_1760613978566227100.png
PX4_3	1760613978049	0	0	0.569113	0.707107	0	0	-0.707107	img_PX4_3__0_1760613978625371500.png
PX4_1	1760613978100	0	0	0.569113	1	0	0	0	img_PX4_1__0_1760613978677289200.png
PX4_4	1760613978160	0	0	0.569113	0.707107	0	0	0.707107	img_PX4_4__0_1760613978735607300.png
PX4_2	1760613978220	0	0	0.569113	3.57628e-07	0	0	-1	img_PX4_2__0_1760613978795600700.png
PX4_3	1760613978280	0	0	0.569113	0.707107	0	0	-0.707107	img_PX4_3__0_1760613978857477100.png
PX4_1	1760613978337	0	0	0.569113	1	0	0	0	img_PX4_1__0_1760613978913454100.png
PX4_4	1760613978397	0	0	0.569113	0.707107	0	0	0.707107	img_PX4_4__0_1760613978974072000.png
PX4_2	1760613978454	0	0	0.569113	3.57628e-07	0	0	-1	img_PX4_2__0_1760613979032042900.png
PX4_3	1760613978514	0	0	0.569113	0.707107	0	0	-0.707107	img_PX4_3__0_1760613979091446300.png
PX4_1	1760613978568	0	0	0.569113	1	0	0	0	img_PX4_1__0_1760613979144394300.png
PX4_4	1760613978628	0	0	0.569113	0.707107	0	0	0.707107	img_PX4_4__0_1760613979206660200.png
PX4_2	1760613978694	0	0	0.569113	3.57628e-07	0	0	-1	img_PX4_2__0_1760613979270162400.png
PX4_3	1760613978754	0	0	0.569113	0.707107	0	0	-0.707107	img_PX4_3__0_1760613979332011700.png
PX4_1	1760613978811	0	0	0.569113	1	0	0	0	img_PX4_1__0_1760613979389496900.png
PX4_4	1760613978871	0	0	0.569113	0.707107	0	0	0.707107	img_PX4_4__0_1760613979448080000.png
PX4_2	1760613978931	0	0	0.569113	3.57628e-07	0	0	-1	img_PX4_2__0_1760613979508417500.png
PX4_3	1760613978991	0	0	0.569113	0.707107	0	0	-0.707107	img_PX4_3__0_1760613979567699100.png
PX4_1	1760613979045	0	0	0.569113	1	0	0	0	img_PX4_1__0_1760613979623577400.png
PX4_4	1760613979105	0	0	0.569113	0.707107	0	0	0.707107	img_PX4_4__0_1760613979683513200.png
PX4_2	1760613979165	0	0	0.569113	3.57628e-07	0	0	-1	img_PX4_2__0_1760613979744311900.png
PX4_3	1760613979222	0	0	0.569113	0.707107	0	0	-0.707107	img_PX4_3__0_1760613979800673300.png
PX4_1	1760613979264	0	0	0.569113	1	0	0	0	img_PX4_1__0_1760613979842550700.png
PX4_4	1760613979300	0	0	0.569113	0.707107	0	0	0.707107	img_PX4_4__0_1760613979879414700.png
PX4_2	1760613979363	0	0	0.569113	3.57628e-07	0	0	-1	img_PX4_2__0_1760613979940797900.png
PX4_3	1760613979423	0	0	0.569113	0.707107	0	0	-0.707107	img_PX4_3__0_1760613979999748300.png
PX4_1	1760613979474	0	0	0.569113	1	0	0	0	img_PX4_1__0_1760613980054074400.png
PX4_4	1760613979534	0	0	0.569113	0.707107	0	0	0.707107	img_PX4_4__0_1760613980113753500.png
PX4_2	1760613979597	0	0	0.569113	3.57628e-07	0	0	-1	img_PX4_2__0_1760613980175010800.png
PX4_3	1760613979654	0	0	0.569113	0.707107	0	0	-0.707107	img_PX4_3__0_1760613980235009400.png
PX4_1	1760613979708	0	0	0.569113	1	0	0	0	img_PX4_1__0_1760613980287772000.png
PX4_4	1760613979762	0	0	0.569113	0.707107	0	0	0.707107	img_PX4_4__0_1760613980340876200.png
PX4_2	1760613979819	0	0	0.569113	3.57628e-07	0	0	-1	img_PX4_2__0_1760613980398524100.png
PX4_3	1760613979876	0	0	0.569113	0.707107	0	0	-0.707107	img_PX4_3__0_1760613980456574600.png
PX4_1	1760613979924	0	0	0.569113	1	0	0	0	img_PX4_1__0_1760613980504692800.png
PX4_4	1760613979978	0	0	0.569113	0.707107	0	0	0.707107	img_PX4_4__0_1760613980559510400.png
PX4_2	1760613980038	0	0	0.569113	3.57628e-07	0	0	-1	img_PX4_2__0_1760613980617910400.png
PX4_3	1760613980095	0	0	0.569113	0.707107	0	0	-0.707107	img_PX4_3__0_1760613980677130800.png
PX4_1	1760613980146	0	0	0.569113	1	0	0	0	img_PX4_1__0_1760613980728385800.png
PX4_4	1760613980206	0	0	0.569113	0.707107	0	0	0.707107	img_PX4_4__0_1760613980788066400.png
PX4_2	1760613980266	0	0	0.569113	3.57628e-07	0	0	-1	img_PX4_2__0_1760613980848180800.png
PX4_3	1760613980323	0	0	0.569113	0.707107	0	0	-0.707107	img_PX4_3__0_1760613980905151600.png
PX4_1	1760613980377	0	0	0.569113	1	0	0	0	img_PX4_1__0_1760613980958984000.png
PX4_4	1760613980434	0	0	0.569113	0.707107	0	0	0.707107	img_PX4_4__0_1760613981016324700.png
PX4_2	1760613980497	0	0	0.569113	3.57628e-07	0	0	-1	img_PX4_2__0_1760613981077546800.png
PX4_3	1760613980551	0	0	0.569113	0.707107	0	0	-0.707107	img_PX4_3__0_1760613981133771600.png
PX4_1	1760613980605	0	0	0.569113	1	0	0	0	img_PX4_1__0_1760613981185807500.png
PX4_4	1760613980659	0	0	0.569113	0.707107	0	0	0.707107	img_PX4_4__0_1760613981240070300.png
PX4_2	1760613980713	0	0	0.569113	3.57628e-07	0	0	-1	img_PX4_2__0_1760613981294961200.png
PX4_3	1760613980773	0	0	0.569113	0.707107	0	0	-0.707107	img_PX4_3__0_1760613981353953900.png
PX4_1	1760613980824	0	0	0.569113	1	0	0	0	img_PX4_1__0_1760613981406173500.png
PX4_4	1760613980881	0	0	0.569113	0.707107	0	0	0.707107	img_PX4_4__0_1760613981462677300.png
PX4_2	1760613980935	0	0	0.569113	3.57628e-07	0	0	-1	img_PX4_2__0_1760613981517764200.png
PX4_3	1760613980992	0	0	0.569113	0.707107	0	0	-0.707107	img_PX4_3__0_1760613981574623200.png
PX4_1	1760613981043	0	0	0.569113	1	0	0	0	img_PX4_1__0_1760613981623532000.png
PX4_4	1760613981100	0	0	0.569113	0.707107	0	0	0.707107	img_PX4_4__0_1760613981680746900.png
PX4_2	1760613981157	0	0	0.569113	3.57628e-07	0	0	-1	img_PX4_2__0_1760613981738232500.png
PX4_3	1760613981214	0	0	0.569113	0.707107	0	0	-0.707107	img_PX4_3__0_1760613981796836900.png
PX4_1	1760613981265	0	0	0.569113	1	0	0	0	img_PX4_1__0_1760613981847945400.png
PX4_4	1760613981322	0	0	0.569113	0.707107	0	0	0.707107	img_PX4_4__0_1760613981903482400.png
PX4_2	1760613981382	0	0	0.569113	3.57628e-07	0	0	-1	img_PX4_2__0_1760613981963268100.png
PX4_3	1760613981442	0	0	0.569113	0.707107	0	0	-0.707107	img_PX4_3__0_1760613982023583800.png
PX4_1	1760613981496	0	0	0.569113	1	0	0	0	img_PX4_1__0_1760613982077296900.png
PX4_4	1760613981553	0	0	0.569113	0.707107	0	0	0.707107	img_PX4_4__0_1760613982136564500.png
PX4_2	1760613981613	0	0	0.569113	3.57628e-07	0	0	-1	img_PX4_2__0_1760613982194906200.png
PX4_3	1760613981673	0	0	0.569113	0.707107	0	0	-0.707107	img_PX4_3__0_1760613982256704100.png
PX4_1	1760613981730	0	0	0.569113	1	0	0	0	img_PX4_1__0_1760613982311896100.png
PX4_4	1760613981790	0	0	0.569113	0.707107	0	0	0.707107	img_PX4_4__0_1760613982374174800.png
PX4_2	1760613981850	0	0	0.569113	3.57628e-07	0	0	-1	img_PX4_2__0_1760613982431956900.png
PX4_3	1760613981904	0	0	0.569113	0.707107	0	0	-0.707107	img_PX4_3__0_1760613982487690400.png
PX4_1	1760613981958	0	0	0.569113	1	0	0	0	img_PX4_1__0_1760613982540392900.png
PX4_4	1760613982018	0	0	0.569113	0.707107	0	0	0.707107	img_PX4_4__0_1760613982601130500.png
PX4_2	1760613982078	0	0	0.569113	3.57628e-07	0	0	-1	img_PX4_2__0_1760613982660630300.png
PX4_3	1760613982135	0	0	0.569113	0.707107	0	0	-0.707107	img_PX4_3__0_1760613982718033400.png
PX4_1	1760613982186	0	0	0.569113	1	0	0	0	img_PX4_1__0_1760613982768047100.png
PX4_4	1760613982246	0	0	0.569113	0.707107	0	0	0.707107	img_PX4_4__0_1760613982828216800.png
PX4_2	1760613982300	0	0	0.569113	3.57628e-07	0	0	-1	img_PX4_2__0_1760613982884997700.png
PX4_3	1760613982354	0	0	0.569113	0.707107	0	0	-0.707107	img_PX4_3__0_1760613982938723400.png
PX4_1	1760613982405	0	0	0.569113	1	0	0	0	img_PX4_1__0_1760613982987553400.png
PX4_4	1760613982465	0	0	0.569113	0.707107	0	0	0.707107	img_PX4_4__0_1760613983049631800.png
PX4_2	1760613982525	0	0	0.569113	3.57628e-07	0	0	-1	img_PX4_2__0_1760613983110023800.png
PX4_3	1760613982588	0	0	0.569113	0.707107	0	0	-0.707107	img_PX4_3__0_1760613983170728300.png
PX4_1	1760613982636	0	0	0.569113	1	0	0	0	img_PX4_1__0_1760613983219323700.png
PX4_4	1760613982696	0	0	0.569113	0.707107	0	0	0.707107	img_PX4_4__0_1760613983280167500.png
PX4_2	1760613982756	0	0	0.569113	3.57628e-07	0	0	-1	img_PX4_2__0_1760613983339243600.png
PX4_3	1760613982813	0	0	0.569113	0.707107	0	0	-0.707107	img_PX4_3__0_1760613983396598400.png
PX4_1	1760613982864	0	0	0.569113	1	0	0	0	img_PX4_1__0_1760613983447088900.png
PX4_4	1760613982918	0	0	0.569113	0.707107	0	0	0.707107	img_PX4_4__0_1760613983503963800.png
PX4_2	1760613982978	0	0	0.569113	3.57628e-07	0	0	-1	img_PX4_2__0_1760613983563754700.png
PX4_3	1760613983038	0	0	0.569113	0.707107	0	0	-0.707107	img_PX4_3__0_1760613983621487700.png
PX4_1	1760613983083	0	0	0.569113	1	0	0	0	img_PX4_1__0_1760613983668686500.png
PX4_4	1760613983140	0	0	0.569113	0.707107	0	0	0.707107	img_PX4_4__0_1760613983725916600.png
PX4_2	1760613983200	0	0	0.569113	3.57628e-07	0	0	-1	img_PX4_2__0_1760613983784313600.png
PX4_3	1760613983257	0	0	0.569113	0.707107	0	0	-0.707107	img_PX4_3__0_1760613983843209100.png
PX4_1	1760613983308	0	0	0.569113	1	0	0	0	img_PX4_1__0_1760613983892422300.png
PX4_4	1760613983365	0	0	0.569113	0.707107	0	0	0.707107	img_PX4_4__0_1760613983949845200.png
PX4_2	1760613983422	0	0	0.569113	3.57628e-07	0	0	-1	img_PX4_2__0_1760613984009090700.png
PX4_3	1760613983485	0	0	0.569113	0.707107	0	0	-0.707107	img_PX4_3__0_1760613984071551400.png
PX4_1	1760613983539	0	0	0.569113	1	0	0	0	img_PX4_1__0_1760613984126163300.png
PX4_4	1760613983599	0	0	0.569113	0.707107	0	0	0.707107	img_PX4_4__0_1760613984185119600.png
PX4_2	1760613983662	0	0	0.569113	3.57628e-07	0	0	-1	img_PX4_2__0_1760613984247391300.png
PX4_3	1760613983716	0	0	0.569113	0.707107	0	0	-0.707107	img_PX4_3__0_1760613984303827000.png
PX4_1	1760613983773	0	0	0.569113	1	0	0	0	img_PX4_1__0_1760613984359636800.png
PX4_4	1760613983836	0	0	0.569113	0.707107	0	0	0.707107	img_PX4_4__0_1760613984422328900.png
PX4_2	1760613983899	0	0	0.569113	3.57628e-07	0	0	-1	img_PX4_2__0_1760613984486828500.png
PX4_3	1760613983959	0	0	0.569113	0.707107	0	0	-0.707107	img_PX4_3__0_1760613984547680700.png
PX4_1	1760613984010	0	0	0.569113	1	0	0	0	img_PX4_1__0_1760613984597592200.png
PX4_4	1760613984067	0	0	0.569113	0.707107	0	0	0.707107	img_PX4_4__0_1760613984654531400.png
PX4_2	1760613984127	0	0	0.569113	3.57628e-07	0	0	-1	img_PX4_2__0_1760613984714562800.png
PX4_3	1760613984187	0	0	0.569113	0.707107	0	0	-0.707107	img_PX4_3__0_1760613984774410500.png
PX4_1	1760613984238	0	0	0.569113	1	0	0	0	img_PX4_1__0_1760613984824963900.png
PX4_4	1760613984298	0	0	0.569113	0.707107	0	0	0.707107	img_PX4_4__0_1760613984884731800.png
PX4_2	1760613984355	0	0	0.569113	3.57628e-07	0	0	-1	img_PX4_2__0_1760613984942699100.png
PX4_3	1760613984415	0	0	0.569113	0.707107	0	0	-0.707107	img_PX4_3__0_1760613985001497200.png
PX4_1	1760613984466	0	0	0.569113	1	0	0	0	img_PX4_1__0_1760613985052534200.png
PX4_4	1760613984526	0	0	0.569113	0.707107	0	0	0.707107	img_PX4_4__0_1760613985113697900.png
PX4_2	1760613984586	0	0	0.569113	3.57628e-07	0	0	-1	img_PX4_2__0_1760613985174465600.png
PX4_3	1760613984643	0	0	0.569113	0.707107	0	0	-0.707107	img_PX4_3__0_1760613985232266200.png
PX4_1	1760613984697	0	0	0.569113	1	0	0	0	img_PX4_1__0_1760613985285743600.png
PX4_4	1760613984757	0	0	0.569113	0.707107	0	0	0.707107	img_PX4_4__0_1760613985344524700.png
PX4_2	1760613984814	0	0	0.569113	3.57628e-07	0	0	-1	img_PX4_2__0_1760613985403847900.png
PX4_3	1760613984874	0	0	0.569113	0.707107	0	0	-0.707107	img_PX4_3__0_1760613985461507600.png
PX4_1	1760613984928	0	0	0.569113	1	0	0	0	img_PX4_1__0_1760613985517409400.png
PX4_4	1760613984991	0	0	0.569113	0.707107	0	0	0.707107	img_PX4_4__0_1760613985579551300.png
PX4_2	1760613985057	0	0	0.569113	3.57628e-07	0	0	-1	img_PX4_2__0_1760613985645421800.png
PX4_3	1760613985117	0	0	0.569113	0.707107	0	0	-0.707107	img_PX4_3__0_1760613985707769300.png
PX4_1	1760613985174	0	0	0.569113	1	0	0	0	img_PX4_1__0_1760613985763550700.png
PX4_4	1760613985234	0	0	0.569113	0.707107	0	0	0.707107	img_PX4_4__0_1760613985824144800.png
PX4_2	1760613985297	0	0	0.569113	3.57628e-07	0	0	-1	img_PX4_2__0_1760613985887965400.png
PX4_3	1760613985354	0	0	0.569113	0.707107	0	0	-0.707107	img_PX4_3__0_1760613985944699800.png
PX4_1	1760613985405	0	0	0.569113	1	0	0	0	img_PX4_1__0_1760613985995235900.png
PX4_4	1760613985465	0	0	0.569113	0.707107	0	0	0.707107	img_PX4_4__0_1760613986056230600.png
PX4_2	1760613985525	0	0	0.569113	3.57628e-07	0	0	-1	img_PX4_2__0_1760613986114980900.png
PX4_3	1760613985579	0	0	0.569113	0.707107	0	0	-0.707107	img_PX4_3__0_1760613986170181500.png
PX4_1	1760613985630	0	0	0.569113	1	0	0	0	img_PX4_1__0_1760613986219774700.png
PX4_4	1760613985684	0	0	0.569113	0.707107	0	0	0.707107	img_PX4_4__0_1760613986276755600.png
PX4_2	1760613985744	0	0	0.569113	3.57628e-07	0	0	-1	img_PX4_2__0_1760613986334968300.png
PX4_3	1760613985798	0	0	0.569113	0.707107	0	0	-0.707107	img_PX4_3__0_1760613986390218200.png
PX4_1	1760613985849	0	0	0.569113	1	0	0	0	img_PX4_1__0_1760613986441221600.png
PX4_4	1760613985909	0	0	0.569113	0.707107	0	0	0.707107	img_PX4_4__0_1760613986501202800.png
PX4_2	1760613985969	0	0	0.569113	3.57628e-07	0	0	-1	img_PX4_2__0_1760613986561421700.png
PX4_3	1760613986026	0	0	0.569113	0.707107	0	0	-0.707107	img_PX4_3__0_1760613986617291500.png
PX4_1	1760613986077	0	0	0.569113	1	0	0	0	img_PX4_1__0_1760613986668391400.png
PX4_4	1760613986137	0	0	0.569113	0.707107	0	0	0.707107	img_PX4_4__0_1760613986729758700.png
PX4_2	1760613986200	0	0	0.569113	3.57628e-07	0	0	-1	img_PX4_2__0_1760613986792394800.png
PX4_3	1760613986260	0	0	0.569113	0.707107	0	0	-0.707107	img_PX4_3__0_1760613986853470200.png
PX4_1	1760613986311	0	0	0.569113	1	0	0	0	img_PX4_1__0_1760613986904234800.png
PX4_4	1760613986368	0	0	0.569113	0.707107	0	0	0.707107	img_PX4_4__0_1760613986962187100.png
PX4_2	1760613986431	0	0	0.569113	3.57628e-07	0	0	-1	img_PX4_2__0_1760613987021204300.png
PX4_3	1760613986491	0	0	0.569113	0.707107	0	0	-0.707107	img_PX4_3__0_1760613987084308300.png
PX4_1	1760613986548	0	0	0.569113	1	0	0	0	img_PX4_1__0_1760613987141477300.png
PX4_4	1760613986611	0	0	0.569113	0.707107	0	0	0.707107	img_PX4_4__0_1760613987203806800.png
PX4_2	1760613986671	0	0	0.569113	3.57628e-07	0	0	-1	img_PX4_2__0_1760613987263435900.png
PX4_3	1760613986728	0	0	0.569113	0.707107	0	0	-0.707107	img_PX4_3__0_1760613987321163700.png
PX4_1	1760613986779	0	0	0.569113	1	0	0	0	img_PX4_1__0_1760613987371124800.png
PX4_4	1760613986839	0	0	0.569113	0.707107	0	0	0.707107	img_PX4_4__0_1760613987431426700.png
PX4_2	1760613986899	0	0	0.569113	3.57628e-07	0	0	-1	img_PX4_2__0_1760613987491381100.png
PX4_3	1760613986953	0	0	0.569113	0.707107	0	0	-0.707107	img_PX4_3__0_1760613987545628700.png
PX4_1	1760613986992	0	0	0.569113	1	0	0	0	img_PX4_1__0_1760613987586730000.png
PX4_4	1760613987046	0	0	0.569113	0.707107	0	0	0.707107	img_PX4_4__0_1760613987638518300.png
PX4_2	1760613987103	0	0	0.569113	3.57628e-07	0	0	-1	img_PX4_2__0_1760613987695576500.png
PX4_3	1760613987160	0	0	0.569113	0.707107	0	0	-0.707107	img_PX4_3__0_1760613987752996500.png
PX4_1	1760613987211	0	0	0.569113	1	0	0	0	img_PX4_1__0_1760613987803231200.png
PX4_4	1760613987265	0	0	0.569113	0.707107	0	0	0.707107	img_PX4_4__0_1760613987859738200.png
PX4_2	1760613987325	0	0	0.569113	3.57628e-07	0	0	-1	img_PX4_2__0_1760613987918262200.png
PX4_3	1760613987382	0	0	0.569113	0.707107	0	0	-0.707107	img_PX4_3__0_1760613987975977700.png
PX4_1	1760613987433	0	0	0.569113	1	0	0	0	img_PX4_1__0_1760613988028732500.png
PX4_4	1760613987496	0	0	0.569113	0.707107	0	0	0.707107	img_PX4_4__0_1760613988089046600.png
PX4_2	1760613987556	0	0	0.569113	3.57628e-07	0	0	-1	img_PX4_2__0_1760613988150708500.png
PX4_3	1760613987613	0	0	0.569113	0.707107	0	0	-0.707107	img_PX4_3__0_1760613988206572200.png
PX4_1	1760613987661	0	0	0.569113	1	0	0	0	img_PX4_1__0_1760613988256831800.png
PX4_4	1760613987709	0	0	0.569113	0.707107	0	0	0.707107	img_PX4_4__0_1760613988305515300.png
PX4_2	1760613987769	0	0	0.569113	3.57628e-07	0	0	-1	img_PX4_2__0_1760613988363223800.png
PX4_3	1760613987829	0	0	0.569113	0.707107	0	0	-0.707107	img_PX4_3__0_1760613988425040900.png
PX4_1	1760613987877	0	0	0.569113	1	0	0	0	img_PX4_1__0_1760613988473701800.png
PX4_4	1760613987934	0	0	0.569113	0.707107	0	0	0.707107	img_PX4_4__0_1760613988528780300.png
PX4_2	1760613987994	0	0	0.569113	3.57628e-07	0	0	-1	img_PX4_2__0_1760613988590953400.png
PX4_3	1760613988057	0	0	0.569113	0.707107	0	0	-0.707107	img_PX4_3__0_1760613988653263200.png
PX4_1	1760613988111	0	0	0.569113	1	0	0	0	img_PX4_1__0_1760613988706167400.png
PX4_4	1760613988174	0	0	0.569113	0.707107	0	0	0.707107	img_PX4_4__0_1760613988770900900.png
PX4_2	1760613988237	0	0	0.569113	3.57628e-07	0	0	-1	img_PX4_2__0_1760613988832575600.png
PX4_3	1760613988294	0	0	0.569113	0.707107	0	0	-0.707107	img_PX4_3__0_1760613988890813200.png
PX4_1	1760613988345	0	0	0.569113	1	0	0	0	img_PX4_1__0_1760613988942604900.png
PX4_4	1760613988405	0	0	0.569113	0.707107	0	0	0.707107	img_PX4_4__0_1760613989001518000.png
PX4_2	1760613988465	0	0	0.569113	3.57628e-07	0	0	-1	img_PX4_2__0_1760613989061955100.png
PX4_3	1760613988528	0	0	0.569113	0.707107	0	0	-0.707107	img_PX4_3__0_1760613989125172400.png
PX4_1	1760613988582	0	0	0.569113	1	0	0	0	img_PX4_1__0_1760613989178800500.png
PX4_4	1760613988642	0	0	0.569113	0.707107	0	0	0.707107	img_PX4_4__0_1760613989239625100.png
PX4_2	1760613988702	0	0	0.569113	3.57628e-07	0	0	-1	img_PX4_2__0_1760613989299679000.png
PX4_3	1760613988762	0	0	0.569113	0.707107	0	0	-0.707107	img_PX4_3__0_1760613989360876600.png
PX4_1	1760613988819	0	0	0.569113	1	0	0	0	img_PX4_1__0_1760613989415527000.png
PX4_4	1760613988879	0	0	0.569113	0.707107	0	0	0.707107	img_PX4_4__0_1760613989476118300.png
PX4_2	1760613988939	0	0	0.569113	3.57628e-07	0	0	-1	img_PX4_2__0_1760613989537132500.png
PX4_3	1760613988996	0	0	0.569113	0.707107	0	0	-0.707107	img_PX4_3__0_1760613989594805100.png
PX4_1	1760613989047	0	0	0.569113	1	0	0	0	img_PX4_1__0_1760613989645154900.png
PX4_4	1760613989107	0	0	0.569113	0.707107	0	0	0.707107	img_PX4_4__0_1760613989703946500.png
PX4_2	1760613989167	0	0	0.569113	3.57628e-07	0	0	-1	img_PX4_2__0_1760613989766533400.png
PX4_3	1760613989227	0	0	0.569113	0.707107	0	0	-0.707107	img_PX4_3__0_1760613989824671600.png
PX4_1	1760613989278	0	0	0.569113	1	0	0	0	img_PX4_1__0_1760613989875988800.png
PX4_4	1760613989332	0	0	0.569113	0.707107	0	0	0.707107	img_PX4_4__0_1760613989932751800.png
PX4_2	1760613989392	0	0	0.569113	3.57628e-07	0	0	-1	img_PX4_2__0_1760613989989847100.png
PX4_3	1760613989452	0	0	0.569113	0.707107	0	0	-0.707107	img_PX4_3__0_1760613990052501400.png
PX4_1	1760613989503	0	0	0.569113	1	0	0	0	img_PX4_1__0_1760613990102099000.png
PX4_4	1760613989563	0	0	0.569113	0.707107	0	0	0.707107	img_PX4_4__0_1760613990161489700.png
PX4_2	1760613989629	0	0	0.569113	3.57628e-07	0	0	-1	img_PX4_2__0_1760613990227502500.png
PX4_3	1760613989692	0	0	0.569113	0.707107	0	0	-0.707107	img_PX4_3__0_1760613990290241200.png
PX4_1	1760613989746	0	0	0.569113	1	0	0	0	img_PX4_1__0_1760613990344787700.png
PX4_4	1760613989803	0	0	0.569113	0.707107	0	0	0.707107	img_PX4_4__0_1760613990401868900.png
PX4_2	1760613989860	0	0	0.569113	3.57628e-07	0	0	-1	img_PX4_2__0_1760613990460400400.png
PX4_3	1760613989914	0	0	0.569113	0.707107	0	0	-0.707107	img_PX4_3__0_1760613990514979000.png
PX4_1	1760613989968	0	0	0.569113	1	0	0	0	img_PX4_1__0_1760613990568829100.png
PX4_4	1760613990028	0	0	0.569113	0.707107	0	0	0.707107	img_PX4_4__0_1760613990628059500.png
PX4_2	1760613990088	0	0	0.569113	3.57628e-07	0	0	-1	img_PX4_2__0_1760613990686343700.png
PX4_3	1760613990142	0	0	0.569113	0.707107	0	0	-0.707107	img_PX4_3__0_1760613990741802300.png
PX4_1	1760613990193	0	0	0.569113	1	0	0	0	img_PX4_1__0_1760613990793155900.png
PX4_4	1760613990250	0	0	0.569113	0.707107	0	0	0.707107	img_PX4_4__0_1760613990848937000.png
PX4_2	1760613990304	0	0	0.569113	3.57628e-07	0	0	-1	img_PX4_2__0_1760613990904407000.png
PX4_3	1760613990361	0	0	0.569113	0.707107	0	0	-0.707107	img_PX4_3__0_1760613990960357200.png
PX4_1	1760613990412	0	0	0.569113	1	0	0	0	img_PX4_1__0_1760613991012843700.png
PX4_4	1760613990469	0	0	0.569113	0.707107	0	0	0.707107	img_PX4_4__0_1760613991070029100.png
PX4_2	1760613990529	0	0	0.569113	3.57628e-07	0	0	-1	img_PX4_2__0_1760613991129581500.png
PX4_3	1760613990586	0	0	0.569113	0.707107	0	0	-0.707107	img_PX4_3__0_1760613991186332900.png
PX4_1	1760613990640	0	0	0.569113	1	0	0	0	img_PX4_1__0_1760613991240551700.png
PX4_4	1760613990700	0	0	0.569113	0.707107	0	0	0.707107	img_PX4_4__0_1760613991300727600.png
PX4_2	1760613990760	0	0	0.569113	3.57628e-07	0	0	-1	img_PX4_2__0_1760613991360016900.png
PX4_3	1760613990817	0	0	0.569113	0.707107	0	0	-0.707107	img_PX4_3__0_1760613991416905300.png
PX4_1	1760613990865	0	0	0.569113	1	0	0	0	img_PX4_1__0_1760613991465811200.png
PX4_4	1760613990925	0	0	0.569113	0.707107	0	0	0.707107	img_PX4_4__0_1760613991525242100.png
PX4_2	1760613990982	0	0	0.569113	3.57628e-07	0	0	-1	img_PX4_2__0_1760613991583816400.png
PX4_3	1760613991042	0	0	0.569113	0.707107	0	0	-0.707107	img_PX4_3__0_1760613991643370500.png
PX4_1	1760613991090	0	0	0.569113	1	0	0	0	img_PX4_1__0_1760613991692147900.png
PX4_4	1760613991147	0	0	0.569113	0.707107	0	0	0.707107	img_PX4_4__0_1760613991749555100.png
PX4_2	1760613991207	0	0	0.569113	3.57628e-07	0	0	-1	img_PX4_2__0_1760613991808375600.png
PX4_3	1760613991264	0	0	0.569113	0.707107	0	0	-0.707107	img_PX4_3__0_1760613991864966400.png
PX4_1	1760613991315	0	0	0.569113	1	0	0	0	img_PX4_1__0_1760613991916937300.png
PX4_4	1760613991375	0	0	0.569113	0.707107	0	0	0.707107	img_PX4_4__0_1760613991978239800.png
PX4_2	1760613991444	0	0	0.569113	3.57628e-07	0	0	-1	img_PX4_2__0_1760613992046967700.png
PX4_3	1760613991507	0	0	0.569113	0.707107	0	0	-0.707107	img_PX4_3__0_1760613992111237800.png
PX4_1	1760613991561	0	0	0.569113	1	0	0	0	img_PX4_1__0_1760613992164160100.png
PX4_4	1760613991615	0	0	0.569113	0.707107	0	0	0.707107	img_PX4_4__0_1760613992217758700.png
PX4_2	1760613991672	0	0	0.569113	3.57628e-07	0	0	-1	img_PX4_2__0_1760613992273937400.png
PX4_3	1760613991732	0	0	0.569113	0.707107	0	0	-0.707107	img_PX4_3__0_1760613992336947400.png
PX4_1	1760613991786	0	0	0.569113	1	0	0	0	img_PX4_1__0_1760613992390284200.png
PX4_4	1760613991849	0	0	0.569113	0.707107	0	0	0.707107	img_PX4_4__0_1760613992451575200.png
PX4_2	1760613991915	0	0	0.569113	3.57628e-07	0	0	-1	img_PX4_2__0_1760613992518873000.png
PX4_3	1760613991984	0	0	0.569113	0.707107	0	0	-0.707107	img_PX4_3__0_1760613992589137600.png
PX4_1	1760613992041	0	0	0.569113	1	0	0	0	img_PX4_1__0_1760613992646553600.png
PX4_4	1760613992101	0	0	0.569113	0.707107	0	0	0.707107	img_PX4_4__0_1760613992705662600.png
PX4_2	1760613992170	0	0	0.569113	3.57628e-07	0	0	-1	img_PX4_2__0_1760613992775606400.png
PX4_3	1760613992239	0	0	0.569113	0.707107	0	0	-0.707107	img_PX4_3__0_1760613992843846600.png
PX4_1	1760613992299	0	0	0.569113	1	0	0	0	img_PX4_1__0_1760613992904981600.png
PX4_4	1760613992368	0	0	0.569113	0.707107	0	0	0.707107	img_PX4_4__0_1760613992973217200.png
PX4_2	1760613992437	0	0	0.569113	3.57628e-07	0	0	-1	img_PX4_2__0_1760613993041739600.png
PX4_3	1760613992506	0	0	0.569113	0.707107	0	0	-0.707107	img_PX4_3__0_1760613993110523100.png
PX4_1	1760613992560	0	0	0.569113	1	0	0	0	img_PX4_1__0_1760613993165278400.png
PX4_4	1760613992617	0	0	0.569113	0.707107	0	0	0.707107	img_PX4_4__0_1760613993222412500.png
PX4_2	1760613992677	0	0	0.569113	3.57628e-07	0	0	-1	img_PX4_2__0_1760613993283415200.png
PX4_3	1760613992737	0	0	0.569113	0.707107	0	0	-0.707107	img_PX4_3__0_1760613993343324800.png
PX4_1	1760613992782	0	0	0.569113	1	0	0	0	img_PX4_1__0_1760613993389829500.png
PX4_4	1760613992842	0	0	0.569113	0.707107	0	0	0.707107	img_PX4_4__0_1760613993447761300.png
PX4_2	1760613992902	0	0	0.569113	3.57628e-07	0	0	-1	img_PX4_2__0_1760613993508372800.png
PX4_3	1760613992968	0	0	0.569113	0.707107	0	0	-0.707107	img_PX4_3__0_1760613993574342600.png
PX4_1	1760613993028	0	0	0.569113	1	0	0	0	img_PX4_1__0_1760613993635973100.png
PX4_4	1760613993088	0	0	0.569113	0.707107	0	0	0.707107	img_PX4_4__0_1760613993694147800.png
PX4_2	1760613993145	0	0	0.569113	3.57628e-07	0	0	-1	img_PX4_2__0_1760613993751693500.png
PX4_3	1760613993211	0	0	0.569113	0.707107	0	0	-0.707107	img_PX4_3__0_1760613993817957500.png
PX4_1	1760613993256	0	0	0.569113	1	0	0	0	img_PX4_1__0_1760613993863690500.png
PX4_4	1760613993295	0	0	0.569113	0.707107	0	0	0.707107	img_PX4_4__0_1760613993904802500.png
PX4_2	1760613993370	0	0	0.569113	3.57628e-07	0	0	-1	img_PX4_2__0_1760613993977958300.png
PX4_3	1760613993436	0	0	0.569113	0.707107	0	0	-0.707107	img_PX4_3__0_1760613994045439100.png
PX4_1	1760613993496	0	0	0.569113	1	0	0	0	img_PX4_1__0_1760613994105584000.png
PX4_4	1760613993559	0	0	0.569113	0.707107	0	0	0.707107	img_PX4_4__0_1760613994167338800.png
PX4_2	1760613993622	0	0	0.569113	3.57628e-07	0	0	-1	img_PX4_2__0_1760613994230846400.png
PX4_3	1760613993682	0	0	0.569113	0.707107	0	0	-0.707107	img_PX4_3__0_1760613994290629600.png
PX4_1	1760613993742	0	0	0.569113	1	0	0	0	img_PX4_1__0_1760613994352999600.png
PX4_4	1760613993811	0	0	0.569113	0.707107	0	0	0.707107	img_PX4_4__0_1760613994421392300.png
PX4_2	1760613993886	0	0	0.569113	3.57628e-07	0	0	-1	img_PX4_2__0_1760613994497448700.png
PX4_3	1760613993955	0	0	0.569113	0.707107	0	0	-0.707107	img_PX4_3__0_1760613994565495900.png
PX4_1	1760613994015	0	0	0.569113	1	0	0	0	img_PX4_1__0_1760613994624493600.png
PX4_4	1760613994081	0	0	0.569113	0.707107	0	0	0.707107	img_PX4_4__0_1760613994691919000.png
PX4_2	1760613994150	0	0	0.569113	3.57628e-07	0	0	-1	img_PX4_2__0_1760613994762142600.png
PX4_3	1760613994216	0	0	0.569113	0.707107	0	0	-0.707107	img_PX4_3__0_1760613994829016200.png
PX4_1	1760613994279	0	0	0.569113	1	0	0	0	img_PX4_1__0_1760613994890657000.png
PX4_4	1760613994342	0	0	0.569113	0.707107	0	0	0.707107	img_PX4_4__0_1760613994952834200.png
PX4_2	1760613994405	0	0	0.569113	3.57628e-07	0	0	-1	img_PX4_2__0_1760613995018991200.png
PX4_3	1760613994471	0	0	0.569113	0.707107	0	0	-0.707107	img_PX4_3__0_1760613995084297100.png
PX4_1	1760613994531	0	0	0.569113	1	0	0	0	img_PX4_1__0_1760613995145110600.png
PX4_4	1760613994600	0	0	0.569113	0.707107	0	0	0.707107	img_PX4_4__0_1760613995213882800.png
PX4_2	1760613994666	0	0	0.569113	3.57628e-07	0	0	-1	img_PX4_2__0_1760613995281636800.png
PX4_3	1760613994732	0	0	0.569113	0.707107	0	0	-0.707107	img_PX4_3__0_1760613995346886400.png
PX4_1	1760613994795	0	0	0.569113	1	0	0	0	img_PX4_1__0_1760613995408251400.png
PX4_4	1760613994858	0	0	0.569113	0.707107	0	0	0.707107	img_PX4_4__0_1760613995471150300.png
PX4_2	1760613994927	0	0	0.569113	3.57628e-07	0	0	-1	img_PX4_2__0_1760613995539832500.png
PX4_3	1760613994990	0	0	0.569113	0.707107	0	0	-0.707107	img_PX4_3__0_1760613995603523000.png
PX4_1	1760613995050	0	0	0.569113	1	0	0	0	img_PX4_1__0_1760613995665686700.png
PX4_4	1760613995125	0	0	0.569113	0.707107	0	0	0.707107	img_PX4_4__0_1760613995740480800.png
PX4_2	1760613995194	0	0	0.569113	3.57628e-07	0	0	-1	img_PX4_2__0_1760613995810362500.png
PX4_3	1760613995263	0	0	0.569113	0.707107	0	0	-0.707107	img_PX4_3__0_1760613995877530700.png
PX4_1	1760613995320	0	0	0.569113	1	0	0	0	img_PX4_1__0_1760613995936295000.png
PX4_4	1760613995386	0	0	0.569113	0.707107	0	0	0.707107	img_PX4_4__0_1760613996000670200.png
PX4_2	1760613995452	0	0	0.569113	3.57628e-07	0	0	-1	img_PX4_2__0_1760613996070110500.png
PX4_3	1760613995518	0	0	0.569113	0.707107	0	0	-0.707107	img_PX4_3__0_1760613996135960400.png
PX4_1	1760613995581	0	0	0.569113	1	0	0	0	img_PX4_1__0_1760613996197759000.png
PX4_4	1760613995647	0	0	0.569113	0.707107	0	0	0.707107	img_PX4_4__0_1760613996266893800.png
PX4_2	1760613995722	0	0	0.569113	3.57628e-07	0	0	-1	img_PX4_2__0_1760613996339963200.png
PX4_3	1760613995791	0	0	0.569113	0.707107	0	0	-0.707107	img_PX4_3__0_1760613996411125900.png
PX4_1	1760613995854	0	0	0.569113	1	0	0	0	img_PX4_1__0_1760613996472210200.png
PX4_4	1760613995923	0	0	0.569113	0.707107	0	0	0.707107	img_PX4_4__0_1760613996541544100.png
PX4_2	1760613995995	0	0	0.569113	3.57628e-07	0	0	-1	img_PX4_2__0_1760613996614537400.png
PX4_3	1760613996058	0	0	0.569113	0.707107	0	0	-0.707107	img_PX4_3__0_1760613996680261300.png
PX4_1	1760613996118	0	0	0.569113	1	0	0	0	img_PX4_1__0_1760613996740326000.png
PX4_4	1760613996181	0	0	0.569113	0.707107	0	0	0.707107	img_PX4_4__0_1760613996802343900.png
PX4_2	1760613996253	0	0	0.569113	3.57628e-07	0	0	-1	img_PX4_2__0_1760613996874952700.png
PX4_3	1760613996319	0	0	0.569113	0.707107	0	0	-0.707107	img_PX4_3__0_1760613996941360600.png
PX4_1	1760613996382	0	0	0.569113	1	0	0	0	img_PX4_1__0_1760613997002416700.png
PX4_4	1760613996448	0	0	0.569113	0.707107	0	0	0.707107	img_PX4_4__0_1760613997070210900.png
PX4_2	1760613996514	0	0	0.569113	3.57628e-07	0	0	-1	img_PX4_2__0_1760613997138115100.png
PX4_3	1760613996577	0	0	0.569113	0.707107	0	0	-0.707107	img_PX4_3__0_1760613997198483000.png
PX4_1	1760613996634	0	0	0.569113	1	0	0	0	img_PX4_1__0_1760613997257579200.png
PX4_4	1760613996700	0	0	0.569113	0.707107	0	0	0.707107	img_PX4_4__0_1760613997323858200.png
PX4_2	1760613996772	0	0	0.569113	3.57628e-07	0	0	-1	img_PX4_2__0_1760613997395176100.png
PX4_3	1760613996838	0	0	0.569113	0.707107	0	0	-0.707107	img_PX4_3__0_1760613997460482600.png
PX4_1	1760613996895	0	0	0.569113	1	0	0	0	img_PX4_1__0_1760613997520025900.png
PX4_4	1760613996961	0	0	0.569113	0.707107	0	0	0.707107	img_PX4_4__0_1760613997585216800.png
PX4_2	1760613997033	0	0	0.569113	3.57628e-07	0	0	-1	img_PX4_2__0_1760613997655419200.png
PX4_3	1760613997099	0	0	0.569113	0.707107	0	0	-0.707107	img_PX4_3__0_1760613997724001400.png
PX4_1	1760613997165	0	0	0.569113	1	0	0	0	img_PX4_1__0_1760613997791087700.png
PX4_4	1760613997231	0	0	0.569113	0.707107	0	0	0.707107	img_PX4_4__0_1760613997857098600.png
PX4_2	1760613997300	0	0	0.569113	3.57628e-07	0	0	-1	img_PX4_2__0_1760613997924833500.png
PX4_3	1760613997369	0	0	0.569113	0.707107	0	0	-0.707107	img_PX4_3__0_1760613997995199400.png
PX4_1	1760613997435	0	0	0.569113	1	0	0	0	img_PX4_1__0_1760613998059707300.png
PX4_4	1760613997498	0	0	0.569113	0.707107	0	0	0.707107	img_PX4_4__0_1760613998124318900.png
PX4_2	1760613997564	0	0	0.569113	3.57628e-07	0	0	-1	img_PX4_2__0_1760613998190717800.png
PX4_3	1760613997627	0	0	0.569113	0.707107	0	0	-0.707107	img_PX4_3__0_1760613998254239800.png
PX4_1	1760613997687	0	0	0.569113	1	0	0	0	img_PX4_1__0_1760613998313696100.png
PX4_4	1760613997750	0	0	0.569113	0.707107	0	0	0.707107	img_PX4_4__0_1760613998378124800.png
PX4_2	1760613997822	0	0	0.569113	3.57628e-07	0	0	-1	img_PX4_2__0_1760613998449299400.png
PX4_3	1760613997888	0	0	0.569113	0.707107	0	0	-0.707107	img_PX4_3__0_1760613998514383700.png
PX4_1	1760613997951	0	0	0.569113	1	0	0	0	img_PX4_1__0_1760613998577686300.png
PX4_4	1760613998020	0	0	0.569113	0.707107	0	0	0.707107	img_PX4_4__0_1760613998648285500.png
PX4_2	1760613998095	0	0	0.569113	3.57628e-07	0	0	-1	img_PX4_2__0_1760613998724449200.png
PX4_3	1760613998167	0	0	0.569113	0.707107	0	0	-0.707107	img_PX4_3__0_1760613998796074200.png
PX4_1	1760613998233	0	0	0.569113	1	0	0	0	img_PX4_1__0_1760613998860848100.png
PX4_4	1760613998299	0	0	0.569113	0.707107	0	0	0.707107	img_PX4_4__0_1760613998929481300.png
PX4_2	1760613998371	0	0	0.569113	3.57628e-07	0	0	-1	img_PX4_2__0_1760613998998082800.png
PX4_3	1760613998437	0	0	0.569113	0.707107	0	0	-0.707107	img_PX4_3__0_1760613999065494600.png
PX4_1	1760613998497	0	0	0.569113	1	0	0	0	img_PX4_1__0_1760613999124416100.png
PX4_4	1760613998560	0	0	0.569113	0.707107	0	0	0.707107	img_PX4_4__0_1760613999187761900.png
PX4_2	1760613998626	0	0	0.569113	3.57628e-07	0	0	-1	img_PX4_2__0_1760613999254463200.png
PX4_3	1760613998683	0	0	0.569113	0.707107	0	0	-0.707107	img_PX4_3__0_1760613999314070500.png
PX4_1	1760613998740	0	0	0.569113	1	0	0	0	img_PX4_1__0_1760613999372168300.png
PX4_4	1760613998806	0	0	0.569113	0.707107	0	0	0.707107	img_PX4_4__0_1760613999436393100.png
PX4_2	1760613998872	0	0	0.569113	3.57628e-07	0	0	-1	img_PX4_2__0_1760613999504113000.png
PX4_3	1760613998938	0	0	0.569113	0.707107	0	0	-0.707107	img_PX4_3__0_1760613999569664300.png
PX4_1	1760613999001	0	0	0.569113	1	0	0	0	img_PX4_1__0_1760613999632510900.png
PX4_4	1760613999064	0	0	0.569113	0.707107	0	0	0.707107	img_PX4_4__0_1760613999696692000.png
PX4_2	1760613999136	0	0	0.569113	3.57628e-07	0	0	-1	img_PX4_2__0_1760613999768864900.png
PX4_3	1760613999196	0	0	0.569113	0.707107	0	0	-0.707107	img_PX4_3__0_1760613999828970100.png
PX4_1	1760613999256	0	0	0.569113	1	0	0	0	img_PX4_1__0_1760613999888370100.png
PX4_4	1760613999316	0	0	0.569113	0.707107	0	0	0.707107	img_PX4_4__0_1760613999950229900.png
PX4_2	1760613999382	0	0	0.569113	3.57628e-07	0	0	-1	img_PX4_2__0_1760614000016719900.png
PX4_3	1760613999445	0	0	0.569113	0.707107	0	0	-0.707107	img_PX4_3__0_1760614000079963600.png
PX4_1	1760613999505	0	0	0.569113	1	0	0	0	img_PX4_1__0_1760614000139166500.png
PX4_4	1760613999568	0	0	0.569113	0.707107	0	0	0.707107	img_PX4_4__0_1760614000203049200.png
PX4_2	1760613999637	0	0	0.569113	3.57628e-07	0	0	-1	img_PX4_2__0_1760614000272305300.png
PX4_3	1760613999703	0	0	0.569113	0.707107	0	0	-0.707107	img_PX4_3__0_1760614000339002500.png
PX4_1	1760613999766	0	0	0.569113	1	0	0	0	img_PX4_1__0_1760614000399713900.png
PX4_4	1760613999838	0	0	0.569113	0.707107	0	0	0.707107	img_PX4_4__0_1760614000471644600.png
PX4_2	1760613999904	0	0	0.569113	3.57628e-07	0	0	-1	img_PX4_2__0_1760614000538054600.png
PX4_3	1760613999967	0	0	0.569113	0.707107	0	0	-0.707107	img_PX4_3__0_1760614000601338600.png
PX4_1	1760614000021	0	0	0.569113	1	0	0	0	img_PX4_1__0_1760614000657172900.png
PX4_4	1760614000087	0	0	0.569113	0.707107	0	0	0.707107	img_PX4_4__0_1760614000721224200.png
PX4_2	1760614000150	0	0	0.569113	3.57628e-07	0	0	-1	img_PX4_2__0_1760614000787264000.png
PX4_3	1760614000219	0	0	0.569113	0.707107	0	0	-0.707107	img_PX4_3__0_1760614000853518200.png
PX4_1	1760614000273	0	0	0.569113	1	0	0	0	img_PX4_1__0_1760614000909636300.png
PX4_4	1760614000339	0	0	0.569113	0.707107	0	0	0.707107	img_PX4_4__0_1760614000976124800.png
PX4_2	1760614000414	0	0	0.569113	3.57628e-07	0	0	-1	img_PX4_2__0_1760614001049940800.png
PX4_3	1760614000489	0	0	0.569113	0.707107	0	0	-0.707107	img_PX4_3__0_1760614001125814800.png
PX4_1	1760614000558	0	0	0.569113	1	0	0	0	img_PX4_1__0_1760614001196146600.png
PX4_4	1760614000630	0	0	0.569113	0.707107	0	0	0.707107	img_PX4_4__0_1760614001267459400.png
PX4_2	1760614000720	0	0	0.569113	3.57628e-07	0	0	-1	img_PX4_2__0_1760614001356822600.png
PX4_3	1760614000789	0	0	0.569113	0.707107	0	0	-0.707107	img_PX4_3__0_1760614001428120000.png
PX4_1	1760614000852	0	0	0.569113	1	0	0	0	img_PX4_1__0_1760614001488918400.png
PX4_4	1760614000912	0	0	0.569113	0.707107	0	0	0.707107	img_PX4_4__0_1760614001551463200.png
PX4_2	1760614000978	0	0	0.569113	3.57628e-07	0	0	-1	img_PX4_2__0_1760614001617750600.png
PX4_3	1760614001044	0	0	0.569113	0.707107	0	0	-0.707107	img_PX4_3__0_1760614001682079200.png
PX4_1	1760614001107	0	0	0.569113	1	0	0	0	img_PX4_1__0_1760614001745898200.png
PX4_4	1760614001170	0	0	0.569113	0.707107	0	0	0.707107	img_PX4_4__0_1760614001811013200.png
PX4_2	1760614001248	0	0	0.569113	3.57628e-07	0	0	-1	img_PX4_2__0_1760614001886754000.png
PX4_3	1760614001311	0	0	0.569113	0.707107	0	0	-0.707107	img_PX4_3__0_1760614001950939100.png
PX4_1	1760614001371	0	0	0.569113	1	0	0	0	img_PX4_1__0_1760614002008328400.png
PX4_4	1760614001437	0	0	0.569113	0.707107	0	0	0.707107	img_PX4_4__0_1760614002077239100.png
PX4_2	1760614001503	0	0	0.569113	3.57628e-07	0	0	-1	img_PX4_2__0_1760614002144036700.png
PX4_3	1760614001566	0	0	0.569113	0.707107	0	0	-0.707107	img_PX4_3__0_1760614002204438100.png
PX4_1	1760614001620	0	0	0.569113	1	0	0	0	img_PX4_1__0_1760614002260146500.png
PX4_4	1760614001683	0	0	0.569113	0.707107	0	0	0.707107	img_PX4_4__0_1760614002322413400.png
PX4_2	1760614001752	0	0	0.569113	3.57628e-07	0	0	-1	img_PX4_2__0_1760614002392035700.png
PX4_3	1760614001818	0	0	0.569113	0.707107	0	0	-0.707107	img_PX4_3__0_1760614002457809100.png
PX4_1	1760614001884	0	0	0.569113	1	0	0	0	img_PX4_1__0_1760614002524856000.png
PX4_4	1760614001953	0	0	0.569113	0.707107	0	0	0.707107	img_PX4_4__0_1760614002595326900.png
PX4_2	1760614002025	0	0	0.569113	3.57628e-07	0	0	-1	img_PX4_2__0_1760614002668224500.png
PX4_3	1760614002091	0	0	0.569113	0.707107	0	0	-0.707107	img_PX4_3__0_1760614002734533000.png
PX4_1	1760614002154	0	0	0.569113	1	0	0	0	img_PX4_1__0_1760614002796996300.png
PX4_4	1760614002223	0	0	0.569113	0.707107	0	0	0.707107	img_PX4_4__0_1760614002864591000.png
PX4_2	1760614002304	0	0	0.569113	3.57628e-07	0	0	-1	img_PX4_2__0_1760614002946729500.png
PX4_3	1760614002376	0	0	0.569113	0.707107	0	0	-0.707107	img_PX4_3__0_1760614003018153500.png
PX4_1	1760614002442	0	0	0.569113	1	0	0	0	img_PX4_1__0_1760614003084652600.png
PX4_4	1760614002517	0	0	0.569113	0.707107	0	0	0.707107	img_PX4_4__0_1760614003161622600.png
PX4_2	1760614002598	0	0	0.569113	3.57628e-07	0	0	-1	img_PX4_2__0_1760614003241167500.png
PX4_3	1760614002661	0	0	0.569113	0.707107	0	0	-0.707107	img_PX4_3__0_1760614003306694000.png
PX4_1	1760614002727	0	0	0.569113	1	0	0	0	img_PX4_1__0_1760614003371026900.png
PX4_4	1760614002796	0	0	0.569113	0.707107	0	0	0.707107	img_PX4_4__0_1760614003438495400.png
PX4_2	1760614002865	0	0	0.569113	3.57628e-07	0	0	-1	img_PX4_2__0_1760614003508757200.png
PX4_3	1760614002952	0	0	0.569113	0.707107	0	0	-0.707107	img_PX4_3__0_1760614003597907500.png
PX4_1	1760614003033	0	0	0.569113	1	0	0	0	img_PX4_1__0_1760614003680384000.png
PX4_4	1760614003105	0	0	0.569113	0.707107	0	0	0.707107	img_PX4_4__0_1760614003752154900.png
PX4_2	1760614003198	0	0	0.569113	3.57628e-07	0	0	-1	img_PX4_2__0_1760614003843109800.png
PX4_3	1760614003276	0	0	0.569113	0.707107	0	0	-0.707107	img_PX4_3__0_1760614003921978000.png
PX4_1	1760614003351	0	0	0.569113	1	0	0	0	img_PX4_1__0_1760614003996984200.png
PX4_4	1760614003426	0	0	0.569113	0.707107	0	0	0.707107	img_PX4_4__0_1760614004072870500.png
PX4_2	1760614003501	0	0	0.569113	3.57628e-07	0	0	-1	img_PX4_2__0_1760614004147554500.png
PX4_3	1760614003570	0	0	0.569113	0.707107	0	0	-0.707107	img_PX4_3__0_1760614004216077000.png
PX4_1	1760614003630	0	0	0.569113	1	0	0	0	img_PX4_1__0_1760614004277866500.png
PX4_4	1760614003696	0	0	0.569113	0.707107	0	0	0.707107	img_PX4_4__0_1760614004345355000.png
PX4_2	1760614003762	0	0	0.569113	3.57628e-07	0	0	-1	img_PX4_2__0_1760614004411533400.png
PX4_3	1760614003828	0	0	0.569113	0.707107	0	0	-0.707107	img_PX4_3__0_1760614004477437400.png
PX4_1	1760614003873	0	0	0.569113	1	0	0	0	img_PX4_1__0_1760614004521401700.png
PX4_4	1760614003942	0	0	0.569113	0.707107	0	0	0.707107	img_PX4_4__0_1760614004589813300.png
PX4_2	1760614004008	0	0	0.569113	3.57628e-07	0	0	-1	img_PX4_2__0_1760614004656147600.png
PX4_3	1760614004065	0	0	0.569113	0.707107	0	0	-0.707107	img_PX4_3__0_1760614004714581600.png
PX4_1	1760614004125	0	0	0.569113	1	0	0	0	img_PX4_1__0_1760614004774109700.png
PX4_4	1760614004191	0	0	0.569113	0.707107	0	0	0.707107	img_PX4_4__0_1760614004839476300.png
PX4_2	1760614004254	0	0	0.569113	3.57628e-07	0	0	-1	img_PX4_2__0_1760614004905443600.png
PX4_3	1760614004320	0	0	0.569113	0.707107	0	0	-0.707107	img_PX4_3__0_1760614004971408700.png
PX4_1	1760614004380	0	0	0.569113	1	0	0	0	img_PX4_1__0_1760614005030742800.png
PX4_4	1760614004443	0	0	0.569113	0.707107	0	0	0.707107	img_PX4_4__0_1760614005094678700.png
PX4_2	1760614004509	0	0	0.569113	3.57628e-07	0	0	-1	img_PX4_2__0_1760614005160328000.png
PX4_3	1760614004572	0	0	0.569113	0.707107	0	0	-0.707107	img_PX4_3__0_1760614005222884700.png
PX4_1	1760614004632	0	0	0.569113	1	0	0	0	img_PX4_1__0_1760614005283961800.png
PX4_4	1760614004701	0	0	0.569113	0.707107	0	0	0.707107	img_PX4_4__0_1760614005352769100.png
PX4_2	1760614004767	0	0	0.569113	3.57628e-07	0	0	-1	img_PX4_2__0_1760614005419008200.png
PX4_3	1760614004836	0	0	0.569113	0.707107	0	0	-0.707107	img_PX4_3__0_1760614005487111500.png
PX4_1	1760614004899	0	0	0.569113	1	0	0	0	img_PX4_1__0_1760614005551503200.png
PX4_4	1760614004968	0	0	0.569113	0.707107	0	0	0.707107	img_PX4_4__0_1760614005622015600.png
PX4_2	1760614005037	0	0	0.569113	3.57628e-07	0	0	-1	img_PX4_2__0_1760614005691151600.png
PX4_3	1760614005103	0	0	0.569113	0.707107	0	0	-0.707107	img_PX4_3__0_1760614005756526200.png
PX4_1	1760614005157	0	0	0.569113	1	0	0	0	img_PX4_1__0_1760614005810201300.png
PX4_4	1760614005223	0	0	0.569113	0.707107	0	0	0.707107	img_PX4_4__0_1760614005876294200.png
PX4_2	1760614005292	0	0	0.569113	3.57628e-07	0	0	-1	img_PX4_2__0_1760614005945337700.png
PX4_3	1760614005358	0	0	0.569113	0.707107	0	0	-0.707107	img_PX4_3__0_1760614006013034100.png
PX4_1	1760614005427	0	0	0.569113	1	0	0	0	img_PX4_1__0_1760614006083195100.png
PX4_4	1760614005502	0	0	0.569113	0.707107	0	0	0.707107	img_PX4_4__0_1760614006157987200.png
PX4_2	1760614005574	0	0	0.569113	3.57628e-07	0	0	-1	img_PX4_2__0_1760614006228068300.png
PX4_3	1760614005646	0	0	0.569113	0.707107	0	0	-0.707107	img_PX4_3__0_1760614006301167000.png
PX4_1	1760614005700	0	0	0.569113	1	0	0	0	img_PX4_1__0_1760614006355947800.png
PX4_4	1760614005766	0	0	0.569113	0.707107	0	0	0.707107	img_PX4_4__0_1760614006420962900.png
PX4_2	1760614005826	0	0	0.569113	3.57628e-07	0	0	-1	img_PX4_2__0_1760614006482302800.png
PX4_3	1760614005889	0	0	0.569113	0.707107	0	0	-0.707107	img_PX4_3__0_1760614006546832500.png
PX4_1	1760614005949	0	0	0.569113	1	0	0	0	img_PX4_1__0_1760614006604417000.png
PX4_4	1760614006015	0	0	0.569113	0.707107	0	0	0.707107	img_PX4_4__0_1760614006670899000.png
PX4_2	1760614006081	0	0	0.569113	3.57628e-07	0	0	-1	img_PX4_2__0_1760614006739684100.png
PX4_3	1760614006147	0	0	0.569113	0.707107	0	0	-0.707107	img_PX4_3__0_1760614006805414300.png
PX4_1	1760614006204	0	0	0.569113	1	0	0	0	img_PX4_1__0_1760614006863276500.png
PX4_4	1760614006273	0	0	0.569113	0.707107	0	0	0.707107	img_PX4_4__0_1760614006930345400.png
PX4_2	1760614006336	0	0	0.569113	3.57628e-07	0	0	-1	img_PX4_2__0_1760614006995243200.png
PX4_3	1760614006402	0	0	0.569113	0.707107	0	0	-0.707107	img_PX4_3__0_1760614007060297000.png
PX4_1	1760614006459	0	0	0.569113	1	0	0	0	img_PX4_1__0_1760614007117131800.png
PX4_4	1760614006522	0	0	0.569113	0.707107	0	0	0.707107	img_PX4_4__0_1760614007182062000.png
PX4_2	1760614006585	0	0	0.569113	3.57628e-07	0	0	-1	img_PX4_2__0_1760614007242641400.png
PX4_3	1760614006648	0	0	0.569113	0.707107	0	0	-0.707107	img_PX4_3__0_1760614007307689000.png
PX4_1	1760614006711	0	0	0.569113	1	0	0	0	img_PX4_1__0_1760614007369950900.png
PX4_4	1760614006777	0	0	0.569113	0.707107	0	0	0.707107	img_PX4_4__0_1760614007436293400.png
PX4_2	1760614006840	0	0	0.569113	3.57628e-07	0	0	-1	img_PX4_2__0_1760614007500768200.png
PX4_3	1760614006903	0	0	0.569113	0.707107	0	0	-0.707107	img_PX4_3__0_1760614007564791400.png
PX4_1	1760614006963	0	0	0.569113	1	0	0	0	img_PX4_1__0_1760614007624329200.png
PX4_4	1760614007029	0	0	0.569113	0.707107	0	0	0.707107	img_PX4_4__0_1760614007691023900.png
PX4_2	1760614007092	0	0	0.569113	3.57628e-07	0	0	-1	img_PX4_2__0_1760614007754586200.png
PX4_3	1760614007161	0	0	0.569113	0.707107	0	0	-0.707107	img_PX4_3__0_1760614007822336700.png
PX4_1	1760614007221	0	0	0.569113	1	0	0	0	img_PX4_1__0_1760614007881762500.png
PX4_4	1760614007287	0	0	0.569113	0.707107	0	0	0.707107	img_PX4_4__0_1760614007949976100.png
PX4_2	1760614007353	0	0	0.569113	3.57628e-07	0	0	-1	img_PX4_2__0_1760614008014411300.png
PX4_3	1760614007416	0	0	0.569113	0.707107	0	0	-0.707107	img_PX4_3__0_1760614008079744700.png
PX4_1	1760614007473	0	0	0.569113	1	0	0	0	img_PX4_1__0_1760614008137851800.png
PX4_4	1760614007539	0	0	0.569113	0.707107	0	0	0.707107	img_PX4_4__0_1760614008202158600.png
PX4_2	1760614007602	0	0	0.569113	3.57628e-07	0	0	-1	img_PX4_2__0_1760614008264779300.png
PX4_3	1760614007668	0	0	0.569113	0.707107	0	0	-0.707107	img_PX4_3__0_1760614008331337900.png
PX4_1	1760614007728	0	0	0.569113	1	0	0	0	img_PX4_1__0_1760614008392066700.png
PX4_4	1760614007794	0	0	0.569113	0.707107	0	0	0.707107	img_PX4_4__0_1760614008459472400.png
PX4_2	1760614007863	0	0	0.569113	3.57628e-07	0	0	-1	img_PX4_2__0_1760614008529045500.png
PX4_3	1760614007929	0	0	0.569113	0.707107	0	0	-0.707107	img_PX4_3__0_1760614008593590400.png
PX4_1	1760614007986	0	0	0.569113	1	0	0	0	img_PX4_1__0_1760614008651214000.png
PX4_4	1760614008052	0	0	0.569113	0.707107	0	0	0.707107	img_PX4_4__0_1760614008716902500.png
PX4_2	1760614008115	0	0	0.569113	3.57628e-07	0	0	-1	img_PX4_2__0_1760614008780542500.png
PX4_3	1760614008175	0	0	0.569113	0.707107	0	0	-0.707107	img_PX4_3__0_1760614008841626900.png
PX4_1	1760614008223	0	0	0.569113	1	0	0	0	img_PX4_1__0_1760614008887463700.png
PX4_4	1760614008277	0	0	0.569113	0.707107	0	0	0.707107	img_PX4_4__0_1760614008944379000.png
PX4_2	1760614008343	0	0	0.569113	3.57628e-07	0	0	-1	img_PX4_2__0_1760614009008486900.png
PX4_3	1760614008403	0	0	0.569113	0.707107	0	0	-0.707107	img_PX4_3__0_1760614009069901300.png
PX4_1	1760614008460	0	0	0.569113	1	0	0	0	img_PX4_1__0_1760614009128752800.png
PX4_4	1760614008526	0	0	0.569113	0.707107	0	0	0.707107	img_PX4_4__0_1760614009192263800.png
PX4_2	1760614008592	0	0	0.569113	3.57628e-07	0	0	-1	img_PX4_2__0_1760614009258689400.png
PX4_3	1760614008652	0	0	0.569113	0.707107	0	0	-0.707107	img_PX4_3__0_1760614009320772300.png
PX4_1	1760614008712	0	0	0.569113	1	0	0	0	img_PX4_1__0_1760614009379657400.png
PX4_4	1760614008772	0	0	0.569113	0.707107	0	0	0.707107	img_PX4_4__0_1760614009439307800.png
PX4_2	1760614008841	0	0	0.569113	3.57628e-07	0	0	-1	img_PX4_2__0_1760614009508121400.png
PX4_3	1760614008898	0	0	0.569113	0.707107	0	0	-0.707107	img_PX4_3__0_1760614009566417400.png
PX4_1	1760614008949	0	0	0.569113	1	0	0	0	img_PX4_1__0_1760614009617244400.png
PX4_4	1760614009007	0	0	0.569113	0.707107	0	0	0.707107	img_PX4_4__0_1760614009676531800.png
PX4_2	1760614009073	0	0	0.569113	3.57628e-07	0	0	-1	img_PX4_2__0_1760614009740515300.png
PX4_3	1760614009139	0	0	0.569113	0.707107	0	0	-0.707107	img_PX4_3__0_1760614009806092200.png
PX4_1	1760614009196	0	0	0.569113	1	0	0	0	img_PX4_1__0_1760614009863347600.png
PX4_4	1760614009256	0	0	0.569113	0.707107	0	0	0.707107	img_PX4_4__0_1760614009924704900.png
PX4_2	1760614009322	0	0	0.569113	3.57628e-07	0	0	-1	img_PX4_2__0_1760614009991810100.png
PX4_3	1760614009388	0	0	0.569113	0.707107	0	0	-0.707107	img_PX4_3__0_1760614010056547800.png
PX4_1	1760614009442	0	0	0.569113	1	0	0	0	img_PX4_1__0_1760614010112043900.png
PX4_4	1760614009505	0	0	0.569113	0.707107	0	0	0.707107	img_PX4_4__0_1760614010174045000.png
PX4_2	1760614009565	0	0	0.569113	3.57628e-07	0	0	-1	img_PX4_2__0_1760614010235110300.png
PX4_3	1760614009610	0	0	0.569113	0.707107	0	0	-0.707107	img_PX4_3__0_1760614010280708700.png
PX4_1	1760614009664	0	0	0.569113	1	0	0	0	img_PX4_1__0_1760614010334193900.png
PX4_4	1760614009724	0	0	0.569113	0.707107	0	0	0.707107	img_PX4_4__0_1760614010393664800.png
PX4_2	1760614009775	0	0	0.569113	3.57628e-07	0	0	-1	img_PX4_2__0_1760614010445760300.png
PX4_3	1760614009838	0	0	0.569113	0.707107	0	0	-0.707107	img_PX4_3__0_1760614010508672200.png
PX4_1	1760614009895	0	0	0.569113	1	0	0	0	img_PX4_1__0_1760614010566799700.png
PX4_4	1760614009955	0	0	0.569113	0.707107	0	0	0.707107	img_PX4_4__0_1760614010626032300.png
PX4_2	1760614010021	0	0	0.569113	3.57628e-07	0	0	-1	img_PX4_2__0_1760614010692264500.png
PX4_3	1760614010087	0	0	0.569113	0.707107	0	0	-0.707107	img_PX4_3__0_1760614010758272600.png
PX4_1	1760614010150	0	0	0.569113	1	0	0	0	img_PX4_1__0_1760614010821120800.png
PX4_4	1760614010213	0	0	0.569113	0.707107	0	0	0.707107	img_PX4_4__0_1760614010885733500.png
PX4_2	1760614010282	0	0	0.569113	3.57628e-07	0	0	-1	img_PX4_2__0_1760614010954954400.png
PX4_3	1760614010348	0	0	0.569113	0.707107	0	0	-0.707107	img_PX4_3__0_1760614011021863100.png
PX4_1	1760614010408	0	0	0.569113	1	0	0	0	img_PX4_1__0_1760614011081493400.png
PX4_4	1760614010471	0	0	0.569113	0.707107	0	0	0.707107	img_PX4_4__0_1760614011143794800.png
PX4_2	1760614010531	0	0	0.569113	3.57628e-07	0	0	-1	img_PX4_2__0_1760614011206502200.png
PX4_3	1760614010600	0	0	0.569113	0.707107	0	0	-0.707107	img_PX4_3__0_1760614011273989700.png
PX4_1	1760614010657	0	0	0.569113	1	0	0	0	img_PX4_1__0_1760614011331586000.png
PX4_4	1760614010720	0	0	0.569113	0.707107	0	0	0.707107	img_PX4_4__0_1760614011393662700.png
PX4_2	1760614010783	0	0	0.569113	3.57628e-07	0	0	-1	img_PX4_2__0_1760614011458869500.png
PX4_3	1760614010840	0	0	0.569113	0.707107	0	0	-0.707107	img_PX4_3__0_1760614011515490000.png
PX4_1	1760614010882	0	0	0.569113	1	0	0	0	img_PX4_1__0_1760614011556656300.png
PX4_4	1760614010942	0	0	0.569113	0.707107	0	0	0.707107	img_PX4_4__0_1760614011618331300.png
PX4_2	1760614011005	0	0	0.569113	3.57628e-07	0	0	-1	img_PX4_2__0_1760614011680422300.png
PX4_3	1760614011056	0	0	0.569113	0.707107	0	0	-0.707107	img_PX4_3__0_1760614011730994200.png
PX4_1	1760614011110	0	0	0.569113	1	0	0	0	img_PX4_1__0_1760614011787340900.png
PX4_4	1760614011173	0	0	0.569113	0.707107	0	0	0.707107	img_PX4_4__0_1760614011849576200.png
PX4_2	1760614011239	0	0	0.569113	3.57628e-07	0	0	-1	img_PX4_2__0_1760614011914689800.png
PX4_3	1760614011302	0	0	0.569113	0.707107	0	0	-0.707107	img_PX4_3__0_1760614011978095400.png
PX4_1	1760614011359	0	0	0.569113	1	0	0	0	img_PX4_1__0_1760614012035998200.png
PX4_4	1760614011419	0	0	0.569113	0.707107	0	0	0.707107	img_PX4_4__0_1760614012096347700.png
PX4_2	1760614011482	0	0	0.569113	3.57628e-07	0	0	-1	img_PX4_2__0_1760614012157878600.png
PX4_3	1760614011542	0	0	0.569113	0.707107	0	0	-0.707107	img_PX4_3__0_1760614012217296600.png
PX4_1	1760614011578	0	0	0.569113	1	0	0	0	img_PX4_1__0_1760614012254494800.png
PX4_4	1760614011644	0	0	0.569113	0.707107	0	0	0.707107	img_PX4_4__0_1760614012320408000.png
PX4_2	1760614011707	0	0	0.569113	3.57628e-07	0	0	-1	img_PX4_2__0_1760614012383538500.png
PX4_3	1760614011767	0	0	0.569113	0.707107	0	0	-0.707107	img_PX4_3__0_1760614012442694100.png
PX4_1	1760614011809	0	0	0.569113	1	0	0	0	img_PX4_1__0_1760614012486910800.png
PX4_4	1760614011872	0	0	0.569113	0.707107	0	0	0.707107	img_PX4_4__0_1760614012548793100.png
PX4_2	1760614011935	0	0	0.569113	3.57628e-07	0	0	-1	img_PX4_2__0_1760614012613974700.png
PX4_3	1760614011998	0	0	0.569113	0.707107	0	0	-0.707107	img_PX4_3__0_1760614012674936500.png
PX4_1	1760614012049	0	0	0.569113	1	0	0	0	img_PX4_1__0_1760614012728823400.png
PX4_4	1760614012112	0	0	0.569113	0.707107	0	0	0.707107	img_PX4_4__0_1760614012790187100.png
PX4_2	1760614012175	0	0	0.569113	3.57628e-07	0	0	-1	img_PX4_2__0_1760614012855495500.png
PX4_3	1760614012232	0	0	0.569113	0.707107	0	0	-0.707107	img_PX4_3__0_1760614012912587300.png
PX4_1	1760614012292	0	0	0.569113	1	0	0	0	img_PX4_1__0_1760614012970898500.png
PX4_4	1760614012349	0	0	0.569113	0.707107	0	0	0.707107	img_PX4_4__0_1760614013030556500.png
PX4_2	1760614012415	0	0	0.569113	3.57628e-07	0	0	-1	img_PX4_2__0_1760614013094929200.png
PX4_3	1760614012481	0	0	0.569113	0.707107	0	0	-0.707107	img_PX4_3__0_1760614013159728800.png
PX4_1	1760614012529	0	0	0.569113	1	0	0	0	img_PX4_1__0_1760614013209168700.png
PX4_4	1760614012571	0	0	0.569113	0.707107	0	0	0.707107	img_PX4_4__0_1760614013252479200.png
PX4_2	1760614012637	0	0	0.569113	3.57628e-07	0	0	-1	img_PX4_2__0_1760614013318543700.png
PX4_3	1760614012712	0	0	0.569113	0.707107	0	0	-0.707107	img_PX4_3__0_1760614013391655500.png
PX4_1	1760614012772	0	0	0.569113	1	0	0	0	img_PX4_1__0_1760614013454182500.png
PX4_4	1760614012838	0	0	0.569113	0.707107	0	0	0.707107	img_PX4_4__0_1760614013518757500.png
PX4_2	1760614012901	0	0	0.569113	3.57628e-07	0	0	-1	img_PX4_2__0_1760614013583013100.png
PX4_3	1760614012949	0	0	0.569113	0.707107	0	0	-0.707107	img_PX4_3__0_1760614013630807400.png
PX4_1	1760614013000	0	0	0.569113	1	0	0	0	img_PX4_1__0_1760614013680161200.png
PX4_4	1760614013060	0	0	0.569113	0.707107	0	0	0.707107	img_PX4_4__0_1760614013743161900.png
PX4_2	1760614013120	0	0	0.569113	3.57628e-07	0	0	-1	img_PX4_2__0_1760614013801046700.png
PX4_3	1760614013183	0	0	0.569113	0.707107	0	0	-0.707107	img_PX4_3__0_1760614013864007600.png
PX4_1	1760614013240	0	0	0.569113	1	0	0	0	img_PX4_1__0_1760614013921409000.png
PX4_4	1760614013297	0	0	0.569113	0.707107	0	0	0.707107	img_PX4_4__0_1760614013978956700.png
PX4_2	1760614013369	0	0	0.569113	3.57628e-07	0	0	-1	img_PX4_2__0_1760614014051178500.png
PX4_3	1760614013435	0	0	0.569113	0.707107	0	0	-0.707107	img_PX4_3__0_1760614014119439400.png
PX4_1	1760614013495	0	0	0.569113	1	0	0	0	img_PX4_1__0_1760614014179161200.png
PX4_4	1760614013561	0	0	0.569113	0.707107	0	0	0.707107	img_PX4_4__0_1760614014245237000.png
PX4_2	1760614013627	0	0	0.569113	3.57628e-07	0	0	-1	img_PX4_2__0_1760614014312340100.png
PX4_3	1760614013693	0	0	0.569113	0.707107	0	0	-0.707107	img_PX4_3__0_1760614014377052000.png
PX4_1	1760614013753	0	0	0.569113	1	0	0	0	img_PX4_1__0_1760614014438462000.png
PX4_4	1760614013816	0	0	0.569113	0.707107	0	0	0.707107	img_PX4_4__0_1760614014502526100.png
PX4_2	1760614013885	0	0	0.569113	3.57628e-07	0	0	-1	img_PX4_2__0_1760614014570095600.png
PX4_3	1760614013948	0	0	0.569113	0.707107	0	0	-0.707107	img_PX4_3__0_1760614014633002400.png
PX4_1	1760614014008	0	0	0.569113	1	0	0	0	img_PX4_1__0_1760614014692454400.png
PX4_4	1760614014074	0	0	0.569113	0.707107	0	0	0.707107	img_PX4_4__0_1760614014758748300.png
PX4_2	1760614014143	0	0	0.569113	3.57628e-07	0	0	-1	img_PX4_2__0_1760614014828001400.png
PX4_3	1760614014209	0	0	0.569113	0.707107	0	0	-0.707107	img_PX4_3__0_1760614014894828800.png
PX4_1	1760614014266	0	0	0.569113	1	0	0	0	img_PX4_1__0_1760614014953253700.png
PX4_4	1760614014335	0	0	0.569113	0.707107	0	0	0.707107	img_PX4_4__0_1760614015019978400.png
PX4_2	1760614014401	0	0	0.569113	3.57628e-07	0	0	-1	img_PX4_2__0_1760614015088137500.png
PX4_3	1760614014467	0	0	0.569113	0.707107	0	0	-0.707107	img_PX4_3__0_1760614015152610800.png
PX4_1	1760614014527	0	0	0.569113	1	0	0	0	img_PX4_1__0_1760614015211989200.png
PX4_4	1760614014590	0	0	0.569113	0.707107	0	0	0.707107	img_PX4_4__0_1760614015275213600.png
PX4_2	1760614014653	0	0	0.569113	3.57628e-07	0	0	-1	img_PX4_2__0_1760614015340566500.png
PX4_3	1760614014719	0	0	0.569113	0.707107	0	0	-0.707107	img_PX4_3__0_1760614015406169000.png
PX4_1	1760614014776	0	0	0.569113	1	0	0	0	img_PX4_1__0_1760614015463951600.png
PX4_4	1760614014839	0	0	0.569113	0.707107	0	0	0.707107	img_PX4_4__0_1760614015528070500.png
PX4_2	1760614014911	0	0	0.569113	3.57628e-07	0	0	-1	img_PX4_2__0_1760614015600026000.png
PX4_3	1760614014980	0	0	0.569113	0.707107	0	0	-0.707107	img_PX4_3__0_1760614015668583800.png
PX4_1	1760614015040	0	0	0.569113	1	0	0	0	img_PX4_1__0_1760614015729080100.png
PX4_4	1760614015106	0	0	0.569113	0.707107	0	0	0.707107	img_PX4_4__0_1760614015793839900.png
PX4_2	1760614015175	0	0	0.569113	3.57628e-07	0	0	-1	img_PX4_2__0_1760614015863875200.png
PX4_3	1760614015235	0	0	0.569113	0.707107	0	0	-0.707107	img_PX4_3__0_1760614015924755800.png
PX4_1	1760614015292	0	0	0.569113	1	0	0	0	img_PX4_1__0_1760614015981538000.png
PX4_4	1760614015355	0	0	0.569113	0.707107	0	0	0.707107	img_PX4_4__0_1760614016043417500.png
PX4_2	1760614015424	0	0	0.569113	3.57628e-07	0	0	-1	img_PX4_2__0_1760614016113192200.png
PX4_3	1760614015493	0	0	0.569113	0.707107	0	0	-0.707107	img_PX4_3__0_1760614016182279100.png
PX4_1	1760614015550	0	0	0.569113	1	0	0	0	img_PX4_1__0_1760614016240268300.png
PX4_4	1760614015613	0	0	0.569113	0.707107	0	0	0.707107	img_PX4_4__0_1760614016304054100.png
PX4_2	1760614015679	0	0	0.569113	3.57628e-07	0	0	-1	img_PX4_2__0_1760614016369819000.png
PX4_3	1760614015751	0	0	0.569113	0.707107	0	0	-0.707107	img_PX4_3__0_1760614016441323300.png
PX4_1	1760614015811	0	0	0.569113	1	0	0	0	img_PX4_1__0_1760614016500484100.png
PX4_4	1760614015868	0	0	0.569113	0.707107	0	0	0.707107	img_PX4_4__0_1760614016560863400.png
PX4_2	1760614015943	0	0	0.569113	3.57628e-07	0	0	-1	img_PX4_2__0_1760614016633677400.png
PX4_3	1760614016006	0	0	0.569113	0.707107	0	0	-0.707107	img_PX4_3__0_1760614016697160900.png
PX4_1	1760614016063	0	0	0.569113	1	0	0	0	img_PX4_1__0_1760614016753957400.png
PX4_4	1760614016123	0	0	0.569113	0.707107	0	0	0.707107	img_PX4_4__0_1760614016813420900.png
PX4_2	1760614016189	0	0	0.569113	3.57628e-07	0	0	-1	img_PX4_2__0_1760614016880365700.png
PX4_3	1760614016252	0	0	0.569113	0.707107	0	0	-0.707107	img_PX4_3__0_1760614016944817300.png
PX4_1	1760614016312	0	0	0.569113	1	0	0	0	img_PX4_1__0_1760614017004594000.png
PX4_4	1760614016378	0	0	0.569113	0.707107	0	0	0.707107	img_PX4_4__0_1760614017069761900.png
PX4_2	1760614016450	0	0	0.569113	3.57628e-07	0	0	-1	img_PX4_2__0_1760614017141013600.png
PX4_3	1760614016513	0	0	0.569113	0.707107	0	0	-0.707107	img_PX4_3__0_1760614017204804800.png
PX4_1	1760614016573	0	0	0.569113	1	0	0	0	img_PX4_1__0_1760614017264386800.png
PX4_4	1760614016633	0	0	0.569113	0.707107	0	0	0.707107	img_PX4_4__0_1760614017327635700.png
PX4_2	1760614016699	0	0	0.569113	3.57628e-07	0	0	-1	img_PX4_2__0_1760614017392633300.png
PX4_3	1760614016762	0	0	0.569113	0.707107	0	0	-0.707107	img_PX4_3__0_1760614017453673700.png
PX4_1	1760614016819	0	0	0.569113	1	0	0	0	img_PX4_1__0_1760614017512576400.png
PX4_4	1760614016879	0	0	0.569113	0.707107	0	0	0.707107	img_PX4_4__0_1760614017573298100.png
PX4_2	1760614016948	0	0	0.569113	3.57628e-07	0	0	-1	img_PX4_2__0_1760614017640403100.png
PX4_3	1760614017014	0	0	0.569113	0.707107	0	0	-0.707107	img_PX4_3__0_1760614017707260500.png
PX4_1	1760614017077	0	0	0.569113	1	0	0	0	img_PX4_1__0_1760614017769692900.png
PX4_4	1760614017140	0	0	0.569113	0.707107	0	0	0.707107	img_PX4_4__0_1760614017832750200.png
PX4_2	1760614017206	0	0	0.569113	3.57628e-07	0	0	-1	img_PX4_2__0_1760614017899587300.png
PX4_3	1760614017272	0	0	0.569113	0.707107	0	0	-0.707107	img_PX4_3__0_1760614017967237000.png
PX4_1	1760614017338	0	0	0.569113	1	0	0	0	img_PX4_1__0_1760614018032996400.png
PX4_4	1760614017407	0	0	0.569113	0.707107	0	0	0.707107	img_PX4_4__0_1760614018100365400.png
PX4_2	1760614017476	0	0	0.569113	3.57628e-07	0	0	-1	img_PX4_2__0_1760614018170595200.png
PX4_3	1760614017539	0	0	0.569113	0.707107	0	0	-0.707107	img_PX4_3__0_1760614018235352600.png
PX4_1	1760614017599	0	0	0.569113	1	0	0	0	img_PX4_1__0_1760614018294005300.png
PX4_4	1760614017662	0	0	0.569113	0.707107	0	0	0.707107	img_PX4_4__0_1760614018356796300.png
PX4_2	1760614017728	0	0	0.569113	3.57628e-07	0	0	-1	img_PX4_2__0_1760614018422877900.png
PX4_3	1760614017794	0	0	0.569113	0.707107	0	0	-0.707107	img_PX4_3__0_1760614018489654100.png
PX4_1	1760614017854	0	0	0.569113	1	0	0	0	img_PX4_1__0_1760614018548822300.png
PX4_4	1760614017914	0	0	0.569113	0.707107	0	0	0.707107	img_PX4_4__0_1760614018610186200.png
PX4_2	1760614017980	0	0	0.569113	3.57628e-07	0	0	-1	img_PX4_2__0_1760614018676745300.png
PX4_3	1760614018043	0	0	0.569113	0.707107	0	0	-0.707107	img_PX4_3__0_1760614018737961600.png
PX4_1	1760614018100	0	0	0.569113	1	0	0	0	img_PX4_1__0_1760614018796813200.png
PX4_4	1760614018163	0	0	0.569113	0.707107	0	0	0.707107	img_PX4_4__0_1760614018860847700.png
PX4_2	1760614018232	0	0	0.569113	3.57628e-07	0	0	-1	img_PX4_2__0_1760614018929423500.png
PX4_3	1760614018295	0	0	0.569113	0.707107	0	0	-0.707107	img_PX4_3__0_1760614018993383800.png
PX4_1	1760614018358	0	0	0.569113	1	0	0	0	img_PX4_1__0_1760614019055319300.png
PX4_4	1760614018421	0	0	0.569113	0.707107	0	0	0.707107	img_PX4_4__0_1760614019118609900.png
PX4_2	1760614018484	0	0	0.569113	3.57628e-07	0	0	-1	img_PX4_2__0_1760614019183520700.png
PX4_3	1760614018550	0	0	0.569113	0.707107	0	0	-0.707107	img_PX4_3__0_1760614019248036900.png
PX4_1	1760614018610	0	0	0.569113	1	0	0	0	img_PX4_1__0_1760614019308406000.png
PX4_4	1760614018673	0	0	0.569113	0.707107	0	0	0.707107	img_PX4_4__0_1760614019372086200.png
PX4_2	1760614018742	0	0	0.569113	3.57628e-07	0	0	-1	img_PX4_2__0_1760614019440194600.png
PX4_3	1760614018805	0	0	0.569113	0.707107	0	0	-0.707107	img_PX4_3__0_1760614019503097400.png
PX4_1	1760614018847	0	0	0.569113	1	0	0	0	img_PX4_1__0_1760614019544720000.png
PX4_4	1760614018910	0	0	0.569113	0.707107	0	0	0.707107	img_PX4_4__0_1760614019608028100.png
PX4_2	1760614018973	0	0	0.569113	3.57628e-07	0	0	-1	img_PX4_2__0_1760614019673886700.png
PX4_3	1760614019027	0	0	0.569113	0.707107	0	0	-0.707107	img_PX4_3__0_1760614019725590500.png
PX4_1	1760614019084	0	0	0.569113	1	0	0	0	img_PX4_1__0_1760614019784447400.png
PX4_4	1760614019147	0	0	0.569113	0.707107	0	0	0.707107	img_PX4_4__0_1760614019848050700.png
PX4_2	1760614019216	0	0	0.569113	3.57628e-07	0	0	-1	img_PX4_2__0_1760614019915175800.png
PX4_3	1760614019285	0	0	0.569113	0.707107	0	0	-0.707107	img_PX4_3__0_1760614019984801500.png
PX4_1	1760614019351	0	0	0.569113	1	0	0	0	img_PX4_1__0_1760614020051429900.png
PX4_4	1760614019423	0	0	0.569113	0.707107	0	0	0.707107	img_PX4_4__0_1760614020122655300.png
PX4_2	1760614019483	0	0	0.569113	3.57628e-07	0	0	-1	img_PX4_2__0_1760614020184034400.png
PX4_3	1760614019549	0	0	0.569113	0.707107	0	0	-0.707107	img_PX4_3__0_1760614020249814400.png
PX4_1	1760614019606	0	0	0.569113	1	0	0	0	img_PX4_1__0_1760614020306629200.png
PX4_4	1760614019675	0	0	0.569113	0.707107	0	0	0.707107	img_PX4_4__0_1760614020376440500.png
PX4_2	1760614019744	0	0	0.569113	3.57628e-07	0	0	-1	img_PX4_2__0_1760614020444247700.png
PX4_3	1760614019810	0	0	0.569113	0.707107	0	0	-0.707107	img_PX4_3__0_1760614020510524700.png
PX4_1	1760614019864	0	0	0.569113	1	0	0	0	img_PX4_1__0_1760614020566058300.png
PX4_4	1760614019936	0	0	0.569113	0.707107	0	0	0.707107	img_PX4_4__0_1760614020637968200.png
PX4_2	1760614020002	0	0	0.569113	3.57628e-07	0	0	-1	img_PX4_2__0_1760614020703089500.png
PX4_3	1760614020059	0	0	0.569113	0.707107	0	0	-0.707107	img_PX4_3__0_1760614020761136000.png
PX4_1	1760614020101	0	0	0.569113	1	0	0	0	img_PX4_1__0_1760614020804977500.png
PX4_4	1760614020173	0	0	0.569113	0.707107	0	0	0.707107	img_PX4_4__0_1760614020875495000.png
PX4_2	1760614020251	0	0	0.569113	3.57628e-07	0	0	-1	img_PX4_2__0_1760614020953238300.png
PX4_3	1760614020317	0	0	0.569113	0.707107	0	0	-0.707107	img_PX4_3__0_1760614021019949900.png
PX4_1	1760614020365	0	0	0.569113	1	0	0	0	img_PX4_1__0_1760614021070525700.png
PX4_4	1760614020437	0	0	0.569113	0.707107	0	0	0.707107	img_PX4_4__0_1760614021142426700.png
PX4_2	1760614020506	0	0	0.569113	3.57628e-07	0	0	-1	img_PX4_2__0_1760614021210255500.png
PX4_3	1760614020569	0	0	0.569113	0.707107	0	0	-0.707107	img_PX4_3__0_1760614021275146600.png
PX4_1	1760614020629	0	0	0.569113	1	0	0	0	img_PX4_1__0_1760614021333468000.png
PX4_4	1760614020698	0	0	0.569113	0.707107	0	0	0.707107	img_PX4_4__0_1760614021403666400.png
PX4_2	1760614020773	0	0	0.569113	3.57628e-07	0	0	-1	img_PX4_2__0_1760614021479441200.png
PX4_3	1760614020842	0	0	0.569113	0.707107	0	0	-0.707107	img_PX4_3__0_1760614021548981300.png
PX4_1	1760614020905	0	0	0.569113	1	0	0	0	img_PX4_1__0_1760614021613665300.png
PX4_4	1760614020971	0	0	0.569113	0.707107	0	0	0.707107	img_PX4_4__0_1760614021677957600.png
PX4_2	1760614021043	0	0	0.569113	3.57628e-07	0	0	-1	img_PX4_2__0_1760614021749709500.png
PX4_3	1760614021109	0	0	0.569113	0.707107	0	0	-0.707107	img_PX4_3__0_1760614021817204900.png
PX4_1	1760614021166	0	0	0.569113	1	0	0	0	img_PX4_1__0_1760614021873290200.png
PX4_4	1760614021226	0	0	0.569113	0.707107	0	0	0.707107	img_PX4_4__0_1760614021934783000.png
PX4_2	1760614021295	0	0	0.569113	3.57628e-07	0	0	-1	img_PX4_2__0_1760614022004100600.png
PX4_3	1760614021376	0	0	0.569113	0.707107	0	0	-0.707107	img_PX4_3__0_1760614022084135700.png
PX4_1	1760614021433	0	0	0.569113	1	0	0	0	img_PX4_1__0_1760614022143348600.png
PX4_4	1760614021493	0	0	0.569113	0.707107	0	0	0.707107	img_PX4_4__0_1760614022204035600.png
PX4_2	1760614021565	0	0	0.569113	3.57628e-07	0	0	-1	img_PX4_2__0_1760614022273918500.png
PX4_3	1760614021631	0	0	0.569113	0.707107	0	0	-0.707107	img_PX4_3__0_1760614022340404000.png
PX4_1	1760614021685	0	0	0.569113	1	0	0	0	img_PX4_1__0_1760614022396166800.png
PX4_4	1760614021745	0	0	0.569113	0.707107	0	0	0.707107	img_PX4_4__0_1760614022457343600.png
PX4_2	1760614021811	0	0	0.569113	3.57628e-07	0	0	-1	img_PX4_2__0_1760614022521756200.png
PX4_3	1760614021868	0	0	0.569113	0.707107	0	0	-0.707107	img_PX4_3__0_1760614022579215400.png
PX4_1	1760614021925	0	0	0.569113	1	0	0	0	img_PX4_1__0_1760614022637536000.png
PX4_4	1760614021991	0	0	0.569113	0.707107	0	0	0.707107	img_PX4_4__0_1760614022702204900.png
PX4_2	1760614022060	0	0	0.569113	3.57628e-07	0	0	-1	img_PX4_2__0_1760614022772196200.png
PX4_3	1760614022126	0	0	0.569113	0.707107	0	0	-0.707107	img_PX4_3__0_1760614022838743600.png
PX4_1	1760614022183	0	0	0.569113	1	0	0	0	img_PX4_1__0_1760614022895063800.png
PX4_4	1760614022246	0	0	0.569113	0.707107	0	0	0.707107	img_PX4_4__0_1760614022960323300.png
PX4_2	1760614022300	0	0	0.569113	3.57628e-07	0	0	-1	img_PX4_2__0_1760614023012845200.png
PX4_3	1760614022366	0	0	0.569113	0.707107	0	0	-0.707107	img_PX4_3__0_1760614023079021300.png
PX4_1	1760614022414	0	0	0.569113	1	0	0	0	img_PX4_1__0_1760614023128320700.png
PX4_4	1760614022477	0	0	0.569113	0.707107	0	0	0.707107	img_PX4_4__0_1760614023190172800.png
PX4_2	1760614022531	0	0	0.569113	3.57628e-07	0	0	-1	img_PX4_2__0_1760614023244519600.png
PX4_3	1760614022594	0	0	0.569113	0.707107	0	0	-0.707107	img_PX4_3__0_1760614023308115100.png
PX4_1	1760614022654	0	0	0.569113	1	0	0	0	img_PX4_1__0_1760614023370048000.png
PX4_4	1760614022717	0	0	0.569113	0.707107	0	0	0.707107	img_PX4_4__0_1760614023432650800.png
PX4_2	1760614022786	0	0	0.569113	3.57628e-07	0	0	-1	img_PX4_2__0_1760614023501135000.png
PX4_3	1760614022846	0	0	0.569113	0.707107	0	0	-0.707107	img_PX4_3__0_1760614023562841800.png
PX4_1	1760614022906	0	0	0.569113	1	0	0	0	img_PX4_1__0_1760614023622507900.png
PX4_4	1760614022972	0	0	0.569113	0.707107	0	0	0.707107	img_PX4_4__0_1760614023688294700.png
PX4_2	1760614023035	0	0	0.569113	3.57628e-07	0	0	-1	img_PX4_2__0_1760614023752977400.png
PX4_3	1760614023101	0	0	0.569113	0.707107	0	0	-0.707107	img_PX4_3__0_1760614023816587500.png
PX4_1	1760614023161	0	0	0.569113	1	0	0	0	img_PX4_1__0_1760614023876924900.png
PX4_4	1760614023218	0	0	0.569113	0.707107	0	0	0.707107	img_PX4_4__0_1760614023935560600.png
PX4_2	1760614023281	0	0	0.569113	3.57628e-07	0	0	-1	img_PX4_2__0_1760614023996516800.png
PX4_3	1760614023344	0	0	0.569113	0.707107	0	0	-0.707107	img_PX4_3__0_1760614024060213600.png
PX4_1	1760614023398	0	0	0.569113	1	0	0	0	img_PX4_1__0_1760614024115060200.png
PX4_4	1760614023458	0	0	0.569113	0.707107	0	0	0.707107	img_PX4_4__0_1760614024175649200.png
PX4_2	1760614023524	0	0	0.569113	3.57628e-07	0	0	-1	img_PX4_2__0_1760614024240612500.png
PX4_3	1760614023584	0	0	0.569113	0.707107	0	0	-0.707107	img_PX4_3__0_1760614024302523500.png
PX4_1	1760614023644	0	0	0.569113	1	0	0	0	img_PX4_1__0_1760614024361496900.png
PX4_4	1760614023707	0	0	0.569113	0.707107	0	0	0.707107	img_PX4_4__0_1760614024424710600.png
PX4_2	1760614023773	0	0	0.569113	3.57628e-07	0	0	-1	img_PX4_2__0_1760614024491618100.png
PX4_3	1760614023839	0	0	0.569113	0.707107	0	0	-0.707107	img_PX4_3__0_1760614024557575600.png
PX4_1	1760614023902	0	0	0.569113	1	0	0	0	img_PX4_1__0_1760614024619697200.png
PX4_4	1760614023965	0	0	0.569113	0.707107	0	0	0.707107	img_PX4_4__0_1760614024682909600.png
PX4_2	1760614024028	0	0	0.569113	3.57628e-07	0	0	-1	img_PX4_2__0_1760614024748060800.png
PX4_3	1760614024091	0	0	0.569113	0.707107	0	0	-0.707107	img_PX4_3__0_1760614024809972400.png
PX4_1	1760614024148	0	0	0.569113	1	0	0	0	img_PX4_1__0_1760614024867389200.png
PX4_4	1760614024211	0	0	0.569113	0.707107	0	0	0.707107	img_PX4_4__0_1760614024929044400.png
PX4_2	1760614024274	0	0	0.569113	3.57628e-07	0	0	-1	img_PX4_2__0_1760614024993362200.png
PX4_3	1760614024340	0	0	0.569113	0.707107	0	0	-0.707107	img_PX4_3__0_1760614025060708700.png
PX4_1	1760614024400	0	0	0.569113	1	0	0	0	img_PX4_1__0_1760614025120434900.png
PX4_4	1760614024466	0	0	0.569113	0.707107	0	0	0.707107	img_PX4_4__0_1760614025185511400.png
PX4_2	1760614024535	0	0	0.569113	3.57628e-07	0	0	-1	img_PX4_2__0_1760614025253834100.png
PX4_3	1760614024598	0	0	0.569113	0.707107	0	0	-0.707107	img_PX4_3__0_1760614025318252000.png
PX4_1	1760614024658	0	0	0.569113	1	0	0	0	img_PX4_1__0_1760614025378131300.png
PX4_4	1760614024718	0	0	0.569113	0.707107	0	0	0.707107	img_PX4_4__0_1760614025439455100.png
PX4_2	1760614024781	0	0	0.569113	3.57628e-07	0	0	-1	img_PX4_2__0_1760614025502384700.png
PX4_3	1760614024838	0	0	0.569113	0.707107	0	0	-0.707107	img_PX4_3__0_1760614025560682400.png
PX4_1	1760614024895	0	0	0.569113	1	0	0	0	img_PX4_1__0_1760614025615525800.png
PX4_4	1760614024955	0	0	0.569113	0.707107	0	0	0.707107	img_PX4_4__0_1760614025677853500.png
PX4_2	1760614025021	0	0	0.569113	3.57628e-07	0	0	-1	img_PX4_2__0_1760614025744357600.png
PX4_3	1760614025084	0	0	0.569113	0.707107	0	0	-0.707107	img_PX4_3__0_1760614025805533600.png
PX4_1	1760614025141	0	0	0.569113	1	0	0	0	img_PX4_1__0_1760614025864263800.png
PX4_4	1760614025201	0	0	0.569113	0.707107	0	0	0.707107	img_PX4_4__0_1760614025925269200.png
PX4_2	1760614025267	0	0	0.569113	3.57628e-07	0	0	-1	img_PX4_2__0_1760614025991284300.png
PX4_3	1760614025333	0	0	0.569113	0.707107	0	0	-0.707107	img_PX4_3__0_1760614026056763100.png
PX4_1	1760614025393	0	0	0.569113	1	0	0	0	img_PX4_1__0_1760614026116474200.png
PX4_4	1760614025456	0	0	0.569113	0.707107	0	0	0.707107	img_PX4_4__0_1760614026179426800.png
PX4_2	1760614025519	0	0	0.569113	3.57628e-07	0	0	-1	img_PX4_2__0_1760614026243369200.png
PX4_3	1760614025585	0	0	0.569113	0.707107	0	0	-0.707107	img_PX4_3__0_1760614026307525000.png
PX4_1	1760614025639	0	0	0.569113	1	0	0	0	img_PX4_1__0_1760614026362483500.png
PX4_4	1760614025696	0	0	0.569113	0.707107	0	0	0.707107	img_PX4_4__0_1760614026420772200.png
PX4_2	1760614025747	0	0	0.569113	3.57628e-07	0	0	-1	img_PX4_2__0_1760614026469152900.png
PX4_3	1760614025798	0	0	0.569113	0.707107	0	0	-0.707107	img_PX4_3__0_1760614026521556900.png
PX4_1	1760614025855	0	0	0.569113	1	0	0	0	img_PX4_1__0_1760614026577583500.png
PX4_4	1760614025918	0	0	0.569113	0.707107	0	0	0.707107	img_PX4_4__0_1760614026642257300.png
PX4_2	1760614025987	0	0	0.569113	3.57628e-07	0	0	-1	img_PX4_2__0_1760614026709830200.png
PX4_3	1760614026053	0	0	0.569113	0.707107	0	0	-0.707107	img_PX4_3__0_1760614026776207300.png
PX4_1	1760614026110	0	0	0.569113	1	0	0	0	img_PX4_1__0_1760614026834240300.png
PX4_4	1760614026179	0	0	0.569113	0.707107	0	0	0.707107	img_PX4_4__0_1760614026902112200.png
PX4_2	1760614026239	0	0	0.569113	3.57628e-07	0	0	-1	img_PX4_2__0_1760614026963603500.png
PX4_3	1760614026302	0	0	0.569113	0.707107	0	0	-0.707107	img_PX4_3__0_1760614027026384500.png
PX4_1	1760614026365	0	0	0.569113	1	0	0	0	img_PX4_1__0_1760614027088545800.png
PX4_4	1760614026428	0	0	0.569113	0.707107	0	0	0.707107	img_PX4_4__0_1760614027152821000.png
PX4_2	1760614026491	0	0	0.569113	3.57628e-07	0	0	-1	img_PX4_2__0_1760614027216803500.png
PX4_3	1760614026551	0	0	0.569113	0.707107	0	0	-0.707107	img_PX4_3__0_1760614027278191400.png
PX4_1	1760614026608	0	0	0.569113	1	0	0	0	img_PX4_1__0_1760614027333474200.png
PX4_4	1760614026668	0	0	0.569113	0.707107	0	0	0.707107	img_PX4_4__0_1760614027395455200.png
PX4_2	1760614026734	0	0	0.569113	3.57628e-07	0	0	-1	img_PX4_2__0_1760614027460359000.png
PX4_3	1760614026797	0	0	0.569113	0.707107	0	0	-0.707107	img_PX4_3__0_1760614027524011600.png
PX4_1	1760614026860	0	0	0.569113	1	0	0	0	img_PX4_1__0_1760614027584352300.png
PX4_4	1760614026926	0	0	0.569113	0.707107	0	0	0.707107	img_PX4_4__0_1760614027652446400.png
PX4_2	1760614026998	0	0	0.569113	3.57628e-07	0	0	-1	img_PX4_2__0_1760614027721345400.png
PX4_3	1760614027061	0	0	0.569113	0.707107	0	0	-0.707107	img_PX4_3__0_1760614027788770700.png
PX4_1	1760614027121	0	0	0.569113	1	0	0	0	img_PX4_1__0_1760614027849150300.png
PX4_4	1760614027184	0	0	0.569113	0.707107	0	0	0.707107	img_PX4_4__0_1760614027911729900.png
PX4_2	1760614027247	0	0	0.569113	3.57628e-07	0	0	-1	img_PX4_2__0_1760614027975725200.png
PX4_3	1760614027313	0	0	0.569113	0.707107	0	0	-0.707107	img_PX4_3__0_1760614028041316800.png
PX4_1	1760614027373	0	0	0.569113	1	0	0	0	img_PX4_1__0_1760614028101762300.png
PX4_4	1760614027442	0	0	0.569113	0.707107	0	0	0.707107	img_PX4_4__0_1760614028170843800.png
PX4_2	1760614027505	0	0	0.569113	3.57628e-07	0	0	-1	img_PX4_2__0_1760614028234433600.png
PX4_3	1760614027574	0	0	0.569113	0.707107	0	0	-0.707107	img_PX4_3__0_1760614028301026300.png
PX4_1	1760614027634	0	0	0.569113	1	0	0	0	img_PX4_1__0_1760614028362452800.png
PX4_4	1760614027700	0	0	0.569113	0.707107	0	0	0.707107	img_PX4_4__0_1760614028427614800.png
PX4_2	1760614027763	0	0	0.569113	3.57628e-07	0	0	-1	img_PX4_2__0_1760614028492475800.png
PX4_3	1760614027829	0	0	0.569113	0.707107	0	0	-0.707107	img_PX4_3__0_1760614028557370400.png
PX4_1	1760614027886	0	0	0.569113	1	0	0	0	img_PX4_1__0_1760614028615001500.png
PX4_4	1760614027949	0	0	0.569113	0.707107	0	0	0.707107	img_PX4_4__0_1760614028679033900.png
PX4_2	1760614028015	0	0	0.569113	3.57628e-07	0	0	-1	img_PX4_2__0_1760614028744511800.png
PX4_3	1760614028078	0	0	0.569113	0.707107	0	0	-0.707107	img_PX4_3__0_1760614028806217600.png
PX4_1	1760614028135	0	0	0.569113	1	0	0	0	img_PX4_1__0_1760614028863112400.png
PX4_4	1760614028195	0	0	0.569113	0.707107	0	0	0.707107	img_PX4_4__0_1760614028923901400.png
PX4_2	1760614028255	0	0	0.569113	3.57628e-07	0	0	-1	img_PX4_2__0_1760614028983465400.png
PX4_3	1760614028312	0	0	0.569113	0.707107	0	0	-0.707107	img_PX4_3__0_1760614029042557500.png
PX4_1	1760614028372	0	0	0.569113	1	0	0	0	img_PX4_1__0_1760614029100575700.png
PX4_4	1760614028435	0	0	0.569113	0.707107	0	0	0.707107	img_PX4_4__0_1760614029166517000.png
PX4_2	1760614028498	0	0	0.569113	3.57628e-07	0	0	-1	img_PX4_2__0_1760614029229645800.png
PX4_3	1760614028561	0	0	0.569113	0.707107	0	0	-0.707107	img_PX4_3__0_1760614029292454100.png
PX4_1	1760614028621	0	0	0.569113	1	0	0	0	img_PX4_1__0_1760614029352646300.png
PX4_4	1760614028684	0	0	0.569113	0.707107	0	0	0.707107	img_PX4_4__0_1760614029415812900.png
PX4_2	1760614028747	0	0	0.569113	3.57628e-07	0	0	-1	img_PX4_2__0_1760614029478132800.png
PX4_3	1760614028810	0	0	0.569113	0.707107	0	0	-0.707107	img_PX4_3__0_1760614029540991400.png
PX4_1	1760614028864	0	0	0.569113	1	0	0	0	img_PX4_1__0_1760614029596021800.png
PX4_4	1760614028930	0	0	0.569113	0.707107	0	0	0.707107	img_PX4_4__0_1760614029662777200.png
PX4_2	1760614028990	0	0	0.569113	3.57628e-07	0	0	-1	img_PX4_2__0_1760614029723280400.png
PX4_3	1760614029059	0	0	0.569113	0.707107	0	0	-0.707107	img_PX4_3__0_1760614029791533400.png
PX4_1	1760614029119	0	0	0.569113	1	0	0	0	img_PX4_1__0_1760614029849488200.png
PX4_4	1760614029188	0	0	0.569113	0.707107	0	0	0.707107	img_PX4_4__0_1760614029918289600.png
PX4_2	1760614029251	0	0	0.569113	3.57628e-07	0	0	-1	img_PX4_2__0_1760614029984343100.png
PX4_3	1760614029317	0	0	0.569113	0.707107	0	0	-0.707107	img_PX4_3__0_1760614030050336100.png
PX4_1	1760614029380	0	0	0.569113	1	0	0	0	img_PX4_1__0_1760614030111461000.png
PX4_4	1760614029443	0	0	0.569113	0.707107	0	0	0.707107	img_PX4_4__0_1760614030177482600.png
PX4_2	1760614029503	0	0	0.569113	3.57628e-07	0	0	-1	img_PX4_2__0_1760614030237150300.png
PX4_3	1760614029566	0	0	0.569113	0.707107	0	0	-0.707107	img_PX4_3__0_1760614030300836600.png
PX4_1	1760614029620	0	0	0.569113	1	0	0	0	img_PX4_1__0_1760614030353253500.png
PX4_4	1760614029683	0	0	0.569113	0.707107	0	0	0.707107	img_PX4_4__0_1760614030416592900.png
PX4_2	1760614029749	0	0	0.569113	3.57628e-07	0	0	-1	img_PX4_2__0_1760614030483009100.png
PX4_3	1760614029812	0	0	0.569113	0.707107	0	0	-0.707107	img_PX4_3__0_1760614030545512400.png
PX4_1	1760614029866	0	0	0.569113	1	0	0	0	img_PX4_1__0_1760614030602142800.png
PX4_4	1760614029929	0	0	0.569113	0.707107	0	0	0.707107	img_PX4_4__0_1760614030665479100.png
PX4_2	1760614029995	0	0	0.569113	3.57628e-07	0	0	-1	img_PX4_2__0_1760614030728917100.png
PX4_3	1760614030055	0	0	0.569113	0.707107	0	0	-0.707107	img_PX4_3__0_1760614030791946400.png
PX4_1	1760614030115	0	0	0.569113	1	0	0	0	img_PX4_1__0_1760614030852163700.png
PX4_4	1760614030178	0	0	0.569113	0.707107	0	0	0.707107	img_PX4_4__0_1760614030912190200.png
PX4_2	1760614030241	0	0	0.569113	3.57628e-07	0	0	-1	img_PX4_2__0_1760614030977449200.png
PX4_3	1760614030304	0	0	0.569113	0.707107	0	0	-0.707107	img_PX4_3__0_1760614031040061600.png
PX4_1	1760614030361	0	0	0.569113	1	0	0	0	img_PX4_1__0_1760614031094488400.png
PX4_4	1760614030433	0	0	0.569113	0.707107	0	0	0.707107	img_PX4_4__0_1760614031170381800.png
PX4_2	1760614030499	0	0	0.569113	3.57628e-07	0	0	-1	img_PX4_2__0_1760614031235336700.png
PX4_3	1760614030562	0	0	0.569113	0.707107	0	0	-0.707107	img_PX4_3__0_1760614031301606600.png
PX4_1	1760614030619	0	0	0.569113	1	0	0	0	img_PX4_1__0_1760614031358152700.png
PX4_4	1760614030682	0	0	0.569113	0.707107	0	0	0.707107	img_PX4_4__0_1760614031421025500.png
PX4_2	1760614030748	0	0	0.569113	3.57628e-07	0	0	-1	img_PX4_2__0_1760614031486909800.png
PX4_3	1760614030805	0	0	0.569113	0.707107	0	0	-0.707107	img_PX4_3__0_1760614031543441300.png
PX4_1	1760614030859	0	0	0.569113	1	0	0	0	img_PX4_1__0_1760614031596757600.png
PX4_4	1760614030922	0	0	0.569113	0.707107	0	0	0.707107	img_PX4_4__0_1760614031659879600.png
PX4_2	1760614030982	0	0	0.569113	3.57628e-07	0	0	-1	img_PX4_2__0_1760614031722506900.png
PX4_3	1760614031045	0	0	0.569113	0.707107	0	0	-0.707107	img_PX4_3__0_1760614031784039800.png
PX4_1	1760614031099	0	0	0.569113	1	0	0	0	img_PX4_1__0_1760614031840293100.png
PX4_4	1760614031159	0	0	0.569113	0.707107	0	0	0.707107	img_PX4_4__0_1760614031899934900.png
PX4_2	1760614031225	0	0	0.569113	3.57628e-07	0	0	-1	img_PX4_2__0_1760614031965276800.png
PX4_3	1760614031285	0	0	0.569113	0.707107	0	0	-0.707107	img_PX4_3__0_1760614032024169500.png
PX4_1	1760614031339	0	0	0.569113	1	0	0	0	img_PX4_1__0_1760614032080935600.png
PX4_4	1760614031402	0	0	0.569113	0.707107	0	0	0.707107	img_PX4_4__0_1760614032144256600.png
PX4_2	1760614031468	0	0	0.569113	3.57628e-07	0	0	-1	img_PX4_2__0_1760614032209121000.png
PX4_3	1760614031519	0	0	0.569113	0.707107	0	0	-0.707107	img_PX4_3__0_1760614032260345100.png
PX4_1	1760614031567	0	0	0.569113	1	0	0	0	img_PX4_1__0_1760614032307623700.png
PX4_4	1760614031636	0	0	0.569113	0.707107	0	0	0.707107	img_PX4_4__0_1760614032375814000.png
PX4_2	1760614031705	0	0	0.569113	3.57628e-07	0	0	-1	img_PX4_2__0_1760614032445450000.png
PX4_3	1760614031765	0	0	0.569113	0.707107	0	0	-0.707107	img_PX4_3__0_1760614032506109700.png
PX4_1	1760614031819	0	0	0.569113	1	0	0	0	img_PX4_1__0_1760614032562782600.png
PX4_4	1760614031882	0	0	0.569113	0.707107	0	0	0.707107	img_PX4_4__0_1760614032625915500.png
PX4_2	1760614031948	0	0	0.569113	3.57628e-07	0	0	-1	img_PX4_2__0_1760614032690222100.png
PX4_3	1760614032008	0	0	0.569113	0.707107	0	0	-0.707107	img_PX4_3__0_1760614032752873300.png
PX4_1	1760614032065	0	0	0.569113	1	0	0	0	img_PX4_1__0_1760614032810077700.png
PX4_4	1760614032128	0	0	0.569113	0.707107	0	0	0.707107	img_PX4_4__0_1760614032871295500.png
PX4_2	1760614032191	0	0	0.569113	3.57628e-07	0	0	-1	img_PX4_2__0_1760614032933928700.png
PX4_3	1760614032251	0	0	0.569113	0.707107	0	0	-0.707107	img_PX4_3__0_1760614032994455800.png
PX4_1	1760614032299	0	0	0.569113	1	0	0	0	img_PX4_1__0_1760614033043461200.png
PX4_4	1760614032353	0	0	0.569113	0.707107	0	0	0.707107	img_PX4_4__0_1760614033097351500.png
PX4_2	1760614032416	0	0	0.569113	3.57628e-07	0	0	-1	img_PX4_2__0_1760614033161155500.png
PX4_3	1760614032485	0	0	0.569113	0.707107	0	0	-0.707107	img_PX4_3__0_1760614033229500500.png
PX4_1	1760614032542	0	0	0.569113	1	0	0	0	img_PX4_1__0_1760614033287411900.png
PX4_4	1760614032605	0	0	0.569113	0.707107	0	0	0.707107	img_PX4_4__0_1760614033351387700.png
PX4_2	1760614032671	0	0	0.569113	3.57628e-07	0	0	-1	img_PX4_2__0_1760614033415939600.png
PX4_3	1760614032731	0	0	0.569113	0.707107	0	0	-0.707107	img_PX4_3__0_1760614033477411400.png
PX4_1	1760614032782	0	0	0.569113	1	0	0	0	img_PX4_1__0_1760614033529661400.png
PX4_4	1760614032845	0	0	0.569113	0.707107	0	0	0.707107	img_PX4_4__0_1760614033591173400.png
PX4_2	1760614032905	0	0	0.569113	3.57628e-07	0	0	-1	img_PX4_2__0_1760614033652327500.png
PX4_3	1760614032968	0	0	0.569113	0.707107	0	0	-0.707107	img_PX4_3__0_1760614033713929900.png
PX4_1	1760614033025	0	0	0.569113	1	0	0	0	img_PX4_1__0_1760614033771223600.png
PX4_4	1760614033085	0	0	0.569113	0.707107	0	0	0.707107	img_PX4_4__0_1760614033833274900.png
PX4_2	1760614033151	0	0	0.569113	3.57628e-07	0	0	-1	img_PX4_2__0_1760614033900039800.png
PX4_3	1760614033217	0	0	0.569113	0.707107	0	0	-0.707107	img_PX4_3__0_1760614033964475900.png
PX4_1	1760614033274	0	0	0.569113	1	0	0	0	img_PX4_1__0_1760614034020751500.png
PX4_4	1760614033340	0	0	0.569113	0.707107	0	0	0.707107	img_PX4_4__0_1760614034087921200.png
PX4_2	1760614033403	0	0	0.569113	3.57628e-07	0	0	-1	img_PX4_2__0_1760614034151895300.png
PX4_3	1760614033466	0	0	0.569113	0.707107	0	0	-0.707107	img_PX4_3__0_1760614034213547800.png
PX4_1	1760614033523	0	0	0.569113	1	0	0	0	img_PX4_1__0_1760614034270850500.png
PX4_4	1760614033583	0	0	0.569113	0.707107	0	0	0.707107	img_PX4_4__0_1760614034332765300.png
PX4_2	1760614033646	0	0	0.569113	3.57628e-07	0	0	-1	img_PX4_2__0_1760614034393439700.png
PX4_3	1760614033706	0	0	0.569113	0.707107	0	0	-0.707107	img_PX4_3__0_1760614034452884400.png
PX4_1	1760614033760	0	0	0.569113	1	0	0	0	img_PX4_1__0_1760614034508262100.png
PX4_4	1760614033826	0	0	0.569113	0.707107	0	0	0.707107	img_PX4_4__0_1760614034573852900.png
PX4_2	1760614033892	0	0	0.569113	3.57628e-07	0	0	-1	img_PX4_2__0_1760614034640676800.png
PX4_3	1760614033964	0	0	0.569113	0.707107	0	0	-0.707107	img_PX4_3__0_1760614034711279700.png
PX4_1	1760614034021	0	0	0.569113	1	0	0	0	img_PX4_1__0_1760614034770678700.png
PX4_4	1760614034090	0	0	0.569113	0.707107	0	0	0.707107	img_PX4_4__0_1760614034839219800.png
PX4_2	1760614034156	0	0	0.569113	3.57628e-07	0	0	-1	img_PX4_2__0_1760614034906260800.png
PX4_3	1760614034222	0	0	0.569113	0.707107	0	0	-0.707107	img_PX4_3__0_1760614034971592100.png
PX4_1	1760614034261	0	0	0.569113	1	0	0	0	img_PX4_1__0_1760614035011776800.png
PX4_4	1760614034333	0	0	0.569113	0.707107	0	0	0.707107	img_PX4_4__0_1760614035082184900.png
PX4_2	1760614034393	0	0	0.569113	3.57628e-07	0	0	-1	img_PX4_2__0_1760614035143292400.png
PX4_3	1760614034456	0	0	0.569113	0.707107	0	0	-0.707107	img_PX4_3__0_1760614035206868500.png
PX4_1	1760614034513	0	0	0.569113	1	0	0	0	img_PX4_1__0_1760614035264797300.png
PX4_4	1760614034576	0	0	0.569113	0.707107	0	0	0.707107	img_PX4_4__0_1760614035325890500.png
PX4_2	1760614034642	0	0	0.569113	3.57628e-07	0	0	-1	img_PX4_2__0_1760614035392580100.png
PX4_3	1760614034708	0	0	0.569113	0.707107	0	0	-0.707107	img_PX4_3__0_1760614035458303300.png
PX4_1	1760614034759	0	0	0.569113	1	0	0	0	img_PX4_1__0_1760614035512301700.png
PX4_4	1760614034819	0	0	0.569113	0.707107	0	0	0.707107	img_PX4_4__0_1760614035572102900.png
PX4_2	1760614034888	0	0	0.569113	3.57628e-07	0	0	-1	img_PX4_2__0_1760614035641365700.png
PX4_3	1760614034954	0	0	0.569113	0.707107	0	0	-0.707107	img_PX4_3__0_1760614035704690100.png
PX4_1	1760614035008	0	0	0.569113	1	0	0	0	img_PX4_1__0_1760614035761596500.png
PX4_4	1760614035071	0	0	0.569113	0.707107	0	0	0.707107	img_PX4_4__0_1760614035824523400.png
PX4_2	1760614035143	0	0	0.569113	3.57628e-07	0	0	-1	img_PX4_2__0_1760614035894250300.png
PX4_3	1760614035209	0	0	0.569113	0.707107	0	0	-0.707107	img_PX4_3__0_1760614035960886500.png
PX4_1	1760614035266	0	0	0.569113	1	0	0	0	img_PX4_1__0_1760614036019401000.png
PX4_4	1760614035332	0	0	0.569113	0.707107	0	0	0.707107	img_PX4_4__0_1760614036084775400.png
PX4_2	1760614035404	0	0	0.569113	3.57628e-07	0	0	-1	img_PX4_2__0_1760614036155570600.png
PX4_3	1760614035467	0	0	0.569113	0.707107	0	0	-0.707107	img_PX4_3__0_1760614036219623800.png
PX4_1	1760614035530	0	0	0.569113	1	0	0	0	img_PX4_1__0_1760614036281979700.png
PX4_4	1760614035599	0	0	0.569113	0.707107	0	0	0.707107	img_PX4_4__0_1760614036352922700.png
PX4_2	1760614035665	0	0	0.569113	3.57628e-07	0	0	-1	img_PX4_2__0_1760614036420321100.png
PX4_3	1760614035728	0	0	0.569113	0.707107	0	0	-0.707107	img_PX4_3__0_1760614036484308400.png
PX4_1	1760614035788	0	0	0.569113	1	0	0	0	img_PX4_1__0_1760614036543830400.png
PX4_4	1760614035851	0	0	0.569113	0.707107	0	0	0.707107	img_PX4_4__0_1760614036606602900.png
PX4_2	1760614035914	0	0	0.569113	3.57628e-07	0	0	-1	img_PX4_2__0_1760614036667486100.png
PX4_3	1760614035959	0	0	0.569113	0.707107	0	0	-0.707107	img_PX4_3__0_1760614036712490700.png
PX4_1	1760614036013	0	0	0.569113	1	0	0	0	img_PX4_1__0_1760614036768380200.png
PX4_4	1760614036049	0	0	0.569113	0.707107	0	0	0.707107	img_PX4_4__0_1760614036805431700.png
PX4_2	1760614036118	0	0	0.569113	3.57628e-07	0	0	-1	img_PX4_2__0_1760614036872699100.png
PX4_3	1760614036181	0	0	0.569113	0.707107	0	0	-0.707107	img_PX4_3__0_1760614036936193400.png
PX4_1	1760614036241	0	0	0.569113	1	0	0	0	img_PX4_1__0_1760614036995775100.png
PX4_4	1760614036313	0	0	0.569113	0.707107	0	0	0.707107	img_PX4_4__0_1760614037069227300.png
PX4_2	1760614036385	0	0	0.569113	3.57628e-07	0	0	-1	img_PX4_2__0_1760614037141032700.png
PX4_3	1760614036454	0	0	0.569113	0.707107	0	0	-0.707107	img_PX4_3__0_1760614037210153400.png
PX4_1	1760614036517	0	0	0.569113	1	0	0	0	img_PX4_1__0_1760614037273958500.png
PX4_4	1760614036568	0	0	0.569113	0.707107	0	0	0.707107	img_PX4_4__0_1760614037323772500.png
PX4_2	1760614036631	0	0	0.569113	3.57628e-07	0	0	-1	img_PX4_2__0_1760614037388623700.png
PX4_3	1760614036697	0	0	0.569113	0.707107	0	0	-0.707107	img_PX4_3__0_1760614037452751900.png
PX4_1	1760614036739	0	0	0.569113	1	0	0	0	img_PX4_1__0_1760614037496961700.png
PX4_4	1760614036802	0	0	0.569113	0.707107	0	0	0.707107	img_PX4_4__0_1760614037558388800.png
PX4_2	1760614036868	0	0	0.569113	3.57628e-07	0	0	-1	img_PX4_2__0_1760614037625293200.png
PX4_3	1760614036931	0	0	0.569113	0.707107	0	0	-0.707107	img_PX4_3__0_1760614037689843600.png
PX4_1	1760614036988	0	0	0.569113	1	0	0	0	img_PX4_1__0_1760614037746391000.png
PX4_4	1760614037054	0	0	0.569113	0.707107	0	0	0.707107	img_PX4_4__0_1760614037810720800.png
PX4_2	1760614037117	0	0	0.569113	3.57628e-07	0	0	-1	img_PX4_2__0_1760614037874288100.png
PX4_3	1760614037177	0	0	0.569113	0.707107	0	0	-0.707107	img_PX4_3__0_1760614037935304400.png
PX4_1	1760614037237	0	0	0.569113	1	0	0	0	img_PX4_1__0_1760614037994205600.png
PX4_4	1760614037300	0	0	0.569113	0.707107	0	0	0.707107	img_PX4_4__0_1760614038057116800.png
PX4_2	1760614037366	0	0	0.569113	3.57628e-07	0	0	-1	img_PX4_2__0_1760614038123549900.png
PX4_3	1760614037426	0	0	0.569113	0.707107	0	0	-0.707107	img_PX4_3__0_1760614038184098900.png
PX4_1	1760614037480	0	0	0.569113	1	0	0	0	img_PX4_1__0_1760614038237089100.png
PX4_4	1760614037528	0	0	0.569113	0.707107	0	0	0.707107	img_PX4_4__0_1760614038287789100.png
PX4_2	1760614037594	0	0	0.569113	3.57628e-07	0	0	-1	img_PX4_2__0_1760614038353175000.png
PX4_3	1760614037666	0	0	0.569113	0.707107	0	0	-0.707107	img_PX4_3__0_1760614038425344500.png
PX4_1	1760614037723	0	0	0.569113	1	0	0	0	img_PX4_1__0_1760614038481298900.png
PX4_4	1760614037783	0	0	0.569113	0.707107	0	0	0.707107	img_PX4_4__0_1760614038544276000.png
PX4_2	1760614037849	0	0	0.569113	3.57628e-07	0	0	-1	img_PX4_2__0_1760614038609416100.png
PX4_3	1760614037915	0	0	0.569113	0.707107	0	0	-0.707107	img_PX4_3__0_1760614038675386000.png
PX4_1	1760614037972	0	0	0.569113	1	0	0	0	img_PX4_1__0_1760614038732432600.png
PX4_4	1760614038035	0	0	0.569113	0.707107	0	0	0.707107	img_PX4_4__0_1760614038796951800.png
PX4_2	1760614038104	0	0	0.569113	3.57628e-07	0	0	-1	img_PX4_2__0_1760614038863308900.png
PX4_3	1760614038170	0	0	0.569113	0.707107	0	0	-0.707107	img_PX4_3__0_1760614038930321200.png
PX4_1	1760614038227	0	0	0.569113	1	0	0	0	img_PX4_1__0_1760614038988350300.png
PX4_4	1760614038296	0	0	0.569113	0.707107	0	0	0.707107	img_PX4_4__0_1760614039057502600.png
PX4_2	1760614038362	0	0	0.569113	3.57628e-07	0	0	-1	img_PX4_2__0_1760614039122819300.png
PX4_3	1760614038422	0	0	0.569113	0.707107	0	0	-0.707107	img_PX4_3__0_1760614039185253300.png
PX4_1	1760614038482	0	0	0.569113	1	0	0	0	img_PX4_1__0_1760614039243962800.png
PX4_4	1760614038545	0	0	0.569113	0.707107	0	0	0.707107	img_PX4_4__0_1760614039308882500.png
PX4_2	1760614038611	0	0	0.569113	3.57628e-07	0	0	-1	img_PX4_2__0_1760614039373896400.png
PX4_3	1760614038683	0	0	0.569113	0.707107	0	0	-0.707107	img_PX4_3__0_1760614039445539200.png
PX4_1	1760614038743	0	0	0.569113	1	0	0	0	img_PX4_1__0_1760614039504476600.png
PX4_4	1760614038806	0	0	0.569113	0.707107	0	0	0.707107	img_PX4_4__0_1760614039569210500.png
PX4_2	1760614038878	0	0	0.569113	3.57628e-07	0	0	-1	img_PX4_2__0_1760614039640562800.png
PX4_3	1760614038941	0	0	0.569113	0.707107	0	0	-0.707107	img_PX4_3__0_1760614039705314800.png
PX4_1	1760614039001	0	0	0.569113	1	0	0	0	img_PX4_1__0_1760614039763610000.png
PX4_4	1760614039064	0	0	0.569113	0.707107	0	0	0.707107	img_PX4_4__0_1760614039826205400.png
PX4_2	1760614039127	0	0	0.569113	3.57628e-07	0	0	-1	img_PX4_2__0_1760614039890679200.png
PX4_3	1760614039199	0	0	0.569113	0.707107	0	0	-0.707107	img_PX4_3__0_1760614039962531400.png
PX4_1	1760614039256	0	0	0.569113	1	0	0	0	img_PX4_1__0_1760614040019881000.png
PX4_4	1760614039325	0	0	0.569113	0.707107	0	0	0.707107	img_PX4_4__0_1760614040088687200.png
PX4_2	1760614039397	0	0	0.569113	3.57628e-07	0	0	-1	img_PX4_2__0_1760614040162257900.png
PX4_3	1760614039460	0	0	0.569113	0.707107	0	0	-0.707107	img_PX4_3__0_1760614040224812000.png
PX4_1	1760614039517	0	0	0.569113	1	0	0	0	img_PX4_1__0_1760614040282572600.png
PX4_4	1760614039583	0	0	0.569113	0.707107	0	0	0.707107	img_PX4_4__0_1760614040346310500.png
PX4_2	1760614039649	0	0	0.569113	3.57628e-07	0	0	-1	img_PX4_2__0_1760614040413062300.png
PX4_3	1760614039715	0	0	0.569113	0.707107	0	0	-0.707107	img_PX4_3__0_1760614040481815900.png
PX4_1	1760614039769	0	0	0.569113	1	0	0	0	img_PX4_1__0_1760614040533484100.png
PX4_4	1760614039844	0	0	0.569113	0.707107	0	0	0.707107	img_PX4_4__0_1760614040609063200.png
PX4_2	1760614039907	0	0	0.569113	3.57628e-07	0	0	-1	img_PX4_2__0_1760614040673817000.png
PX4_3	1760614039982	0	0	0.569113	0.707107	0	0	-0.707107	img_PX4_3__0_1760614040750615200.png
PX4_1	1760614040054	0	0	0.569113	1	0	0	0	img_PX4_1__0_1760614040820325700.png
PX4_4	1760614040120	0	0	0.569113	0.707107	0	0	0.707107	img_PX4_4__0_1760614040886368800.png
PX4_2	1760614040189	0	0	0.569113	3.57628e-07	0	0	-1	img_PX4_2__0_1760614040956430600.png
PX4_3	1760614040255	0	0	0.569113	0.707107	0	0	-0.707107	img_PX4_3__0_1760614041022430500.png
PX4_1	1760614040321	0	0	0.569113	1	0	0	0	img_PX4_1__0_1760614041090018900.png
PX4_4	1760614040390	0	0	0.569113	0.707107	0	0	0.707107	img_PX4_4__0_1760614041158931600.png
PX4_2	1760614040462	0	0	0.569113	3.57628e-07	0	0	-1	img_PX4_2__0_1760614041229641200.png
PX4_3	1760614040525	0	0	0.569113	0.707107	0	0	-0.707107	img_PX4_3__0_1760614041293375800.png
PX4_1	1760614040588	0	0	0.569113	1	0	0	0	img_PX4_1__0_1760614041356595900.png
PX4_4	1760614040657	0	0	0.569113	0.707107	0	0	0.707107	img_PX4_4__0_1760614041425526600.png
PX4_2	1760614040726	0	0	0.569113	3.57628e-07	0	0	-1	img_PX4_2__0_1760614041494463800.png
PX4_3	1760614040792	0	0	0.569113	0.707107	0	0	-0.707107	img_PX4_3__0_1760614041559359200.png
PX4_1	1760614040849	0	0	0.569113	1	0	0	0	img_PX4_1__0_1760614041618879700.png
PX4_4	1760614040912	0	0	0.569113	0.707107	0	0	0.707107	img_PX4_4__0_1760614041682849700.png
PX4_2	1760614040981	0	0	0.569113	3.57628e-07	0	0	-1	img_PX4_2__0_1760614041752368600.png
PX4_3	1760614041047	0	0	0.569113	0.707107	0	0	-0.707107	img_PX4_3__0_1760614041816922600.png
PX4_1	1760614041110	0	0	0.569113	1	0	0	0	img_PX4_1__0_1760614041881716200.png
PX4_4	1760614041179	0	0	0.569113	0.707107	0	0	0.707107	img_PX4_4__0_1760614041950981900.png
PX4_2	1760614041254	0	0	0.569113	3.57628e-07	0	0	-1	img_PX4_2__0_1760614042025764800.png
PX4_3	1760614041329	0	0	0.569113	0.707107	0	0	-0.707107	img_PX4_3__0_1760614042099840000.png
PX4_1	1760614041398	0	0	0.569113	1	0	0	0	img_PX4_1__0_1760614042170610500.png
PX4_4	1760614041467	0	0	0.569113	0.707107	0	0	0.707107	img_PX4_4__0_1760614042240309100.png
PX4_2	1760614041536	0	0	0.569113	3.57628e-07	0	0	-1	img_PX4_2__0_1760614042309759900.png
PX4_3	1760614041605	0	0	0.569113	0.707107	0	0	-0.707107	img_PX4_3__0_1760614042376677200.png
PX4_1	1760614041668	0	0	0.569113	1	0	0	0	img_PX4_1__0_1760614042440987100.png
PX4_4	1760614041734	0	0	0.569113	0.707107	0	0	0.707107	img_PX4_4__0_1760614042506859000.png
PX4_2	1760614041800	0	0	0.569113	3.57628e-07	0	0	-1	img_PX4_2__0_1760614042573566000.png
PX4_3	1760614041869	0	0	0.569113	0.707107	0	0	-0.707107	img_PX4_3__0_1760614042642173900.png
PX4_1	1760614041929	0	0	0.569113	1	0	0	0	img_PX4_1__0_1760614042704226600.png
PX4_4	1760614041992	0	0	0.569113	0.707107	0	0	0.707107	img_PX4_4__0_1760614042767022600.png
PX4_2	1760614042064	0	0	0.569113	3.57628e-07	0	0	-1	img_PX4_2__0_1760614042837364200.png
PX4_3	1760614042133	0	0	0.569113	0.707107	0	0	-0.707107	img_PX4_3__0_1760614042906456800.png
PX4_1	1760614042196	0	0	0.569113	1	0	0	0	img_PX4_1__0_1760614042970622100.png
PX4_4	1760614042268	0	0	0.569113	0.707107	0	0	0.707107	img_PX4_4__0_1760614043043877800.png
PX4_2	1760614042337	0	0	0.569113	3.57628e-07	0	0	-1	img_PX4_2__0_1760614043111820100.png
PX4_3	1760614042403	0	0	0.569113	0.707107	0	0	-0.707107	img_PX4_3__0_1760614043178200600.png
PX4_1	1760614042469	0	0	0.569113	1	0	0	0	img_PX4_1__0_1760614043243561600.png
PX4_4	1760614042532	0	0	0.569113	0.707107	0	0	0.707107	img_PX4_4__0_1760614043307652000.png
PX4_2	1760614042601	0	0	0.569113	3.57628e-07	0	0	-1	img_PX4_2__0_1760614043376414700.png
PX4_3	1760614042664	0	0	0.569113	0.707107	0	0	-0.707107	img_PX4_3__0_1760614043442349500.png
PX4_1	1760614042724	0	0	0.569113	1	0	0	0	img_PX4_1__0_1760614043500843700.png
PX4_4	1760614042790	0	0	0.569113	0.707107	0	0	0.707107	img_PX4_4__0_1760614043566716400.png
PX4_2	1760614042859	0	0	0.569113	3.57628e-07	0	0	-1	img_PX4_2__0_1760614043636301200.png
PX4_3	1760614042925	0	0	0.569113	0.707107	0	0	-0.707107	img_PX4_3__0_1760614043701774300.png
PX4_1	1760614042982	0	0	0.569113	1	0	0	0	img_PX4_1__0_1760614043761326800.png
PX4_4	1760614043045	0	0	0.569113	0.707107	0	0	0.707107	img_PX4_4__0_1760614043822812000.png
PX4_2	1760614043111	0	0	0.569113	3.57628e-07	0	0	-1	img_PX4_2__0_1760614043890914600.png
PX4_3	1760614043174	0	0	0.569113	0.707107	0	0	-0.707107	img_PX4_3__0_1760614043954203500.png
PX4_1	1760614043234	0	0	0.569113	1	0	0	0	img_PX4_1__0_1760614044013560900.png
PX4_4	1760614043309	0	0	0.569113	0.707107	0	0	0.707107	img_PX4_4__0_1760614044085329400.png
PX4_2	1760614043375	0	0	0.569113	3.57628e-07	0	0	-1	img_PX4_2__0_1760614044153645400.png
PX4_3	1760614043444	0	0	0.569113	0.707107	0	0	-0.707107	img_PX4_3__0_1760614044222385800.png
PX4_1	1760614043513	0	0	0.569113	1	0	0	0	img_PX4_1__0_1760614044292033700.png
PX4_4	1760614043582	0	0	0.569113	0.707107	0	0	0.707107	img_PX4_4__0_1760614044363079000.png
PX4_2	1760614043663	0	0	0.569113	3.57628e-07	0	0	-1	img_PX4_2__0_1760614044440679400.png
PX4_3	1760614043738	0	0	0.569113	0.707107	0	0	-0.707107	img_PX4_3__0_1760614044519191100.png
PX4_1	1760614043807	0	0	0.569113	1	0	0	0	img_PX4_1__0_1760614044585885500.png
PX4_4	1760614043873	0	0	0.569113	0.707107	0	0	0.707107	img_PX4_4__0_1760614044653276600.png
PX4_2	1760614043942	0	0	0.569113	3.57628e-07	0	0	-1	img_PX4_2__0_1760614044723680500.png
PX4_3	1760614044017	0	0	0.569113	0.707107	0	0	-0.707107	img_PX4_3__0_1760614044800150000.png
PX4_1	1760614044077	0	0	0.569113	1	0	0	0	img_PX4_1__0_1760614044858672100.png
PX4_4	1760614044143	0	0	0.569113	0.707107	0	0	0.707107	img_PX4_4__0_1760614044923466600.png
PX4_2	1760614044212	0	0	0.569113	3.57628e-07	0	0	-1	img_PX4_2__0_1760614044994714800.png
PX4_3	1760614044281	0	0	0.569113	0.707107	0	0	-0.707107	img_PX4_3__0_1760614045065098900.png
PX4_1	1760614044350	0	0	0.569113	1	0	0	0	img_PX4_1__0_1760614045132990800.png
PX4_4	1760614044416	0	0	0.569113	0.707107	0	0	0.707107	img_PX4_4__0_1760614045201366000.png
PX4_2	1760614044494	0	0	0.569113	3.57628e-07	0	0	-1	img_PX4_2__0_1760614045276993600.png
PX4_3	1760614044572	0	0	0.569113	0.707107	0	0	-0.707107	img_PX4_3__0_1760614045356717700.png
PX4_1	1760614044635	0	0	0.569113	1	0	0	0	img_PX4_1__0_1760614045421561000.png
PX4_4	1760614044707	0	0	0.569113	0.707107	0	0	0.707107	img_PX4_4__0_1760614045492263600.png
PX4_2	1760614044785	0	0	0.569113	3.57628e-07	0	0	-1	img_PX4_2__0_1760614045572258500.png
PX4_3	1760614044854	0	0	0.569113	0.707107	0	0	-0.707107	img_PX4_3__0_1760614045641116900.png
PX4_1	1760614044917	0	0	0.569113	1	0	0	0	img_PX4_1__0_1760614045704609000.png
PX4_4	1760614044983	0	0	0.569113	0.707107	0	0	0.707107	img_PX4_4__0_1760614045771225300.png
PX4_2	1760614045052	0	0	0.569113	3.57628e-07	0	0	-1	img_PX4_2__0_1760614045838833600.png
PX4_3	1760614045121	0	0	0.569113	0.707107	0	0	-0.707107	img_PX4_3__0_1760614045908645600.png
PX4_1	1760614045190	0	0	0.569113	1	0	0	0	img_PX4_1__0_1760614045977499800.png
PX4_4	1760614045262	0	0	0.569113	0.707107	0	0	0.707107	img_PX4_4__0_1760614046049876100.png
PX4_2	1760614045334	0	0	0.569113	3.57628e-07	0	0	-1	img_PX4_2__0_1760614046122714100.png
PX4_3	1760614045400	0	0	0.569113	0.707107	0	0	-0.707107	img_PX4_3__0_1760614046189013500.png
PX4_1	1760614045463	0	0	0.569113	1	0	0	0	img_PX4_1__0_1760614046252061700.png
PX4_4	1760614045529	0	0	0.569113	0.707107	0	0	0.707107	img_PX4_4__0_1760614046320233500.png
PX4_2	1760614045601	0	0	0.569113	3.57628e-07	0	0	-1	img_PX4_2__0_1760614046390568800.png
PX4_3	1760614045673	0	0	0.569113	0.707107	0	0	-0.707107	img_PX4_3__0_1760614046463542400.png
PX4_1	1760614045736	0	0	0.569113	1	0	0	0	img_PX4_1__0_1760614046526591000.png
PX4_4	1760614045799	0	0	0.569113	0.707107	0	0	0.707107	img_PX4_4__0_1760614046591869200.png
PX4_2	1760614045874	0	0	0.569113	3.57628e-07	0	0	-1	img_PX4_2__0_1760614046664675800.png
PX4_3	1760614045943	0	0	0.569113	0.707107	0	0	-0.707107	img_PX4_3__0_1760614046734271400.png
PX4_1	1760614046006	0	0	0.569113	1	0	0	0	img_PX4_1__0_1760614046799884700.png
PX4_4	1760614046078	0	0	0.569113	0.707107	0	0	0.707107	img_PX4_4__0_1760614046869434600.png
PX4_2	1760614046153	0	0	0.569113	3.57628e-07	0	0	-1	img_PX4_2__0_1760614046946195100.png
PX4_3	1760614046222	0	0	0.569113	0.707107	0	0	-0.707107	img_PX4_3__0_1760614047013871800.png
PX4_1	1760614046285	0	0	0.569113	1	0	0	0	img_PX4_1__0_1760614047078402500.png
PX4_4	1760614046351	0	0	0.569113	0.707107	0	0	0.707107	img_PX4_4__0_1760614047144164500.png
PX4_2	1760614046420	0	0	0.569113	3.57628e-07	0	0	-1	img_PX4_2__0_1760614047214561900.png
PX4_3	1760614046489	0	0	0.569113	0.707107	0	0	-0.707107	img_PX4_3__0_1760614047282741800.png
PX4_1	1760614046555	0	0	0.569113	1	0	0	0	img_PX4_1__0_1760614047349236900.png
PX4_4	1760614046627	0	0	0.569113	0.707107	0	0	0.707107	img_PX4_4__0_1760614047419604700.png
PX4_2	1760614046693	0	0	0.569113	3.57628e-07	0	0	-1	img_PX4_2__0_1760614047488136700.png
PX4_3	1760614046765	0	0	0.569113	0.707107	0	0	-0.707107	img_PX4_3__0_1760614047558749500.png
PX4_1	1760614046822	0	0	0.569113	1	0	0	0	img_PX4_1__0_1760614047617178800.png
PX4_4	1760614046891	0	0	0.569113	0.707107	0	0	0.707107	img_PX4_4__0_1760614047687371200.png
PX4_2	1760614046960	0	0	0.569113	3.57628e-07	0	0	-1	img_PX4_2__0_1760614047756849200.png
PX4_3	1760614047029	0	0	0.569113	0.707107	0	0	-0.707107	img_PX4_3__0_1760614047826437000.png
PX4_1	1760614047095	0	0	0.569113	1	0	0	0	img_PX4_1__0_1760614047890835300.png
PX4_4	1760614047161	0	0	0.569113	0.707107	0	0	0.707107	img_PX4_4__0_1760614047957442100.png
PX4_2	1760614047236	0	0	0.569113	3.57628e-07	0	0	-1	img_PX4_2__0_1760614048031020100.png
PX4_3	1760614047308	0	0	0.569113	0.707107	0	0	-0.707107	img_PX4_3__0_1760614048103184100.png
PX4_1	1760614047371	0	0	0.569113	1	0	0	0	img_PX4_1__0_1760614048167093400.png
PX4_4	1760614047437	0	0	0.569113	0.707107	0	0	0.707107	img_PX4_4__0_1760614048234560500.png
PX4_2	1760614047518	0	0	0.569113	3.57628e-07	0	0	-1	img_PX4_2__0_1760614048314341000.png
PX4_3	1760614047584	0	0	0.569113	0.707107	0	0	-0.707107	img_PX4_3__0_1760614048381615600.png
PX4_1	1760614047647	0	0	0.569113	1	0	0	0	img_PX4_1__0_1760614048443278100.png
PX4_4	1760614047707	0	0	0.569113	0.707107	0	0	0.707107	img_PX4_4__0_1760614048505789500.png
PX4_2	1760614047779	0	0	0.569113	3.57628e-07	0	0	-1	img_PX4_2__0_1760614048577596800.png
PX4_3	1760614047848	0	0	0.569113	0.707107	0	0	-0.707107	img_PX4_3__0_1760614048646500600.png
PX4_1	1760614047911	0	0	0.569113	1	0	0	0	img_PX4_1__0_1760614048709429500.png
PX4_4	1760614047983	0	0	0.569113	0.707107	0	0	0.707107	img_PX4_4__0_1760614048782039400.png
PX4_2	1760614048052	0	0	0.569113	3.57628e-07	0	0	-1	img_PX4_2__0_1760614048852026300.png
PX4_3	1760614048121	0	0	0.569113	0.707107	0	0	-0.707107	img_PX4_3__0_1760614048921635200.png
PX4_1	1760614048181	0	0	0.569113	1	0	0	0	img_PX4_1__0_1760614048981094800.png
PX4_4	1760614048256	0	0	0.569113	0.707107	0	0	0.707107	img_PX4_4__0_1760614049054322600.png
PX4_2	1760614048331	0	0	0.569113	3.57628e-07	0	0	-1	img_PX4_2__0_1760614049131030200.png
PX4_3	1760614048403	0	0	0.569113	0.707107	0	0	-0.707107	img_PX4_3__0_1760614049201756200.png
PX4_1	1760614048472	0	0	0.569113	1	0	0	0	img_PX4_1__0_1760614049271717100.png
PX4_4	1760614048550	0	0	0.569113	0.707107	0	0	0.707107	img_PX4_4__0_1760614049349726800.png
PX4_2	1760614048622	0	0	0.569113	3.57628e-07	0	0	-1	img_PX4_2__0_1760614049424100600.png
PX4_3	1760614048688	0	0	0.569113	0.707107	0	0	-0.707107	img_PX4_3__0_1760614049490376200.png
PX4_1	1760614048751	0	0	0.569113	1	0	0	0	img_PX4_1__0_1760614049554568700.png
PX4_4	1760614048823	0	0	0.569113	0.707107	0	0	0.707107	img_PX4_4__0_1760614049625929700.png
PX4_2	1760614048901	0	0	0.569113	3.57628e-07	0	0	-1	img_PX4_2__0_1760614049702438600.png
PX4_3	1760614048967	0	0	0.569113	0.707107	0	0	-0.707107	img_PX4_3__0_1760614049769690800.png
PX4_1	1760614049033	0	0	0.569113	1	0	0	0	img_PX4_1__0_1760614049837553400.png
PX4_4	1760614049102	0	0	0.569113	0.707107	0	0	0.707107	img_PX4_4__0_1760614049906028900.png
PX4_2	1760614049180	0	0	0.569113	3.57628e-07	0	0	-1	img_PX4_2__0_1760614049985143200.png
PX4_3	1760614049255	0	0	0.569113	0.707107	0	0	-0.707107	img_PX4_3__0_1760614050058420600.png
PX4_1	1760614049315	0	0	0.569113	1	0	0	0	img_PX4_1__0_1760614050120665800.png
PX4_4	1760614049387	0	0	0.569113	0.707107	0	0	0.707107	img_PX4_4__0_1760614050191770100.png
PX4_2	1760614049462	0	0	0.569113	3.57628e-07	0	0	-1	img_PX4_2__0_1760614050266385300.png
PX4_3	1760614049531	0	0	0.569113	0.707107	0	0	-0.707107	img_PX4_3__0_1760614050335521300.png
PX4_1	1760614049591	0	0	0.569113	1	0	0	0	img_PX4_1__0_1760614050398516900.png
PX4_4	1760614049657	0	0	0.569113	0.707107	0	0	0.707107	img_PX4_4__0_1760614050464444500.png
PX4_2	1760614049732	0	0	0.569113	3.57628e-07	0	0	-1	img_PX4_2__0_1760614050536929500.png
PX4_3	1760614049801	0	0	0.569113	0.707107	0	0	-0.707107	img_PX4_3__0_1760614050606441800.png
PX4_1	1760614049864	0	0	0.569113	1	0	0	0	img_PX4_1__0_1760614050671148000.png
PX4_4	1760614049930	0	0	0.569113	0.707107	0	0	0.707107	img_PX4_4__0_1760614050738993500.png
PX4_2	1760614050005	0	0	0.569113	3.57628e-07	0	0	-1	img_PX4_2__0_1760614050810134900.png
PX4_3	1760614050077	0	0	0.569113	0.707107	0	0	-0.707107	img_PX4_3__0_1760614050883914000.png
PX4_1	1760614050119	0	0	0.569113	1	0	0	0	img_PX4_1__0_1760614050926251900.png
PX4_4	1760614050185	0	0	0.569113	0.707107	0	0	0.707107	img_PX4_4__0_1760614050992997400.png
PX4_2	1760614050257	0	0	0.569113	3.57628e-07	0	0	-1	img_PX4_2__0_1760614051063831400.png
PX4_3	1760614050311	0	0	0.569113	0.707107	0	0	-0.707107	img_PX4_3__0_1760614051118311600.png
PX4_1	1760614050371	0	0	0.569113	1	0	0	0	img_PX4_1__0_1760614051179958500.png
PX4_4	1760614050437	0	0	0.569113	0.707107	0	0	0.707107	img_PX4_4__0_1760614051246274300.png
PX4_2	1760614050503	0	0	0.569113	3.57628e-07	0	0	-1	img_PX4_2__0_1760614051311496700.png
PX4_3	1760614050569	0	0	0.569113	0.707107	0	0	-0.707107	img_PX4_3__0_1760614051377475700.png
PX4_1	1760614050629	0	0	0.569113	1	0	0	0	img_PX4_1__0_1760614051438360600.png
PX4_4	1760614050704	0	0	0.569113	0.707107	0	0	0.707107	img_PX4_4__0_1760614051510762200.png
PX4_2	1760614050782	0	0	0.569113	3.57628e-07	0	0	-1	img_PX4_2__0_1760614051589307700.png
PX4_3	1760614050851	0	0	0.569113	0.707107	0	0	-0.707107	img_PX4_3__0_1760614051662513600.png
PX4_1	1760614050914	0	0	0.569113	1	0	0	0	img_PX4_1__0_1760614051724872300.png
PX4_4	1760614050986	0	0	0.569113	0.707107	0	0	0.707107	img_PX4_4__0_1760614051795532900.png
PX4_2	1760614051058	0	0	0.569113	3.57628e-07	0	0	-1	img_PX4_2__0_1760614051866539000.png
PX4_3	1760614051121	0	0	0.569113	0.707107	0	0	-0.707107	img_PX4_3__0_1760614051931685400.png
PX4_1	1760614051178	0	0	0.569113	1	0	0	0	img_PX4_1__0_1760614051988082800.png
PX4_4	1760614051244	0	0	0.569113	0.707107	0	0	0.707107	img_PX4_4__0_1760614052056890700.png
PX4_2	1760614051316	0	0	0.569113	3.57628e-07	0	0	-1	img_PX4_2__0_1760614052127033300.png
PX4_3	1760614051361	0	0	0.569113	0.707107	0	0	-0.707107	img_PX4_3__0_1760614052173123700.png
PX4_1	1760614051412	0	0	0.569113	1	0	0	0	img_PX4_1__0_1760614052224856800.png
PX4_4	1760614051478	0	0	0.569113	0.707107	0	0	0.707107	img_PX4_4__0_1760614052291300400.png
PX4_2	1760614051547	0	0	0.569113	3.57628e-07	0	0	-1	img_PX4_2__0_1760614052360203200.png
PX4_3	1760614051613	0	0	0.569113	0.707107	0	0	-0.707107	img_PX4_3__0_1760614052425795300.png
PX4_1	1760614051673	0	0	0.569113	1	0	0	0	img_PX4_1__0_1760614052485975800.png
PX4_4	1760614051739	0	0	0.569113	0.707107	0	0	0.707107	img_PX4_4__0_1760614052553431300.png
PX4_2	1760614051811	0	0	0.569113	3.57628e-07	0	0	-1	img_PX4_2__0_1760614052623009200.png
PX4_3	1760614051874	0	0	0.569113	0.707107	0	0	-0.707107	img_PX4_3__0_1760614052688887300.png
PX4_1	1760614051937	0	0	0.569113	1	0	0	0	img_PX4_1__0_1760614052750127100.png
PX4_4	1760614052003	0	0	0.569113	0.707107	0	0	0.707107	img_PX4_4__0_1760614052814348600.png
PX4_2	1760614052045	0	0	0.569113	3.57628e-07	0	0	-1	img_PX4_2__0_1760614052858481400.png
PX4_3	1760614052108	0	0	0.569113	0.707107	0	0	-0.707107	img_PX4_3__0_1760614052924374500.png
PX4_1	1760614052171	0	0	0.569113	1	0	0	0	img_PX4_1__0_1760614052985449100.png
PX4_4	1760614052264	0	0	0.569113	0.707107	0	0	0.707107	img_PX4_4__0_1760614053080019000.png
PX4_2	1760614052339	0	0	0.569113	3.57628e-07	0	0	-1	img_PX4_2__0_1760614053154669100.png
PX4_3	1760614052408	0	0	0.569113	0.707107	0	0	-0.707107	img_PX4_3__0_1760614053225004800.png
PX4_1	1760614052474	0	0	0.569113	1	0	0	0	img_PX4_1__0_1760614053291068600.png
PX4_4	1760614052552	0	0	0.569113	0.707107	0	0	0.707107	img_PX4_4__0_1760614053367517100.png
PX4_2	1760614052633	0	0	0.569113	3.57628e-07	0	0	-1	img_PX4_2__0_1760614053450856800.png
PX4_3	1760614052705	0	0	0.569113	0.707107	0	0	-0.707107	img_PX4_3__0_1760614053522601400.png
PX4_1	1760614052774	0	0	0.569113	1	0	0	0	img_PX4_1__0_1760614053592149400.png
PX4_4	1760614052843	0	0	0.569113	0.707107	0	0	0.707107	img_PX4_4__0_1760614053659865700.png
PX4_2	1760614052912	0	0	0.569113	3.57628e-07	0	0	-1	img_PX4_2__0_1760614053729776000.png
PX4_3	1760614052984	0	0	0.569113	0.707107	0	0	-0.707107	img_PX4_3__0_1760614053802375900.png
PX4_1	1760614053050	0	0	0.569113	1	0	0	0	img_PX4_1__0_1760614053867261000.png
PX4_4	1760614053122	0	0	0.569113	0.707107	0	0	0.707107	img_PX4_4__0_1760614053942343800.png
PX4_2	1760614053203	0	0	0.569113	3.57628e-07	0	0	-1	img_PX4_2__0_1760614054023607200.png
PX4_3	1760614053278	0	0	0.569113	0.707107	0	0	-0.707107	img_PX4_3__0_1760614054097039300.png
PX4_1	1760614053341	0	0	0.569113	1	0	0	0	img_PX4_1__0_1760614054160743900.png
PX4_4	1760614053413	0	0	0.569113	0.707107	0	0	0.707107	img_PX4_4__0_1760614054233919500.png
PX4_2	1760614053488	0	0	0.569113	3.57628e-07	0	0	-1	img_PX4_2__0_1760614054308825300.png
PX4_3	1760614053560	0	0	0.569113	0.707107	0	0	-0.707107	img_PX4_3__0_1760614054378924800.png
PX4_1	1760614053617	0	0	0.569113	1	0	0	0	img_PX4_1__0_1760614054438853200.png
PX4_4	1760614053686	0	0	0.569113	0.707107	0	0	0.707107	img_PX4_4__0_1760614054506312100.png
PX4_2	1760614053752	0	0	0.569113	3.57628e-07	0	0	-1	img_PX4_2__0_1760614054574772600.png
PX4_3	1760614053821	0	0	0.569113	0.707107	0	0	-0.707107	img_PX4_3__0_1760614054642471300.png
PX4_1	1760614053881	0	0	0.569113	1	0	0	0	img_PX4_1__0_1760614054703787500.png
PX4_4	1760614053950	0	0	0.569113	0.707107	0	0	0.707107	img_PX4_4__0_1760614054769951800.png
PX4_2	1760614054022	0	0	0.569113	3.57628e-07	0	0	-1	img_PX4_2__0_1760614054844112400.png
PX4_3	1760614054094	0	0	0.569113	0.707107	0	0	-0.707107	img_PX4_3__0_1760614054916692600.png
PX4_1	1760614054154	0	0	0.569113	1	0	0	0	img_PX4_1__0_1760614054977273300.png
PX4_4	1760614054229	0	0	0.569113	0.707107	0	0	0.707107	img_PX4_4__0_1760614055051090100.png
PX4_2	1760614054298	0	0	0.569113	3.57628e-07	0	0	-1	img_PX4_2__0_1760614055119218400.png
PX4_3	1760614054370	0	0	0.569113	0.707107	0	0	-0.707107	img_PX4_3__0_1760614055189630300.png
PX4_1	1760614054433	0	0	0.569113	1	0	0	0	img_PX4_1__0_1760614055254626500.png
PX4_4	1760614054505	0	0	0.569113	0.707107	0	0	0.707107	img_PX4_4__0_1760614055327077200.png
PX4_2	1760614054577	0	0	0.569113	3.57628e-07	0	0	-1	img_PX4_2__0_1760614055399749200.png
PX4_3	1760614054646	0	0	0.569113	0.707107	0	0	-0.707107	img_PX4_3__0_1760614055468624700.png
PX4_1	1760614054706	0	0	0.569113	1	0	0	0	img_PX4_1__0_1760614055529219700.png
PX4_4	1760614054772	0	0	0.569113	0.707107	0	0	0.707107	img_PX4_4__0_1760614055596233300.png
PX4_2	1760614054844	0	0	0.569113	3.57628e-07	0	0	-1	img_PX4_2__0_1760614055667298700.png
PX4_3	1760614054916	0	0	0.569113	0.707107	0	0	-0.707107	img_PX4_3__0_1760614055739537900.png
PX4_1	1760614054973	0	0	0.569113	1	0	0	0	img_PX4_1__0_1760614055799040900.png
PX4_4	1760614055042	0	0	0.569113	0.707107	0	0	0.707107	img_PX4_4__0_1760614055867381000.png
PX4_2	1760614055120	0	0	0.569113	3.57628e-07	0	0	-1	img_PX4_2__0_1760614055944815600.png
PX4_3	1760614055189	0	0	0.569113	0.707107	0	0	-0.707107	img_PX4_3__0_1760614056014196400.png
PX4_1	1760614055255	0	0	0.569113	1	0	0	0	img_PX4_1__0_1760614056079659800.png
PX4_4	1760614055327	0	0	0.569113	0.707107	0	0	0.707107	img_PX4_4__0_1760614056151051000.png
PX4_2	1760614055396	0	0	0.569113	3.57628e-07	0	0	-1	img_PX4_2__0_1760614056220390900.png
PX4_3	1760614055468	0	0	0.569113	0.707107	0	0	-0.707107	img_PX4_3__0_1760614056293918900.png
PX4_1	1760614055543	0	0	0.569113	1	0	0	0	img_PX4_1__0_1760614056369445700.png
PX4_4	1760614055636	0	0	0.569113	0.707107	0	0	0.707107	img_PX4_4__0_1760614056462723000.png
PX4_2	1760614055717	0	0	0.569113	3.57628e-07	0	0	-1	img_PX4_2__0_1760614056546193200.png
PX4_3	1760614055792	0	0	0.569113	0.707107	0	0	-0.707107	img_PX4_3__0_1760614056619961300.png
PX4_1	1760614055859	0	0	0.569113	1	0	0	0	img_PX4_1__0_1760614056686430400.png
PX4_4	1760614055946	0	0	0.569113	0.707107	0	0	0.707107	img_PX4_4__0_1760614056774837100.png
PX4_2	1760614056039	0	0	0.569113	3.57628e-07	0	0	-1	img_PX4_2__0_1760614056865914700.png
PX4_3	1760614056117	0	0	0.569113	0.707107	0	0	-0.707107	img_PX4_3__0_1760614056946173700.png
PX4_1	1760614056183	0	0	0.569113	1	0	0	0	img_PX4_1__0_1760614057011455700.png
PX4_4	1760614056264	0	0	0.569113	0.707107	0	0	0.707107	img_PX4_4__0_1760614057094081900.png
PX4_2	1760614056339	0	0	0.569113	3.57628e-07	0	0	-1	img_PX4_2__0_1760614057167338400.png
PX4_3	1760614056420	0	0	0.569113	0.707107	0	0	-0.707107	img_PX4_3__0_1760614057248073200.png
PX4_1	1760614056477	0	0	0.569113	1	0	0	0	img_PX4_1__0_1760614057305700400.png
PX4_4	1760614056546	0	0	0.569113	0.707107	0	0	0.707107	img_PX4_4__0_1760614057374037600.png
PX4_2	1760614056615	0	0	0.569113	3.57628e-07	0	0	-1	img_PX4_2__0_1760614057443105600.png
PX4_3	1760614056681	0	0	0.569113	0.707107	0	0	-0.707107	img_PX4_3__0_1760614057510726600.png
PX4_1	1760614056738	0	0	0.569113	1	0	0	0	img_PX4_1__0_1760614057568579500.png
PX4_4	1760614056810	0	0	0.569113	0.707107	0	0	0.707107	img_PX4_4__0_1760614057637543900.png
PX4_2	1760614056876	0	0	0.569113	3.57628e-07	0	0	-1	img_PX4_2__0_1760614057706019200.png
PX4_3	1760614056945	0	0	0.569113	0.707107	0	0	-0.707107	img_PX4_3__0_1760614057775131500.png
PX4_1	1760614057005	0	0	0.569113	1	0	0	0	img_PX4_1__0_1760614057836583800.png
PX4_4	1760614057074	0	0	0.569113	0.707107	0	0	0.707107	img_PX4_4__0_1760614057904213700.png
PX4_2	1760614057143	0	0	0.569113	3.57628e-07	0	0	-1	img_PX4_2__0_1760614057973039400.png
PX4_3	1760614057221	0	0	0.569113	0.707107	0	0	-0.707107	img_PX4_3__0_1760614058051567800.png
PX4_1	1760614057281	0	0	0.569113	1	0	0	0	img_PX4_1__0_1760614058111381200.png
PX4_4	1760614057344	0	0	0.569113	0.707107	0	0	0.707107	img_PX4_4__0_1760614058177409800.png
PX4_2	1760614057413	0	0	0.569113	3.57628e-07	0	0	-1	img_PX4_2__0_1760614058246473000.png
PX4_3	1760614057482	0	0	0.569113	0.707107	0	0	-0.707107	img_PX4_3__0_1760614058314278100.png
PX4_1	1760614057542	0	0	0.569113	1	0	0	0	img_PX4_1__0_1760614058373718200.png
PX4_4	1760614057608	0	0	0.569113	0.707107	0	0	0.707107	img_PX4_4__0_1760614058439874100.png
PX4_2	1760614057677	0	0	0.569113	3.57628e-07	0	0	-1	img_PX4_2__0_1760614058511318300.png
PX4_3	1760614057746	0	0	0.569113	0.707107	0	0	-0.707107	img_PX4_3__0_1760614058578216700.png
PX4_1	1760614057806	0	0	0.569113	1	0	0	0	img_PX4_1__0_1760614058638747900.png
PX4_4	1760614057872	0	0	0.569113	0.707107	0	0	0.707107	img_PX4_4__0_1760614058705279700.png
PX4_2	1760614057950	0	0	0.569113	3.57628e-07	0	0	-1	img_PX4_2__0_1760614058782848600.png
PX4_3	1760614058025	0	0	0.569113	0.707107	0	0	-0.707107	img_PX4_3__0_1760614058857897400.png
PX4_1	1760614058091	0	0	0.569113	1	0	0	0	img_PX4_1__0_1760614058924838200.png
PX4_4	1760614058160	0	0	0.569113	0.707107	0	0	0.707107	img_PX4_4__0_1760614058994435200.png
PX4_2	1760614058241	0	0	0.569113	3.57628e-07	0	0	-1	img_PX4_2__0_1760614059075492900.png
PX4_3	1760614058310	0	0	0.569113	0.707107	0	0	-0.707107	img_PX4_3__0_1760614059145145100.png
PX4_1	1760614058370	0	0	0.569113	1	0	0	0	img_PX4_1__0_1760614059204740000.png
PX4_4	1760614058436	0	0	0.569113	0.707107	0	0	0.707107	img_PX4_4__0_1760614059272863500.png
PX4_2	1760614058505	0	0	0.569113	3.57628e-07	0	0	-1	img_PX4_2__0_1760614059343014800.png
PX4_3	1760614058574	0	0	0.569113	0.707107	0	0	-0.707107	img_PX4_3__0_1760614059410771100.png
PX4_1	1760614058634	0	0	0.569113	1	0	0	0	img_PX4_1__0_1760614059471231800.png
PX4_4	1760614058700	0	0	0.569113	0.707107	0	0	0.707107	img_PX4_4__0_1760614059537656500.png
PX4_2	1760614058772	0	0	0.569113	3.57628e-07	0	0	-1	img_PX4_2__0_1760614059608349900.png
PX4_3	1760614058826	0	0	0.569113	0.707107	0	0	-0.707107	img_PX4_3__0_1760614059661605200.png
PX4_1	1760614058883	0	0	0.569113	1	0	0	0	img_PX4_1__0_1760614059719528500.png
PX4_4	1760614058949	0	0	0.569113	0.707107	0	0	0.707107	img_PX4_4__0_1760614059786174200.png
PX4_2	1760614059012	0	0	0.569113	3.57628e-07	0	0	-1	img_PX4_2__0_1760614059850160300.png
PX4_3	1760614059078	0	0	0.569113	0.707107	0	0	-0.707107	img_PX4_3__0_1760614059918225300.png
PX4_1	1760614059144	0	0	0.569113	1	0	0	0	img_PX4_1__0_1760614059981417400.png
PX4_4	1760614059213	0	0	0.569113	0.707107	0	0	0.707107	img_PX4_4__0_1760614060050462100.png
PX4_2	1760614059285	0	0	0.569113	3.57628e-07	0	0	-1	img_PX4_2__0_1760614060122624200.png
PX4_3	1760614059354	0	0	0.569113	0.707107	0	0	-0.707107	img_PX4_3__0_1760614060194563000.png
PX4_1	1760614059420	0	0	0.569113	1	0	0	0	img_PX4_1__0_1760614060258928200.png
PX4_4	1760614059486	0	0	0.569113	0.707107	0	0	0.707107	img_PX4_4__0_1760614060327682700.png
PX4_2	1760614059555	0	0	0.569113	3.57628e-07	0	0	-1	img_PX4_2__0_1760614060396957300.png
PX4_3	1760614059621	0	0	0.569113	0.707107	0	0	-0.707107	img_PX4_3__0_1760614060462673500.png
PX4_1	1760614059684	0	0	0.569113	1	0	0	0	img_PX4_1__0_1760614060524778700.png
PX4_4	1760614059750	0	0	0.569113	0.707107	0	0	0.707107	img_PX4_4__0_1760614060590395300.png
PX4_2	1760614059816	0	0	0.569113	3.57628e-07	0	0	-1	img_PX4_2__0_1760614060658673100.png
PX4_3	1760614059885	0	0	0.569113	0.707107	0	0	-0.707107	img_PX4_3__0_1760614060723766600.png
PX4_1	1760614059942	0	0	0.569113	1	0	0	0	img_PX4_1__0_1760614060783263400.png
PX4_4	1760614060008	0	0	0.569113	0.707107	0	0	0.707107	img_PX4_4__0_1760614060851023700.png
PX4_2	1760614060077	0	0	0.569113	3.57628e-07	0	0	-1	img_PX4_2__0_1760614060918015900.png
PX4_3	1760614060143	0	0	0.569113	0.707107	0	0	-0.707107	img_PX4_3__0_1760614060986178600.png
PX4_1	1760614060209	0	0	0.569113	1	0	0	0	img_PX4_1__0_1760614061049992500.png
PX4_4	1760614060278	0	0	0.569113	0.707107	0	0	0.707107	img_PX4_4__0_1760614061121070500.png
PX4_2	1760614060347	0	0	0.569113	3.57628e-07	0	0	-1	img_PX4_2__0_1760614061190549900.png
PX4_3	1760614060416	0	0	0.569113	0.707107	0	0	-0.707107	img_PX4_3__0_1760614061259938700.png
PX4_1	1760614060479	0	0	0.569113	1	0	0	0	img_PX4_1__0_1760614061322099900.png
PX4_4	1760614060548	0	0	0.569113	0.707107	0	0	0.707107	img_PX4_4__0_1760614061391647600.png
PX4_2	1760614060623	0	0	0.569113	3.57628e-07	0	0	-1	img_PX4_2__0_1760614061465916000.png
PX4_3	1760614060692	0	0	0.569113	0.707107	0	0	-0.707107	img_PX4_3__0_1760614061535013500.png
PX4_1	1760614060755	0	0	0.569113	1	0	0	0	img_PX4_1__0_1760614061597630300.png
PX4_4	1760614060824	0	0	0.569113	0.707107	0	0	0.707107	img_PX4_4__0_1760614061670960200.png
PX4_2	1760614060893	0	0	0.569113	3.57628e-07	0	0	-1	img_PX4_2__0_1760614061739345900.png
PX4_3	1760614060968	0	0	0.569113	0.707107	0	0	-0.707107	img_PX4_3__0_1760614061812926900.png
PX4_1	1760614061034	0	0	0.569113	1	0	0	0	img_PX4_1__0_1760614061876553700.png
PX4_4	1760614061100	0	0	0.569113	0.707107	0	0	0.707107	img_PX4_4__0_1760614061945963000.png
PX4_2	1760614061172	0	0	0.569113	3.57628e-07	0	0	-1	img_PX4_2__0_1760614062017377700.png
PX4_3	1760614061244	0	0	0.569113	0.707107	0	0	-0.707107	img_PX4_3__0_1760614062090535900.png
PX4_1	1760614061307	0	0	0.569113	1	0	0	0	img_PX4_1__0_1760614062154542000.png
PX4_4	1760614061376	0	0	0.569113	0.707107	0	0	0.707107	img_PX4_4__0_1760614062222947100.png
PX4_2	1760614061445	0	0	0.569113	3.57628e-07	0	0	-1	img_PX4_2__0_1760614062291790800.png
PX4_3	1760614061514	0	0	0.569113	0.707107	0	0	-0.707107	img_PX4_3__0_1760614062360563000.png
PX4_1	1760614061574	0	0	0.569113	1	0	0	0	img_PX4_1__0_1760614062422725700.png
PX4_4	1760614061643	0	0	0.569113	0.707107	0	0	0.707107	img_PX4_4__0_1760614062490515700.png
PX4_2	1760614061715	0	0	0.569113	3.57628e-07	0	0	-1	img_PX4_2__0_1760614062564139700.png
PX4_3	1760614061781	0	0	0.569113	0.707107	0	0	-0.707107	img_PX4_3__0_1760614062631620000.png
PX4_1	1760614061844	0	0	0.569113	1	0	0	0	img_PX4_1__0_1760614062693306500.png
PX4_4	1760614061910	0	0	0.569113	0.707107	0	0	0.707107	img_PX4_4__0_1760614062759664300.png
PX4_2	1760614061982	0	0	0.569113	3.57628e-07	0	0	-1	img_PX4_2__0_1760614062830169800.png
PX4_3	1760614062048	0	0	0.569113	0.707107	0	0	-0.707107	img_PX4_3__0_1760614062898512000.png
PX4_1	1760614062111	0	0	0.569113	1	0	0	0	img_PX4_1__0_1760614062961891600.png
PX4_4	1760614062177	0	0	0.569113	0.707107	0	0	0.707107	img_PX4_4__0_1760614063027556300.png
PX4_2	1760614062252	0	0	0.569113	3.57628e-07	0	0	-1	img_PX4_2__0_1760614063103519200.png
PX4_3	1760614062321	0	0	0.569113	0.707107	0	0	-0.707107	img_PX4_3__0_1760614063171585600.png
PX4_1	1760614062381	0	0	0.569113	1	0	0	0	img_PX4_1__0_1760614063233495800.png
PX4_4	1760614062450	0	0	0.569113	0.707107	0	0	0.707107	img_PX4_4__0_1760614063299521000.png
PX4_2	1760614062519	0	0	0.569113	3.57628e-07	0	0	-1	img_PX4_2__0_1760614063368661900.png
PX4_3	1760614062588	0	0	0.569113	0.707107	0	0	-0.707107	img_PX4_3__0_1760614063437970800.png
PX4_1	1760614062648	0	0	0.569113	1	0	0	0	img_PX4_1__0_1760614063499656500.png
PX4_4	1760614062714	0	0	0.569113	0.707107	0	0	0.707107	img_PX4_4__0_1760614063563904800.png
PX4_2	1760614062792	0	0	0.569113	3.57628e-07	0	0	-1	img_PX4_2__0_1760614063640844400.png
PX4_3	1760614062867	0	0	0.569113	0.707107	0	0	-0.707107	img_PX4_3__0_1760614063717741600.png
PX4_1	1760614062930	0	0	0.569113	1	0	0	0	img_PX4_1__0_1760614063782816100.png
PX4_4	1760614063002	0	0	0.569113	0.707107	0	0	0.707107	img_PX4_4__0_1760614063852541600.png
PX4_2	1760614063077	0	0	0.569113	3.57628e-07	0	0	-1	img_PX4_2__0_1760614063928275900.png
PX4_3	1760614063143	0	0	0.569113	0.707107	0	0	-0.707107	img_PX4_3__0_1760614063994220600.png
PX4_1	1760614063209	0	0	0.569113	1	0	0	0	img_PX4_1__0_1760614064060168600.png
PX4_4	1760614063275	0	0	0.569113	0.707107	0	0	0.707107	img_PX4_4__0_1760614064128377500.png
PX4_2	1760614063344	0	0	0.569113	3.57628e-07	0	0	-1	img_PX4_2__0_1760614064195913800.png
PX4_3	1760614063410	0	0	0.569113	0.707107	0	0	-0.707107	img_PX4_3__0_1760614064262934800.png
PX4_1	1760614063473	0	0	0.569113	1	0	0	0	img_PX4_1__0_1760614064325427900.png
PX4_4	1760614063542	0	0	0.569113	0.707107	0	0	0.707107	img_PX4_4__0_1760614064394469500.png
PX4_2	1760614063614	0	0	0.569113	3.57628e-07	0	0	-1	img_PX4_2__0_1760614064467214300.png
PX4_3	1760614063683	0	0	0.569113	0.707107	0	0	-0.707107	img_PX4_3__0_1760614064538067700.png
PX4_1	1760614063758	0	0	0.569113	1	0	0	0	img_PX4_1__0_1760614064610076000.png
PX4_4	1760614063830	0	0	0.569113	0.707107	0	0	0.707107	img_PX4_4__0_1760614064684051100.png
PX4_2	1760614063902	0	0	0.569113	3.57628e-07	0	0	-1	img_PX4_2__0_1760614064755766200.png
PX4_3	1760614063974	0	0	0.569113	0.707107	0	0	-0.707107	img_PX4_3__0_1760614064827140300.png
PX4_1	1760614064037	0	0	0.569113	1	0	0	0	img_PX4_1__0_1760614064890736500.png
PX4_4	1760614064106	0	0	0.569113	0.707107	0	0	0.707107	img_PX4_4__0_1760614064962477900.png
PX4_2	1760614064178	0	0	0.569113	3.57628e-07	0	0	-1	img_PX4_2__0_1760614065033706000.png
PX4_3	1760614064247	0	0	0.569113	0.707107	0	0	-0.707107	img_PX4_3__0_1760614065102393400.png
PX4_1	1760614064313	0	0	0.569113	1	0	0	0	img_PX4_1__0_1760614065169159600.png
PX4_4	1760614064385	0	0	0.569113	0.707107	0	0	0.707107	img_PX4_4__0_1760614065241050400.png
PX4_2	1760614064457	0	0	0.569113	3.57628e-07	0	0	-1	img_PX4_2__0_1760614065312945300.png
PX4_3	1760614064526	0	0	0.569113	0.707107	0	0	-0.707107	img_PX4_3__0_1760614065381665100.png
PX4_1	1760614064592	0	0	0.569113	1	0	0	0	img_PX4_1__0_1760614065447857600.png
PX4_4	1760614064658	0	0	0.569113	0.707107	0	0	0.707107	img_PX4_4__0_1760614065515221700.png
PX4_2	1760614064733	0	0	0.569113	3.57628e-07	0	0	-1	img_PX4_2__0_1760614065589631700.png
PX4_3	1760614064802	0	0	0.569113	0.707107	0	0	-0.707107	img_PX4_3__0_1760614065658507000.png
PX4_1	1760614064865	0	0	0.569113	1	0	0	0	img_PX4_1__0_1760614065720596600.png
PX4_4	1760614064934	0	0	0.569113	0.707107	0	0	0.707107	img_PX4_4__0_1760614065790358900.png
PX4_2	1760614065006	0	0	0.569113	3.57628e-07	0	0	-1	img_PX4_2__0_1760614065863441700.png
PX4_3	1760614065072	0	0	0.569113	0.707107	0	0	-0.707107	img_PX4_3__0_1760614065928730300.png
PX4_1	1760614065135	0	0	0.569113	1	0	0	0	img_PX4_1__0_1760614065994217900.png
PX4_4	1760614065204	0	0	0.569113	0.707107	0	0	0.707107	img_PX4_4__0_1760614066063868500.png
PX4_2	1760614065282	0	0	0.569113	3.57628e-07	0	0	-1	img_PX4_2__0_1760614066138393200.png
PX4_3	1760614065351	0	0	0.569113	0.707107	0	0	-0.707107	img_PX4_3__0_1760614066209273400.png
PX4_1	1760614065417	0	0	0.569113	1	0	0	0	img_PX4_1__0_1760614066275852800.png
PX4_4	1760614065486	0	0	0.569113	0.707107	0	0	0.707107	img_PX4_4__0_1760614066345677000.png
PX4_2	1760614065558	0	0	0.569113	3.57628e-07	0	0	-1	img_PX4_2__0_1760614066417314000.png
PX4_3	1760614065630	0	0	0.569113	0.707107	0	0	-0.707107	img_PX4_3__0_1760614066490694800.png
PX4_1	1760614065675	0	0	0.569113	1	0	0	0	img_PX4_1__0_1760614066535518900.png
PX4_4	1760614065717	0	0	0.569113	0.707107	0	0	0.707107	img_PX4_4__0_1760614066576245900.png
PX4_2	1760614065786	0	0	0.569113	3.57628e-07	0	0	-1	img_PX4_2__0_1760614066644114300.png
PX4_3	1760614065858	0	0	0.569113	0.707107	0	0	-0.707107	img_PX4_3__0_1760614066717200200.png
PX4_1	1760614065903	0	0	0.569113	1	0	0	0	img_PX4_1__0_1760614066763012300.png
PX4_4	1760614065969	0	0	0.569113	0.707107	0	0	0.707107	img_PX4_4__0_1760614066831591500.png
PX4_2	1760614066041	0	0	0.569113	3.57628e-07	0	0	-1	img_PX4_2__0_1760614066902156700.png
PX4_3	1760614066110	0	0	0.569113	0.707107	0	0	-0.707107	img_PX4_3__0_1760614066974077000.png
PX4_1	1760614066173	0	0	0.569113	1	0	0	0	img_PX4_1__0_1760614067035872700.png
PX4_4	1760614066248	0	0	0.569113	0.707107	0	0	0.707107	img_PX4_4__0_1760614067113400900.png
PX4_2	1760614066326	0	0	0.569113	3.57628e-07	0	0	-1	img_PX4_2__0_1760614067188154900.png
PX4_3	1760614066395	0	0	0.569113	0.707107	0	0	-0.707107	img_PX4_3__0_1760614067258353900.png
PX4_1	1760614066461	0	0	0.569113	1	0	0	0	img_PX4_1__0_1760614067323817800.png
PX4_4	1760614066527	0	0	0.569113	0.707107	0	0	0.707107	img_PX4_4__0_1760614067390533500.png
PX4_2	1760614066596	0	0	0.569113	3.57628e-07	0	0	-1	img_PX4_2__0_1760614067461815500.png
PX4_3	1760614066665	0	0	0.569113	0.707107	0	0	-0.707107	img_PX4_3__0_1760614067531482800.png
PX4_1	1760614066728	0	0	0.569113	1	0	0	0	img_PX4_1__0_1760614067594530800.png
PX4_4	1760614066800	0	0	0.569113	0.707107	0	0	0.707107	img_PX4_4__0_1760614067664713200.png
PX4_2	1760614066872	0	0	0.569113	3.57628e-07	0	0	-1	img_PX4_2__0_1760614067736037700.png
PX4_3	1760614066941	0	0	0.569113	0.707107	0	0	-0.707107	img_PX4_3__0_1760614067805277500.png
PX4_1	1760614066983	0	0	0.569113	1	0	0	0	img_PX4_1__0_1760614067848261900.png
PX4_4	1760614067049	0	0	0.569113	0.707107	0	0	0.707107	img_PX4_4__0_1760614067913853700.png
PX4_2	1760614067118	0	0	0.569113	3.57628e-07	0	0	-1	img_PX4_2__0_1760614067983648000.png
PX4_3	1760614067184	0	0	0.569113	0.707107	0	0	-0.707107	img_PX4_3__0_1760614068050173300.png
PX4_1	1760614067238	0	0	0.569113	1	0	0	0	img_PX4_1__0_1760614068104457200.png
PX4_4	1760614067301	0	0	0.569113	0.707107	0	0	0.707107	img_PX4_4__0_1760614068169187000.png
PX4_2	1760614067376	0	0	0.569113	3.57628e-07	0	0	-1	img_PX4_2__0_1760614068242424300.png
PX4_3	1760614067445	0	0	0.569113	0.707107	0	0	-0.707107	img_PX4_3__0_1760614068310977400.png
PX4_1	1760614067505	0	0	0.569113	1	0	0	0	img_PX4_1__0_1760614068373540400.png
PX4_4	1760614067577	0	0	0.569113	0.707107	0	0	0.707107	img_PX4_4__0_1760614068446388500.png
PX4_2	1760614067652	0	0	0.569113	3.57628e-07	0	0	-1	img_PX4_2__0_1760614068520062800.png
PX4_3	1760614067724	0	0	0.569113	0.707107	0	0	-0.707107	img_PX4_3__0_1760614068591364500.png
PX4_1	1760614067787	0	0	0.569113	1	0	0	0	img_PX4_1__0_1760614068656939800.png
PX4_4	1760614067862	0	0	0.569113	0.707107	0	0	0.707107	img_PX4_4__0_1760614068730889200.png
PX4_2	1760614067937	0	0	0.569113	3.57628e-07	0	0	-1	img_PX4_2__0_1760614068806838400.png
PX4_3	1760614068003	0	0	0.569113	0.707107	0	0	-0.707107	img_PX4_3__0_1760614068873441900.png
PX4_1	1760614068060	0	0	0.569113	1	0	0	0	img_PX4_1__0_1760614068930811700.png
PX4_4	1760614068117	0	0	0.569113	0.707107	0	0	0.707107	img_PX4_4__0_1760614068988560200.png
PX4_2	1760614068192	0	0	0.569113	3.57628e-07	0	0	-1	img_PX4_2__0_1760614069063236400.png
PX4_3	1760614068264	0	0	0.569113	0.707107	0	0	-0.707107	img_PX4_3__0_1760614069135873900.png
PX4_1	1760614068327	0	0	0.569113	1	0	0	0	img_PX4_1__0_1760614069198005600.png
PX4_4	1760614068399	0	0	0.569113	0.707107	0	0	0.707107	img_PX4_4__0_1760614069270632400.png
PX4_2	1760614068471	0	0	0.569113	3.57628e-07	0	0	-1	img_PX4_2__0_1760614069342374000.png
PX4_3	1760614068543	0	0	0.569113	0.707107	0	0	-0.707107	img_PX4_3__0_1760614069415233900.png
PX4_1	1760614068606	0	0	0.569113	1	0	0	0	img_PX4_1__0_1760614069480665200.png
PX4_4	1760614068678	0	0	0.569113	0.707107	0	0	0.707107	img_PX4_4__0_1760614069552108400.png
PX4_2	1760614068759	0	0	0.569113	3.57628e-07	0	0	-1	img_PX4_2__0_1760614069630647800.png
PX4_3	1760614068828	0	0	0.569113	0.707107	0	0	-0.707107	img_PX4_3__0_1760614069702938800.png
PX4_1	1760614068894	0	0	0.569113	1	0	0	0	img_PX4_1__0_1760614069767729400.png
PX4_4	1760614068966	0	0	0.569113	0.707107	0	0	0.707107	img_PX4_4__0_1760614069840930300.png
PX4_2	1760614069038	0	0	0.569113	3.57628e-07	0	0	-1	img_PX4_2__0_1760614069913518500.png
PX4_3	1760614069113	0	0	0.569113	0.707107	0	0	-0.707107	img_PX4_3__0_1760614069988437600.png
PX4_1	1760614069179	0	0	0.569113	1	0	0	0	img_PX4_1__0_1760614070056779800.png
PX4_4	1760614069230	0	0	0.569113	0.707107	0	0	0.707107	img_PX4_4__0_1760614070107047100.png
PX4_2	1760614069299	0	0	0.569113	3.57628e-07	0	0	-1	img_PX4_2__0_1760614070175027100.png
PX4_3	1760614069362	0	0	0.569113	0.707107	0	0	-0.707107	img_PX4_3__0_1760614070240629400.png
PX4_1	1760614069425	0	0	0.569113	1	0	0	0	img_PX4_1__0_1760614070304437400.png
PX4_4	1760614069494	0	0	0.569113	0.707107	0	0	0.707107	img_PX4_4__0_1760614070372869500.png
PX4_2	1760614069572	0	0	0.569113	3.57628e-07	0	0	-1	img_PX4_2__0_1760614070449818400.png
PX4_3	1760614069644	0	0	0.569113	0.707107	0	0	-0.707107	img_PX4_3__0_1760614070524009900.png
PX4_1	1760614069719	0	0	0.569113	1	0	0	0	img_PX4_1__0_1760614070599186800.png
PX4_4	1760614069797	0	0	0.569113	0.707107	0	0	0.707107	img_PX4_4__0_1760614070675966700.png
PX4_2	1760614069878	0	0	0.569113	3.57628e-07	0	0	-1	img_PX4_2__0_1760614070758997300.png
PX4_3	1760614069953	0	0	0.569113	0.707107	0	0	-0.707107	img_PX4_3__0_1760614070832805400.png
PX4_1	1760614070022	0	0	0.569113	1	0	0	0	img_PX4_1__0_1760614070901675000.png
PX4_4	1760614070106	0	0	0.569113	0.707107	0	0	0.707107	img_PX4_4__0_1760614070988480500.png
PX4_2	1760614070196	0	0	0.569113	3.57628e-07	0	0	-1	img_PX4_2__0_1760614071078273100.png
PX4_3	1760614070271	0	0	0.569113	0.707107	0	0	-0.707107	img_PX4_3__0_1760614071154007300.png
PX4_1	1760614070346	0	0	0.569113	1	0	0	0	img_PX4_1__0_1760614071228344800.png
PX4_4	1760614070424	0	0	0.569113	0.707107	0	0	0.707107	img_PX4_4__0_1760614071308379500.png
PX4_2	1760614070511	0	0	0.569113	3.57628e-07	0	0	-1	img_PX4_2__0_1760614071395983400.png
PX4_3	1760614070589	0	0	0.569113	0.707107	0	0	-0.707107	img_PX4_3__0_1760614071472956400.png
PX4_1	1760614070670	0	0	0.569113	1	0	0	0	img_PX4_1__0_1760614071555103000.png
PX4_4	1760614070751	0	0	0.569113	0.707107	0	0	0.707107	img_PX4_4__0_1760614071635052100.png
PX4_2	1760614070835	0	0	0.569113	3.57628e-07	0	0	-1	img_PX4_2__0_1760614071719196700.png
PX4_3	1760614070907	0	0	0.569113	0.707107	0	0	-0.707107	img_PX4_3__0_1760614071794208100.png
PX4_1	1760614070973	0	0	0.569113	1	0	0	0	img_PX4_1__0_1760614071859814200.png
PX4_4	1760614071036	0	0	0.569113	0.707107	0	0	0.707107	img_PX4_4__0_1760614071922361900.png
PX4_2	1760614071105	0	0	0.569113	3.57628e-07	0	0	-1	img_PX4_2__0_1760614071991670400.png
PX4_3	1760614071177	0	0	0.569113	0.707107	0	0	-0.707107	img_PX4_3__0_1760614072064498600.png
PX4_1	1760614071243	0	0	0.569113	1	0	0	0	img_PX4_1__0_1760614072131547700.png
PX4_4	1760614071312	0	0	0.569113	0.707107	0	0	0.707107	img_PX4_4__0_1760614072197742900.png
PX4_2	1760614071387	0	0	0.569113	3.57628e-07	0	0	-1	img_PX4_2__0_1760614072274674100.png
PX4_3	1760614071459	0	0	0.569113	0.707107	0	0	-0.707107	img_PX4_3__0_1760614072346383600.png
PX4_1	1760614071537	0	0	0.569113	1	0	0	0	img_PX4_1__0_1760614072424111500.png
PX4_4	1760614071627	0	0	0.569113	0.707107	0	0	0.707107	img_PX4_4__0_1760614072513915100.png
PX4_2	1760614071699	0	0	0.569113	3.57628e-07	0	0	-1	img_PX4_2__0_1760614072587287100.png
PX4_3	1760614071774	0	0	0.569113	0.707107	0	0	-0.707107	img_PX4_3__0_1760614072663701100.png
PX4_1	1760614071840	0	0	0.569113	1	0	0	0	img_PX4_1__0_1760614072729136400.png
PX4_4	1760614071918	0	0	0.569113	0.707107	0	0	0.707107	img_PX4_4__0_1760614072806253800.png
PX4_2	1760614071993	0	0	0.569113	3.57628e-07	0	0	-1	img_PX4_2__0_1760614072880508600.png
PX4_3	1760614072065	0	0	0.569113	0.707107	0	0	-0.707107	img_PX4_3__0_1760614072955816500.png
PX4_1	1760614072134	0	0	0.569113	1	0	0	0	img_PX4_1__0_1760614073024428000.png
PX4_4	1760614072209	0	0	0.569113	0.707107	0	0	0.707107	img_PX4_4__0_1760614073102054900.png
PX4_2	1760614072287	0	0	0.569113	3.57628e-07	0	0	-1	img_PX4_2__0_1760614073181001400.png
PX4_3	1760614072365	0	0	0.569113	0.707107	0	0	-0.707107	img_PX4_3__0_1760614073257429800.png
PX4_1	1760614072431	0	0	0.569113	1	0	0	0	img_PX4_1__0_1760614073324594900.png
PX4_4	1760614072509	0	0	0.569113	0.707107	0	0	0.707107	img_PX4_4__0_1760614073399585000.png
PX4_2	1760614072590	0	0	0.569113	3.57628e-07	0	0	-1	img_PX4_2__0_1760614073481897800.png
PX4_3	1760614072668	0	0	0.569113	0.707107	0	0	-0.707107	img_PX4_3__0_1760614073559870200.png
PX4_1	1760614072737	0	0	0.569113	1	0	0	0	img_PX4_1__0_1760614073629080800.png
PX4_4	1760614072815	0	0	0.569113	0.707107	0	0	0.707107	img_PX4_4__0_1760614073707370300.png
PX4_2	1760614072887	0	0	0.569113	3.57628e-07	0	0	-1	img_PX4_2__0_1760614073780080600.png
PX4_3	1760614072959	0	0	0.569113	0.707107	0	0	-0.707107	img_PX4_3__0_1760614073853449600.png
PX4_1	1760614073022	0	0	0.569113	1	0	0	0	img_PX4_1__0_1760614073917070400.png
PX4_4	1760614073100	0	0	0.569113	0.707107	0	0	0.707107	img_PX4_4__0_1760614073994679300.png
PX4_2	1760614073172	0	0	0.569113	3.57628e-07	0	0	-1	img_PX4_2__0_1760614074066926200.png
PX4_3	1760614073241	0	0	0.569113	0.707107	0	0	-0.707107	img_PX4_3__0_1760614074137612300.png
PX4_1	1760614073304	0	0	0.569113	1	0	0	0	img_PX4_1__0_1760614074199781700.png
PX4_4	1760614073379	0	0	0.569113	0.707107	0	0	0.707107	img_PX4_4__0_1760614074274568000.png
PX4_2	1760614073430	0	0	0.569113	3.57628e-07	0	0	-1	img_PX4_2__0_1760614074324684100.png
PX4_3	1760614073496	0	0	0.569113	0.707107	0	0	-0.707107	img_PX4_3__0_1760614074395164400.png
PX4_1	1760614073553	0	0	0.569113	1	0	0	0	img_PX4_1__0_1760614074450856100.png
PX4_4	1760614073625	0	0	0.569113	0.707107	0	0	0.707107	img_PX4_4__0_1760614074522702700.png
PX4_2	1760614073700	0	0	0.569113	3.57628e-07	0	0	-1	img_PX4_2__0_1760614074599057600.png
PX4_3	1760614073772	0	0	0.569113	0.707107	0	0	-0.707107	img_PX4_3__0_1760614074671961300.png
PX4_1	1760614073835	0	0	0.569113	1	0	0	0	img_PX4_1__0_1760614074736752900.png
PX4_4	1760614073910	0	0	0.569113	0.707107	0	0	0.707107	img_PX4_4__0_1760614074810431800.png
PX4_2	1760614073985	0	0	0.569113	3.57628e-07	0	0	-1	img_PX4_2__0_1760614074888345300.png
PX4_3	1760614074051	0	0	0.569113	0.707107	0	0	-0.707107	img_PX4_3__0_1760614074954555100.png
PX4_1	1760614074111	0	0	0.569113	1	0	0	0	img_PX4_1__0_1760614075016716300.png
PX4_4	1760614074186	0	0	0.569113	0.707107	0	0	0.707107	img_PX4_4__0_1760614075089798200.png
PX4_2	1760614074258	0	0	0.569113	3.57628e-07	0	0	-1	img_PX4_2__0_1760614075161667600.png
PX4_3	1760614074327	0	0	0.569113	0.707107	0	0	-0.707107	img_PX4_3__0_1760614075233363600.png
PX4_1	1760614074390	0	0	0.569113	1	0	0	0	img_PX4_1__0_1760614075294078500.png
PX4_4	1760614074453	0	0	0.569113	0.707107	0	0	0.707107	img_PX4_4__0_1760614075358134400.png
PX4_2	1760614074522	0	0	0.569113	3.57628e-07	0	0	-1	img_PX4_2__0_1760614075429256800.png
PX4_3	1760614074591	0	0	0.569113	0.707107	0	0	-0.707107	img_PX4_3__0_1760614075496724000.png
PX4_1	1760614074648	0	0	0.569113	1	0	0	0	img_PX4_1__0_1760614075553308600.png
PX4_4	1760614074708	0	0	0.569113	0.707107	0	0	0.707107	img_PX4_4__0_1760614075614557600.png
PX4_2	1760614074780	0	0	0.569113	3.57628e-07	0	0	-1	img_PX4_2__0_1760614075687000500.png
PX4_3	1760614074852	0	0	0.569113	0.707107	0	0	-0.707107	img_PX4_3__0_1760614075760814800.png
PX4_1	1760614074921	0	0	0.569113	1	0	0	0	img_PX4_1__0_1760614075828518300.png
PX4_4	1760614075002	0	0	0.569113	0.707107	0	0	0.707107	img_PX4_4__0_1760614075910450800.png
PX4_2	1760614075080	0	0	0.569113	3.57628e-07	0	0	-1	img_PX4_2__0_1760614075987221000.png
PX4_3	1760614075158	0	0	0.569113	0.707107	0	0	-0.707107	img_PX4_3__0_1760614076068009600.png
PX4_1	1760614075224	0	0	0.569113	1	0	0	0	img_PX4_1__0_1760614076133663700.png
PX4_4	1760614075296	0	0	0.569113	0.707107	0	0	0.707107	img_PX4_4__0_1760614076206463000.png
PX4_2	1760614075365	0	0	0.569113	3.57628e-07	0	0	-1	img_PX4_2__0_1760614076275608500.png
PX4_3	1760614075437	0	0	0.569113	0.707107	0	0	-0.707107	img_PX4_3__0_1760614076347174800.png
PX4_1	1760614075497	0	0	0.569113	1	0	0	0	img_PX4_1__0_1760614076407063200.png
PX4_4	1760614075566	0	0	0.569113	0.707107	0	0	0.707107	img_PX4_4__0_1760614076475847900.png
PX4_2	1760614075641	0	0	0.569113	3.57628e-07	0	0	-1	img_PX4_2__0_1760614076551754700.png
PX4_3	1760614075710	0	0	0.569113	0.707107	0	0	-0.707107	img_PX4_3__0_1760614076621218000.png
PX4_1	1760614075773	0	0	0.569113	1	0	0	0	img_PX4_1__0_1760614076685092700.png
PX4_4	1760614075848	0	0	0.569113	0.707107	0	0	0.707107	img_PX4_4__0_1760614076758223700.png
PX4_2	1760614075926	0	0	0.569113	3.57628e-07	0	0	-1	img_PX4_2__0_1760614076837585800.png
PX4_3	1760614075992	0	0	0.569113	0.707107	0	0	-0.707107	img_PX4_3__0_1760614076904626700.png
PX4_1	1760614076052	0	0	0.569113	1	0	0	0	img_PX4_1__0_1760614076965000900.png
PX4_4	1760614076121	0	0	0.569113	0.707107	0	0	0.707107	img_PX4_4__0_1760614077033139200.png
PX4_2	1760614076193	0	0	0.569113	3.57628e-07	0	0	-1	img_PX4_2__0_1760614077105520900.png
PX4_3	1760614076268	0	0	0.569113	0.707107	0	0	-0.707107	img_PX4_3__0_1760614077182368600.png
PX4_1	1760614076331	0	0	0.569113	1	0	0	0	img_PX4_1__0_1760614077242848900.png
PX4_4	1760614076403	0	0	0.569113	0.707107	0	0	0.707107	img_PX4_4__0_1760614077315180300.png
PX4_2	1760614076484	0	0	0.569113	3.57628e-07	0	0	-1	img_PX4_2__0_1760614077398024200.png
PX4_3	1760614076538	0	0	0.569113	0.707107	0	0	-0.707107	img_PX4_3__0_1760614077452671300.png
PX4_1	1760614076601	0	0	0.569113	1	0	0	0	img_PX4_1__0_1760614077513019500.png
PX4_4	1760614076670	0	0	0.569113	0.707107	0	0	0.707107	img_PX4_4__0_1760614077584200400.png
PX4_2	1760614076733	0	0	0.569113	3.57628e-07	0	0	-1	img_PX4_2__0_1760614077647845500.png
PX4_3	1760614076799	0	0	0.569113	0.707107	0	0	-0.707107	img_PX4_3__0_1760614077713724300.png
PX4_1	1760614076862	0	0	0.569113	1	0	0	0	img_PX4_1__0_1760614077776042900.png
PX4_4	1760614076937	0	0	0.569113	0.707107	0	0	0.707107	img_PX4_4__0_1760614077850315500.png
PX4_2	1760614077009	0	0	0.569113	3.57628e-07	0	0	-1	img_PX4_2__0_1760614077923629900.png
PX4_3	1760614077078	0	0	0.569113	0.707107	0	0	-0.707107	img_PX4_3__0_1760614077992573000.png
PX4_1	1760614077141	0	0	0.569113	1	0	0	0	img_PX4_1__0_1760614078055269600.png
PX4_4	1760614077210	0	0	0.569113	0.707107	0	0	0.707107	img_PX4_4__0_1760614078125439300.png
PX4_2	1760614077282	0	0	0.569113	3.57628e-07	0	0	-1	img_PX4_2__0_1760614078196332800.png
PX4_3	1760614077360	0	0	0.569113	0.707107	0	0	-0.707107	img_PX4_3__0_1760614078277239600.png
PX4_1	1760614077432	0	0	0.569113	1	0	0	0	img_PX4_1__0_1760614078348564500.png
PX4_4	1760614077507	0	0	0.569113	0.707107	0	0	0.707107	img_PX4_4__0_1760614078424009200.png
PX4_2	1760614077588	0	0	0.569113	3.57628e-07	0	0	-1	img_PX4_2__0_1760614078507028400.png
PX4_3	1760614077660	0	0	0.569113	0.707107	0	0	-0.707107	img_PX4_3__0_1760614078578292100.png
PX4_1	1760614077729	0	0	0.569113	1	0	0	0	img_PX4_1__0_1760614078647558200.png
PX4_4	1760614077798	0	0	0.569113	0.707107	0	0	0.707107	img_PX4_4__0_1760614078716719000.png
PX4_2	1760614077873	0	0	0.569113	3.57628e-07	0	0	-1	img_PX4_2__0_1760614078793708000.png
PX4_3	1760614077942	0	0	0.569113	0.707107	0	0	-0.707107	img_PX4_3__0_1760614078863540600.png
PX4_1	1760614078005	0	0	0.569113	1	0	0	0	img_PX4_1__0_1760614078925073000.png
PX4_4	1760614078071	0	0	0.569113	0.707107	0	0	0.707107	img_PX4_4__0_1760614078992860800.png
PX4_2	1760614078143	0	0	0.569113	3.57628e-07	0	0	-1	img_PX4_2__0_1760614079065458500.png
PX4_3	1760614078212	0	0	0.569113	0.707107	0	0	-0.707107	img_PX4_3__0_1760614079134551300.png
PX4_1	1760614078272	0	0	0.569113	1	0	0	0	img_PX4_1__0_1760614079194456600.png
PX4_4	1760614078341	0	0	0.569113	0.707107	0	0	0.707107	img_PX4_4__0_1760614079262331600.png
PX4_2	1760614078413	0	0	0.569113	3.57628e-07	0	0	-1	img_PX4_2__0_1760614079336583200.png
PX4_3	1760614078482	0	0	0.569113	0.707107	0	0	-0.707107	img_PX4_3__0_1760614079405390700.png
PX4_1	1760614078545	0	0	0.569113	1	0	0	0	img_PX4_1__0_1760614079469684900.png
PX4_4	1760614078614	0	0	0.569113	0.707107	0	0	0.707107	img_PX4_4__0_1760614079538012600.png
PX4_2	1760614078686	0	0	0.569113	3.57628e-07	0	0	-1	img_PX4_2__0_1760614079610466700.png
PX4_3	1760614078752	0	0	0.569113	0.707107	0	0	-0.707107	img_PX4_3__0_1760614079677289600.png
PX4_1	1760614078815	0	0	0.569113	1	0	0	0	img_PX4_1__0_1760614079738317500.png
PX4_4	1760614078881	0	0	0.569113	0.707107	0	0	0.707107	img_PX4_4__0_1760614079804588800.png
PX4_2	1760614078953	0	0	0.569113	3.57628e-07	0	0	-1	img_PX4_2__0_1760614079876770900.png
PX4_3	1760614079019	0	0	0.569113	0.707107	0	0	-0.707107	img_PX4_3__0_1760614079943387700.png
PX4_1	1760614079079	0	0	0.569113	1	0	0	0	img_PX4_1__0_1760614080004822500.png
PX4_4	1760614079157	0	0	0.569113	0.707107	0	0	0.707107	img_PX4_4__0_1760614080081379300.png
PX4_2	1760614079223	0	0	0.569113	3.57628e-07	0	0	-1	img_PX4_2__0_1760614080149409500.png
PX4_3	1760614079289	0	0	0.569113	0.707107	0	0	-0.707107	img_PX4_3__0_1760614080212472800.png
PX4_1	1760614079355	0	0	0.569113	1	0	0	0	img_PX4_1__0_1760614080279442000.png
PX4_4	1760614079430	0	0	0.569113	0.707107	0	0	0.707107	img_PX4_4__0_1760614080356412900.png
PX4_2	1760614079505	0	0	0.569113	3.57628e-07	0	0	-1	img_PX4_2__0_1760614080430964000.png
PX4_3	1760614079574	0	0	0.569113	0.707107	0	0	-0.707107	img_PX4_3__0_1760614080500295100.png
PX4_1	1760614079640	0	0	0.569113	1	0	0	0	img_PX4_1__0_1760614080566269700.png
PX4_4	1760614079724	0	0	0.569113	0.707107	0	0	0.707107	img_PX4_4__0_1760614080652211300.png
PX4_2	1760614079820	0	0	0.569113	3.57628e-07	0	0	-1	img_PX4_2__0_1760614080748316800.png
PX4_3	1760614079892	0	0	0.569113	0.707107	0	0	-0.707107	img_PX4_3__0_1760614080819890500.png
PX4_1	1760614079943	0	0	0.569113	1	0	0	0	img_PX4_1__0_1760614080871258200.png
PX4_4	1760614080027	0	0	0.569113	0.707107	0	0	0.707107	img_PX4_4__0_1760614080954745600.png
PX4_2	1760614080102	0	0	0.569113	3.57628e-07	0	0	-1	img_PX4_2__0_1760614081031398300.png
PX4_3	1760614080150	0	0	0.569113	0.707107	0	0	-0.707107	img_PX4_3__0_1760614081078235400.png
PX4_1	1760614080213	0	0	0.569113	1	0	0	0	img_PX4_1__0_1760614081140179500.png
PX4_4	1760614080291	0	0	0.569113	0.707107	0	0	0.707107	img_PX4_4__0_1760614081219910100.png
PX4_2	1760614080360	0	0	0.569113	3.57628e-07	0	0	-1	img_PX4_2__0_1760614081291146800.png
PX4_3	1760614080432	0	0	0.569113	0.707107	0	0	-0.707107	img_PX4_3__0_1760614081361590000.png
PX4_1	1760614080495	0	0	0.569113	1	0	0	0	img_PX4_1__0_1760614081425490300.png
PX4_4	1760614080570	0	0	0.569113	0.707107	0	0	0.707107	img_PX4_4__0_1760614081500035100.png
PX4_2	1760614080648	0	0	0.569113	3.57628e-07	0	0	-1	img_PX4_2__0_1760614081579707700.png
PX4_3	1760614080726	0	0	0.569113	0.707107	0	0	-0.707107	img_PX4_3__0_1760614081656898600.png
PX4_1	1760614080789	0	0	0.569113	1	0	0	0	img_PX4_1__0_1760614081721105200.png
PX4_4	1760614080861	0	0	0.569113	0.707107	0	0	0.707107	img_PX4_4__0_1760614081793811700.png
PX4_2	1760614080912	0	0	0.569113	3.57628e-07	0	0	-1	img_PX4_2__0_1760614081845255000.png
PX4_3	1760614080957	0	0	0.569113	0.707107	0	0	-0.707107	img_PX4_3__0_1760614081890275800.png
PX4_1	1760614081020	0	0	0.569113	1	0	0	0	img_PX4_1__0_1760614081951699000.png
PX4_4	1760614081086	0	0	0.569113	0.707107	0	0	0.707107	img_PX4_4__0_1760614082018044400.png
PX4_2	1760614081143	0	0	0.569113	3.57628e-07	0	0	-1	img_PX4_2__0_1760614082077466700.png
PX4_3	1760614081209	0	0	0.569113	0.707107	0	0	-0.707107	img_PX4_3__0_1760614082143649300.png
PX4_1	1760614081269	0	0	0.569113	1	0	0	0	img_PX4_1__0_1760614082200327900.png
PX4_4	1760614081323	0	0	0.569113	0.707107	0	0	0.707107	img_PX4_4__0_1760614082258170800.png
PX4_2	1760614081404	0	0	0.569113	3.57628e-07	0	0	-1	img_PX4_2__0_1760614082339236100.png
PX4_3	1760614081482	0	0	0.569113	0.707107	0	0	-0.707107	img_PX4_3__0_1760614082417267600.png
PX4_1	1760614081548	0	0	0.569113	1	0	0	0	img_PX4_1__0_1760614082482090100.png
PX4_4	1760614081620	0	0	0.569113	0.707107	0	0	0.707107	img_PX4_4__0_1760614082554927900.png
PX4_2	1760614081695	0	0	0.569113	3.57628e-07	0	0	-1	img_PX4_2__0_1760614082632092500.png
PX4_3	1760614081764	0	0	0.569113	0.707107	0	0	-0.707107	img_PX4_3__0_1760614082702497200.png
PX4_1	1760614081827	0	0	0.569113	1	0	0	0	img_PX4_1__0_1760614082764601600.png
PX4_4	1760614081905	0	0	0.569113	0.707107	0	0	0.707107	img_PX4_4__0_1760614082841861600.png
PX4_2	1760614081977	0	0	0.569113	3.57628e-07	0	0	-1	img_PX4_2__0_1760614082916138500.png
PX4_3	1760614082028	0	0	0.569113	0.707107	0	0	-0.707107	img_PX4_3__0_1760614082965253200.png
PX4_1	1760614082061	0	0	0.569113	1	0	0	0	img_PX4_1__0_1760614083001346100.png
PX4_4	1760614082133	0	0	0.569113	0.707107	0	0	0.707107	img_PX4_4__0_1760614083074463700.png
PX4_2	1760614082208	0	0	0.569113	3.57628e-07	0	0	-1	img_PX4_2__0_1760614083148186100.png
PX4_3	1760614082280	0	0	0.569113	0.707107	0	0	-0.707107	img_PX4_3__0_1760614083221028300.png
PX4_1	1760614082352	0	0	0.569113	1	0	0	0	img_PX4_1__0_1760614083292848400.png
PX4_4	1760614082430	0	0	0.569113	0.707107	0	0	0.707107	img_PX4_4__0_1760614083371085700.png
PX4_2	1760614082502	0	0	0.569113	3.57628e-07	0	0	-1	img_PX4_2__0_1760614083445565200.png
PX4_3	1760614082571	0	0	0.569113	0.707107	0	0	-0.707107	img_PX4_3__0_1760614083512870000.png
PX4_1	1760614082637	0	0	0.569113	1	0	0	0	img_PX4_1__0_1760614083578759300.png
PX4_4	1760614082706	0	0	0.569113	0.707107	0	0	0.707107	img_PX4_4__0_1760614083650652900.png
PX4_2	1760614082778	0	0	0.569113	3.57628e-07	0	0	-1	img_PX4_2__0_1760614083722179200.png
PX4_3	1760614082847	0	0	0.569113	0.707107	0	0	-0.707107	img_PX4_3__0_1760614083790145500.png
PX4_1	1760614082910	0	0	0.569113	1	0	0	0	img_PX4_1__0_1760614083853631700.png
PX4_4	1760614082976	0	0	0.569113	0.707107	0	0	0.707107	img_PX4_4__0_1760614083921062000.png
PX4_2	1760614083048	0	0	0.569113	3.57628e-07	0	0	-1	img_PX4_2__0_1760614083991343000.png
PX4_3	1760614083111	0	0	0.569113	0.707107	0	0	-0.707107	img_PX4_3__0_1760614084055967500.png
PX4_1	1760614083171	0	0	0.569113	1	0	0	0	img_PX4_1__0_1760614084117008000.png
PX4_4	1760614083237	0	0	0.569113	0.707107	0	0	0.707107	img_PX4_4__0_1760614084182477100.png
PX4_2	1760614083303	0	0	0.569113	3.57628e-07	0	0	-1	img_PX4_2__0_1760614084249238700.png
PX4_3	1760614083372	0	0	0.569113	0.707107	0	0	-0.707107	img_PX4_3__0_1760614084319809000.png
PX4_1	1760614083435	0	0	0.569113	1	0	0	0	img_PX4_1__0_1760614084379766300.png
PX4_4	1760614083483	0	0	0.569113	0.707107	0	0	0.707107	img_PX4_4__0_1760614084430782600.png
PX4_2	1760614083549	0	0	0.569113	3.57628e-07	0	0	-1	img_PX4_2__0_1760614084496897900.png
PX4_3	1760614083609	0	0	0.569113	0.707107	0	0	-0.707107	img_PX4_3__0_1760614084556751900.png
PX4_1	1760614083672	0	0	0.569113	1	0	0	0	img_PX4_1__0_1760614084618571200.png
PX4_4	1760614083741	0	0	0.569113	0.707107	0	0	0.707107	img_PX4_4__0_1760614084688214000.png
PX4_2	1760614083807	0	0	0.569113	3.57628e-07	0	0	-1	img_PX4_2__0_1760614084755524800.png
PX4_3	1760614083876	0	0	0.569113	0.707107	0	0	-0.707107	img_PX4_3__0_1760614084825011200.png
PX4_1	1760614083942	0	0	0.569113	1	0	0	0	img_PX4_1__0_1760614084889381900.png
PX4_4	1760614084011	0	0	0.569113	0.707107	0	0	0.707107	img_PX4_4__0_1760614084961123300.png
PX4_2	1760614084083	0	0	0.569113	3.57628e-07	0	0	-1	img_PX4_2__0_1760614085033292700.png
PX4_3	1760614084152	0	0	0.569113	0.707107	0	0	-0.707107	img_PX4_3__0_1760614085103356800.png
PX4_1	1760614084215	0	0	0.569113	1	0	0	0	img_PX4_1__0_1760614085164332000.png
PX4_4	1760614084281	0	0	0.569113	0.707107	0	0	0.707107	img_PX4_4__0_1760614085232155800.png
PX4_2	1760614084353	0	0	0.569113	3.57628e-07	0	0	-1	img_PX4_2__0_1760614085302754900.png
PX4_3	1760614084425	0	0	0.569113	0.707107	0	0	-0.707107	img_PX4_3__0_1760614085376509300.png
PX4_1	1760614084491	0	0	0.569113	1	0	0	0	img_PX4_1__0_1760614085440791000.png
PX4_4	1760614084557	0	0	0.569113	0.707107	0	0	0.707107	img_PX4_4__0_1760614085509645600.png
PX4_2	1760614084629	0	0	0.569113	3.57628e-07	0	0	-1	img_PX4_2__0_1760614085582240900.png
PX4_3	1760614084698	0	0	0.569113	0.707107	0	0	-0.707107	img_PX4_3__0_1760614085651569600.png
PX4_1	1760614084767	0	0	0.569113	1	0	0	0	img_PX4_1__0_1760614085717366700.png
PX4_4	1760614084845	0	0	0.569113	0.707107	0	0	0.707107	img_PX4_4__0_1760614085798354700.png
PX4_2	1760614084911	0	0	0.569113	3.57628e-07	0	0	-1	img_PX4_2__0_1760614085866928100.png
PX4_3	1760614084980	0	0	0.569113	0.707107	0	0	-0.707107	img_PX4_3__0_1760614085935172200.png
PX4_1	1760614085040	0	0	0.569113	1	0	0	0	img_PX4_1__0_1760614085995288700.png
PX4_4	1760614085106	0	0	0.569113	0.707107	0	0	0.707107	img_PX4_4__0_1760614086060922200.png
PX4_2	1760614085172	0	0	0.569113	3.57628e-07	0	0	-1	img_PX4_2__0_1760614086127942400.png
PX4_3	1760614085238	0	0	0.569113	0.707107	0	0	-0.707107	img_PX4_3__0_1760614086193762600.png
PX4_1	1760614085298	0	0	0.569113	1	0	0	0	img_PX4_1__0_1760614086253949200.png
PX4_4	1760614085367	0	0	0.569113	0.707107	0	0	0.707107	img_PX4_4__0_1760614086323131900.png
PX4_2	1760614085436	0	0	0.569113	3.57628e-07	0	0	-1	img_PX4_2__0_1760614086391258500.png
PX4_3	1760614085508	0	0	0.569113	0.707107	0	0	-0.707107	img_PX4_3__0_1760614086465898600.png
PX4_1	1760614085568	0	0	0.569113	1	0	0	0	img_PX4_1__0_1760614086525482900.png
PX4_4	1760614085634	0	0	0.569113	0.707107	0	0	0.707107	img_PX4_4__0_1760614086594097400.png
PX4_2	1760614085703	0	0	0.569113	3.57628e-07	0	0	-1	img_PX4_2__0_1760614086663831200.png
PX4_3	1760614085772	0	0	0.569113	0.707107	0	0	-0.707107	img_PX4_3__0_1760614086733578800.png
PX4_1	1760614085835	0	0	0.569113	1	0	0	0	img_PX4_1__0_1760614086794361700.png
PX4_4	1760614085904	0	0	0.569113	0.707107	0	0	0.707107	img_PX4_4__0_1760614086864337800.png
PX4_2	1760614085973	0	0	0.569113	3.57628e-07	0	0	-1	img_PX4_2__0_1760614086932980100.png
PX4_3	1760614086042	0	0	0.569113	0.707107	0	0	-0.707107	img_PX4_3__0_1760614087001832600.png
PX4_1	1760614086105	0	0	0.569113	1	0	0	0	img_PX4_1__0_1760614087064589100.png
PX4_4	1760614086174	0	0	0.569113	0.707107	0	0	0.707107	img_PX4_4__0_1760614087136616900.png
PX4_2	1760614086240	0	0	0.569113	3.57628e-07	0	0	-1	img_PX4_2__0_1760614087204086200.png
PX4_3	1760614086309	0	0	0.569113	0.707107	0	0	-0.707107	img_PX4_3__0_1760614087272292900.png
PX4_1	1760614086372	0	0	0.569113	1	0	0	0	img_PX4_1__0_1760614087335133400.png
PX4_4	1760614086441	0	0	0.569113	0.707107	0	0	0.707107	img_PX4_4__0_1760614087403470000.png
PX4_2	1760614086510	0	0	0.569113	3.57628e-07	0	0	-1	img_PX4_2__0_1760614087472712900.png
PX4_3	1760614086579	0	0	0.569113	0.707107	0	0	-0.707107	img_PX4_3__0_1760614087541381200.png
PX4_1	1760614086639	0	0	0.569113	1	0	0	0	img_PX4_1__0_1760614087602754900.png
PX4_4	1760614086708	0	0	0.569113	0.707107	0	0	0.707107	img_PX4_4__0_1760614087671319300.png
PX4_2	1760614086783	0	0	0.569113	3.57628e-07	0	0	-1	img_PX4_2__0_1760614087747099900.png
PX4_3	1760614086852	0	0	0.569113	0.707107	0	0	-0.707107	img_PX4_3__0_1760614087815977900.png
PX4_1	1760614086912	0	0	0.569113	1	0	0	0	img_PX4_1__0_1760614087876738100.png
PX4_4	1760614086978	0	0	0.569113	0.707107	0	0	0.707107	img_PX4_4__0_1760614087943974000.png
PX4_2	1760614087050	0	0	0.569113	3.57628e-07	0	0	-1	img_PX4_2__0_1760614088014522300.png
PX4_3	1760614087125	0	0	0.569113	0.707107	0	0	-0.707107	img_PX4_3__0_1760614088090520000.png
PX4_1	1760614087188	0	0	0.569113	1	0	0	0	img_PX4_1__0_1760614088152674900.png
PX4_4	1760614087260	0	0	0.569113	0.707107	0	0	0.707107	img_PX4_4__0_1760614088226555100.png
PX4_2	1760614087332	0	0	0.569113	3.57628e-07	0	0	-1	img_PX4_2__0_1760614088299052100.png
PX4_3	1760614087404	0	0	0.569113	0.707107	0	0	-0.707107	img_PX4_3__0_1760614088371317200.png
PX4_1	1760614087473	0	0	0.569113	1	0	0	0	img_PX4_1__0_1760614088437812600.png
PX4_4	1760614087542	0	0	0.569113	0.707107	0	0	0.707107	img_PX4_4__0_1760614088507361700.png
PX4_2	1760614087611	0	0	0.569113	3.57628e-07	0	0	-1	img_PX4_2__0_1760614088576218900.png
PX4_3	1760614087680	0	0	0.569113	0.707107	0	0	-0.707107	img_PX4_3__0_1760614088646726000.png
PX4_1	1760614087740	0	0	0.569113	1	0	0	0	img_PX4_1__0_1760614088707571800.png
PX4_4	1760614087809	0	0	0.569113	0.707107	0	0	0.707107	img_PX4_4__0_1760614088777416300.png
PX4_2	1760614087878	0	0	0.569113	3.57628e-07	0	0	-1	img_PX4_2__0_1760614088845427900.png
PX4_3	1760614087947	0	0	0.569113	0.707107	0	0	-0.707107	img_PX4_3__0_1760614088914172200.png
PX4_1	1760614088007	0	0	0.569113	1	0	0	0	img_PX4_1__0_1760614088974117700.png
PX4_4	1760614088079	0	0	0.569113	0.707107	0	0	0.707107	img_PX4_4__0_1760614089046321900.png
PX4_2	1760614088151	0	0	0.569113	3.57628e-07	0	0	-1	img_PX4_2__0_1760614089120842700.png
PX4_3	1760614088220	0	0	0.569113	0.707107	0	0	-0.707107	img_PX4_3__0_1760614089189510600.png
PX4_1	1760614088283	0	0	0.569113	1	0	0	0	img_PX4_1__0_1760614089249153000.png
PX4_4	1760614088349	0	0	0.569113	0.707107	0	0	0.707107	img_PX4_4__0_1760614089317903800.png
PX4_2	1760614088418	0	0	0.569113	3.57628e-07	0	0	-1	img_PX4_2__0_1760614089385816300.png
PX4_3	1760614088487	0	0	0.569113	0.707107	0	0	-0.707107	img_PX4_3__0_1760614089455444800.png
PX4_1	1760614088550	0	0	0.569113	1	0	0	0	img_PX4_1__0_1760614089518810100.png
PX4_4	1760614088619	0	0	0.569113	0.707107	0	0	0.707107	img_PX4_4__0_1760614089589587500.png
PX4_2	1760614088694	0	0	0.569113	3.57628e-07	0	0	-1	img_PX4_2__0_1760614089665633500.png
PX4_3	1760614088739	0	0	0.569113	0.707107	0	0	-0.707107	img_PX4_3__0_1760614089709760800.png
PX4_1	1760614088793	0	0	0.569113	1	0	0	0	img_PX4_1__0_1760614089763268400.png
PX4_4	1760614088862	0	0	0.569113	0.707107	0	0	0.707107	img_PX4_4__0_1760614089831754600.png
PX4_2	1760614088928	0	0	0.569113	3.57628e-07	0	0	-1	img_PX4_2__0_1760614089897993900.png
PX4_3	1760614088991	0	0	0.569113	0.707107	0	0	-0.707107	img_PX4_3__0_1760614089962191600.png
PX4_1	1760614089051	0	0	0.569113	1	0	0	0	img_PX4_1__0_1760614090022811400.png
PX4_4	1760614089120	0	0	0.569113	0.707107	0	0	0.707107	img_PX4_4__0_1760614090092855100.png
PX4_2	1760614089192	0	0	0.569113	3.57628e-07	0	0	-1	img_PX4_2__0_1760614090162634300.png
PX4_3	1760614089255	0	0	0.569113	0.707107	0	0	-0.707107	img_PX4_3__0_1760614090225990200.png
PX4_1	1760614089315	0	0	0.569113	1	0	0	0	img_PX4_1__0_1760614090286134300.png
PX4_4	1760614089378	0	0	0.569113	0.707107	0	0	0.707107	img_PX4_4__0_1760614090350780000.png
PX4_2	1760614089462	0	0	0.569113	3.57628e-07	0	0	-1	img_PX4_2__0_1760614090434940300.png
PX4_3	1760614089531	0	0	0.569113	0.707107	0	0	-0.707107	img_PX4_3__0_1760614090505577900.png
PX4_1	1760614089597	0	0	0.569113	1	0	0	0	img_PX4_1__0_1760614090570208800.png
PX4_4	1760614089660	0	0	0.569113	0.707107	0	0	0.707107	img_PX4_4__0_1760614090634109000.png
PX4_2	1760614089732	0	0	0.569113	3.57628e-07	0	0	-1	img_PX4_2__0_1760614090705776300.png
PX4_3	1760614089810	0	0	0.569113	0.707107	0	0	-0.707107	img_PX4_3__0_1760614090783689300.png
PX4_1	1760614089867	0	0	0.569113	1	0	0	0	img_PX4_1__0_1760614090841455500.png
PX4_4	1760614089933	0	0	0.569113	0.707107	0	0	0.707107	img_PX4_4__0_1760614090909302300.png
PX4_2	1760614090005	0	0	0.569113	3.57628e-07	0	0	-1	img_PX4_2__0_1760614090979394100.png
PX4_3	1760614090074	0	0	0.569113	0.707107	0	0	-0.707107	img_PX4_3__0_1760614091050455100.png
PX4_1	1760614090134	0	0	0.569113	1	0	0	0	img_PX4_1__0_1760614091109894700.png
PX4_4	1760614090200	0	0	0.569113	0.707107	0	0	0.707107	img_PX4_4__0_1760614091178138600.png
PX4_2	1760614090269	0	0	0.569113	3.57628e-07	0	0	-1	img_PX4_2__0_1760614091245556100.png
PX4_3	1760614090335	0	0	0.569113	0.707107	0	0	-0.707107	img_PX4_3__0_1760614091313233500.png
PX4_1	1760614090398	0	0	0.569113	1	0	0	0	img_PX4_1__0_1760614091374504600.png
PX4_4	1760614090464	0	0	0.569113	0.707107	0	0	0.707107	img_PX4_4__0_1760614091440689200.png
PX4_2	1760614090536	0	0	0.569113	3.57628e-07	0	0	-1	img_PX4_2__0_1760614091510707400.png
PX4_3	1760614090605	0	0	0.569113	0.707107	0	0	-0.707107	img_PX4_3__0_1760614091582660000.png
PX4_1	1760614090665	0	0	0.569113	1	0	0	0	img_PX4_1__0_1760614091640780500.png
PX4_4	1760614090734	0	0	0.569113	0.707107	0	0	0.707107	img_PX4_4__0_1760614091711503800.png
PX4_2	1760614090800	0	0	0.569113	3.57628e-07	0	0	-1	img_PX4_2__0_1760614091779193400.png
PX4_3	1760614090872	0	0	0.569113	0.707107	0	0	-0.707107	img_PX4_3__0_1760614091849292500.png
PX4_1	1760614090932	0	0	0.569113	1	0	0	0	img_PX4_1__0_1760614091910513000.png
PX4_4	1760614090998	0	0	0.569113	0.707107	0	0	0.707107	img_PX4_4__0_1760614091977109100.png
PX4_2	1760614091064	0	0	0.569113	3.57628e-07	0	0	-1	img_PX4_2__0_1760614092043760000.png
PX4_3	1760614091130	0	0	0.569113	0.707107	0	0	-0.707107	img_PX4_3__0_1760614092110491700.png
PX4_1	1760614091190	0	0	0.569113	1	0	0	0	img_PX4_1__0_1760614092170714100.png
PX4_4	1760614091259	0	0	0.569113	0.707107	0	0	0.707107	img_PX4_4__0_1760614092238444900.png
PX4_2	1760614091325	0	0	0.569113	3.57628e-07	0	0	-1	img_PX4_2__0_1760614092305569200.png
PX4_3	1760614091397	0	0	0.569113	0.707107	0	0	-0.707107	img_PX4_3__0_1760614092377153900.png
PX4_1	1760614091451	0	0	0.569113	1	0	0	0	img_PX4_1__0_1760614092431473100.png
PX4_4	1760614091520	0	0	0.569113	0.707107	0	0	0.707107	img_PX4_4__0_1760614092501932800.png
PX4_2	1760614091592	0	0	0.569113	3.57628e-07	0	0	-1	img_PX4_2__0_1760614092574050400.png
PX4_3	1760614091664	0	0	0.569113	0.707107	0	0	-0.707107	img_PX4_3__0_1760614092646001100.png
PX4_1	1760614091727	0	0	0.569113	1	0	0	0	img_PX4_1__0_1760614092708534200.png
PX4_4	1760614091796	0	0	0.569113	0.707107	0	0	0.707107	img_PX4_4__0_1760614092776914800.png
PX4_2	1760614091871	0	0	0.569113	3.57628e-07	0	0	-1	img_PX4_2__0_1760614092852876000.png
PX4_3	1760614091946	0	0	0.569113	0.707107	0	0	-0.707107	img_PX4_3__0_1760614092928052200.png
PX4_1	1760614092009	0	0	0.569113	1	0	0	0	img_PX4_1__0_1760614092991245500.png
PX4_4	1760614092084	0	0	0.569113	0.707107	0	0	0.707107	img_PX4_4__0_1760614093067021900.png
PX4_2	1760614092150	0	0	0.569113	3.57628e-07	0	0	-1	img_PX4_2__0_1760614093137350700.png
PX4_3	1760614092222	0	0	0.569113	0.707107	0	0	-0.707107	img_PX4_3__0_1760614093208605900.png
PX4_1	1760614092279	0	0	0.569113	1	0	0	0	img_PX4_1__0_1760614093266301800.png
PX4_4	1760614092351	0	0	0.569113	0.707107	0	0	0.707107	img_PX4_4__0_1760614093336265900.png
PX4_2	1760614092420	0	0	0.569113	3.57628e-07	0	0	-1	img_PX4_2__0_1760614093408486000.png
PX4_3	1760614092489	0	0	0.569113	0.707107	0	0	-0.707107	img_PX4_3__0_1760614093476253500.png
PX4_1	1760614092549	0	0	0.569113	1	0	0	0	img_PX4_1__0_1760614093533703700.png
PX4_4	1760614092615	0	0	0.569113	0.707107	0	0	0.707107	img_PX4_4__0_1760614093601943100.png
PX4_2	1760614092687	0	0	0.569113	3.57628e-07	0	0	-1	img_PX4_2__0_1760614093674601800.png
PX4_3	1760614092753	0	0	0.569113	0.707107	0	0	-0.707107	img_PX4_3__0_1760614093741481300.png
PX4_1	1760614092816	0	0	0.569113	1	0	0	0	img_PX4_1__0_1760614093804220600.png
PX4_4	1760614092885	0	0	0.569113	0.707107	0	0	0.707107	img_PX4_4__0_1760614093872726800.png
PX4_2	1760614092957	0	0	0.569113	3.57628e-07	0	0	-1	img_PX4_2__0_1760614093944923300.png
PX4_3	1760614093017	0	0	0.569113	0.707107	0	0	-0.707107	img_PX4_3__0_1760614094006220400.png
PX4_1	1760614093077	0	0	0.569113	1	0	0	0	img_PX4_1__0_1760614094067422900.png
PX4_4	1760614093143	0	0	0.569113	0.707107	0	0	0.707107	img_PX4_4__0_1760614094131295500.png
PX4_2	1760614093212	0	0	0.569113	3.57628e-07	0	0	-1	img_PX4_2__0_1760614094200611700.png
PX4_3	1760614093275	0	0	0.569113	0.707107	0	0	-0.707107	img_PX4_3__0_1760614094265690100.png
PX4_1	1760614093335	0	0	0.569113	1	0	0	0	img_PX4_1__0_1760614094325472800.png
PX4_4	1760614093401	0	0	0.569113	0.707107	0	0	0.707107	img_PX4_4__0_1760614094393110100.png
PX4_2	1760614093473	0	0	0.569113	3.57628e-07	0	0	-1	img_PX4_2__0_1760614094463686100.png
PX4_3	1760614093545	0	0	0.569113	0.707107	0	0	-0.707107	img_PX4_3__0_1760614094535493300.png
PX4_1	1760614093602	0	0	0.569113	1	0	0	0	img_PX4_1__0_1760614094593781200.png
PX4_4	1760614093671	0	0	0.569113	0.707107	0	0	0.707107	img_PX4_4__0_1760614094663681200.png
PX4_2	1760614093746	0	0	0.569113	3.57628e-07	0	0	-1	img_PX4_2__0_1760614094737527500.png
PX4_3	1760614093818	0	0	0.569113	0.707107	0	0	-0.707107	img_PX4_3__0_1760614094809727700.png
PX4_1	1760614093881	0	0	0.569113	1	0	0	0	img_PX4_1__0_1760614094874370300.png
PX4_4	1760614093956	0	0	0.569113	0.707107	0	0	0.707107	img_PX4_4__0_1760614094951267100.png
PX4_2	1760614094025	0	0	0.569113	3.57628e-07	0	0	-1	img_PX4_2__0_1760614095021059800.png
PX4_3	1760614094097	0	0	0.569113	0.707107	0	0	-0.707107	img_PX4_3__0_1760614095092379000.png
PX4_1	1760614094160	0	0	0.569113	1	0	0	0	img_PX4_1__0_1760614095155304500.png
PX4_4	1760614094235	0	0	0.569113	0.707107	0	0	0.707107	img_PX4_4__0_1760614095229212500.png
PX4_2	1760614094310	0	0	0.569113	3.57628e-07	0	0	-1	img_PX4_2__0_1760614095306741500.png
PX4_3	1760614094385	0	0	0.569113	0.707107	0	0	-0.707107	img_PX4_3__0_1760614095379577900.png
PX4_1	1760614094454	0	0	0.569113	1	0	0	0	img_PX4_1__0_1760614095450426200.png
PX4_4	1760614094526	0	0	0.569113	0.707107	0	0	0.707107	img_PX4_4__0_1760614095523572500.png
PX4_2	1760614094598	0	0	0.569113	3.57628e-07	0	0	-1	img_PX4_2__0_1760614095595805800.png
PX4_3	1760614094667	0	0	0.569113	0.707107	0	0	-0.707107	img_PX4_3__0_1760614095665601600.png
PX4_1	1760614094730	0	0	0.569113	1	0	0	0	img_PX4_1__0_1760614095726699000.png
PX4_4	1760614094796	0	0	0.569113	0.707107	0	0	0.707107	img_PX4_4__0_1760614095793264900.png
PX4_2	1760614094868	0	0	0.569113	3.57628e-07	0	0	-1	img_PX4_2__0_1760614095866147100.png
PX4_3	1760614094934	0	0	0.569113	0.707107	0	0	-0.707107	img_PX4_3__0_1760614095932167000.png
PX4_1	1760614094988	0	0	0.569113	1	0	0	0	img_PX4_1__0_1760614095986494500.png
PX4_4	1760614095057	0	0	0.569113	0.707107	0	0	0.707107	img_PX4_4__0_1760614096055045400.png
PX4_2	1760614095126	0	0	0.569113	3.57628e-07	0	0	-1	img_PX4_2__0_1760614096124553700.png
PX4_3	1760614095195	0	0	0.569113	0.707107	0	0	-0.707107	img_PX4_3__0_1760614096194627500.png
PX4_1	1760614095252	0	0	0.569113	1	0	0	0	img_PX4_1__0_1760614096250209400.png
PX4_4	1760614095318	0	0	0.569113	0.707107	0	0	0.707107	img_PX4_4__0_1760614096317064600.png
PX4_2	1760614095387	0	0	0.569113	3.57628e-07	0	0	-1	img_PX4_2__0_1760614096388329800.png
PX4_3	1760614095459	0	0	0.569113	0.707107	0	0	-0.707107	img_PX4_3__0_1760614096459442000.png
PX4_1	1760614095522	0	0	0.569113	1	0	0	0	img_PX4_1__0_1760614096520783300.png
PX4_4	1760614095588	0	0	0.569113	0.707107	0	0	0.707107	img_PX4_4__0_1760614096589909300.png
PX4_2	1760614095660	0	0	0.569113	3.57628e-07	0	0	-1	img_PX4_2__0_1760614096661335800.png
PX4_3	1760614095732	0	0	0.569113	0.707107	0	0	-0.707107	img_PX4_3__0_1760614096732557400.png
PX4_1	1760614095792	0	0	0.569113	1	0	0	0	img_PX4_1__0_1760614096793762200.png
PX4_4	1760614095864	0	0	0.569113	0.707107	0	0	0.707107	img_PX4_4__0_1760614096865192900.png
PX4_2	1760614095930	0	0	0.569113	3.57628e-07	0	0	-1	img_PX4_2__0_1760614096933698100.png
PX4_3	1760614095999	0	0	0.569113	0.707107	0	0	-0.707107	img_PX4_3__0_1760614097001862500.png
PX4_1	1760614096062	0	0	0.569113	1	0	0	0	img_PX4_1__0_1760614097067112600.png
PX4_4	1760614096134	0	0	0.569113	0.707107	0	0	0.707107	img_PX4_4__0_1760614097137737500.png
PX4_2	1760614096206	0	0	0.569113	3.57628e-07	0	0	-1	img_PX4_2__0_1760614097208324600.png
PX4_3	1760614096278	0	0	0.569113	0.707107	0	0	-0.707107	img_PX4_3__0_1760614097282722800.png
PX4_1	1760614096341	0	0	0.569113	1	0	0	0	img_PX4_1__0_1760614097345592500.png
PX4_4	1760614096410	0	0	0.569113	0.707107	0	0	0.707107	img_PX4_4__0_1760614097415600000.png
PX4_2	1760614096479	0	0	0.569113	3.57628e-07	0	0	-1	img_PX4_2__0_1760614097485339500.png
PX4_3	1760614096545	0	0	0.569113	0.707107	0	0	-0.707107	img_PX4_3__0_1760614097551716800.png
PX4_1	1760614096608	0	0	0.569113	1	0	0	0	img_PX4_1__0_1760614097613191300.png
PX4_4	1760614096683	0	0	0.569113	0.707107	0	0	0.707107	img_PX4_4__0_1760614097688595900.png
PX4_2	1760614096764	0	0	0.569113	3.57628e-07	0	0	-1	img_PX4_2__0_1760614097770261100.png
PX4_3	1760614096836	0	0	0.569113	0.707107	0	0	-0.707107	img_PX4_3__0_1760614097842575600.png
PX4_1	1760614096899	0	0	0.569113	1	0	0	0	img_PX4_1__0_1760614097905297800.png
PX4_4	1760614096968	0	0	0.569113	0.707107	0	0	0.707107	img_PX4_4__0_1760614097975147200.png
PX4_2	1760614097046	0	0	0.569113	3.57628e-07	0	0	-1	img_PX4_2__0_1760614098055617700.png
PX4_3	1760614097121	0	0	0.569113	0.707107	0	0	-0.707107	img_PX4_3__0_1760614098131311400.png
PX4_1	1760614097184	0	0	0.569113	1	0	0	0	img_PX4_1__0_1760614098193571600.png
PX4_4	1760614097250	0	0	0.569113	0.707107	0	0	0.707107	img_PX4_4__0_1760614098258666900.png
PX4_2	1760614097319	0	0	0.569113	3.57628e-07	0	0	-1	img_PX4_2__0_1760614098328435900.png
PX4_3	1760614097388	0	0	0.569113	0.707107	0	0	-0.707107	img_PX4_3__0_1760614098399879700.png
PX4_1	1760614097448	0	0	0.569113	1	0	0	0	img_PX4_1__0_1760614098457058800.png
PX4_4	1760614097514	0	0	0.569113	0.707107	0	0	0.707107	img_PX4_4__0_1760614098523113800.png
PX4_2	1760614097583	0	0	0.569113	3.57628e-07	0	0	-1	img_PX4_2__0_1760614098594580800.png
PX4_3	1760614097652	0	0	0.569113	0.707107	0	0	-0.707107	img_PX4_3__0_1760614098664613500.png
PX4_1	1760614097712	0	0	0.569113	1	0	0	0	img_PX4_1__0_1760614098722984700.png
PX4_4	1760614097781	0	0	0.569113	0.707107	0	0	0.707107	img_PX4_4__0_1760614098792296500.png
PX4_2	1760614097847	0	0	0.569113	3.57628e-07	0	0	-1	img_PX4_2__0_1760614098859045100.png
PX4_3	1760614097913	0	0	0.569113	0.707107	0	0	-0.707107	img_PX4_3__0_1760614098927384800.png
PX4_1	1760614097976	0	0	0.569113	1	0	0	0	img_PX4_1__0_1760614098988004600.png
PX4_4	1760614098042	0	0	0.569113	0.707107	0	0	0.707107	img_PX4_4__0_1760614099056864100.png
PX4_2	1760614098111	0	0	0.569113	3.57628e-07	0	0	-1	img_PX4_2__0_1760614099124710700.png
PX4_3	1760614098180	0	0	0.569113	0.707107	0	0	-0.707107	img_PX4_3__0_1760614099194339100.png
PX4_1	1760614098240	0	0	0.569113	1	0	0	0	img_PX4_1__0_1760614099252761100.png
PX4_4	1760614098309	0	0	0.569113	0.707107	0	0	0.707107	img_PX4_4__0_1760614099323487100.png
PX4_2	1760614098378	0	0	0.569113	3.57628e-07	0	0	-1	img_PX4_2__0_1760614099392396300.png
PX4_3	1760614098444	0	0	0.569113	0.707107	0	0	-0.707107	img_PX4_3__0_1760614099460000700.png
PX4_1	1760614098504	0	0	0.569113	1	0	0	0	img_PX4_1__0_1760614099518874600.png
PX4_4	1760614098549	0	0	0.569113	0.707107	0	0	0.707107	img_PX4_4__0_1760614099564966700.png
PX4_2	1760614098612	0	0	0.569113	3.57628e-07	0	0	-1	img_PX4_2__0_1760614099626360400.png
PX4_3	1760614098678	0	0	0.569113	0.707107	0	0	-0.707107	img_PX4_3__0_1760614099692888400.png
PX4_1	1760614098741	0	0	0.569113	1	0	0	0	img_PX4_1__0_1760614099756597800.png
PX4_4	1760614098810	0	0	0.569113	0.707107	0	0	0.707107	img_PX4_4__0_1760614099824746100.png
PX4_2	1760614098879	0	0	0.569113	3.57628e-07	0	0	-1	img_PX4_2__0_1760614099895106400.png
PX4_3	1760614098945	0	0	0.569113	0.707107	0	0	-0.707107	img_PX4_3__0_1760614099960284200.png
PX4_1	1760614099005	0	0	0.569113	1	0	0	0	img_PX4_1__0_1760614100022214500.png
PX4_4	1760614099074	0	0	0.569113	0.707107	0	0	0.707107	img_PX4_4__0_1760614100092326900.png
PX4_2	1760614099146	0	0	0.569113	3.57628e-07	0	0	-1	img_PX4_2__0_1760614100165099400.png
PX4_3	1760614099218	0	0	0.569113	0.707107	0	0	-0.707107	img_PX4_3__0_1760614100237417400.png
PX4_1	1760614099284	0	0	0.569113	1	0	0	0	img_PX4_1__0_1760614100302718900.png
PX4_4	1760614099353	0	0	0.569113	0.707107	0	0	0.707107	img_PX4_4__0_1760614100370693400.png
PX4_2	1760614099434	0	0	0.569113	3.57628e-07	0	0	-1	img_PX4_2__0_1760614100454019600.png
PX4_3	1760614099500	0	0	0.569113	0.707107	0	0	-0.707107	img_PX4_3__0_1760614100520594400.png
PX4_1	1760614099563	0	0	0.569113	1	0	0	0	img_PX4_1__0_1760614100582444100.png
PX4_4	1760614099629	0	0	0.569113	0.707107	0	0	0.707107	img_PX4_4__0_1760614100649768400.png
PX4_2	1760614099698	0	0	0.569113	3.57628e-07	0	0	-1	img_PX4_2__0_1760614100719309400.png
PX4_3	1760614099770	0	0	0.569113	0.707107	0	0	-0.707107	img_PX4_3__0_1760614100789308400.png
PX4_1	1760614099830	0	0	0.569113	1	0	0	0	img_PX4_1__0_1760614100850763100.png
PX4_4	1760614099899	0	0	0.569113	0.707107	0	0	0.707107	img_PX4_4__0_1760614100917686900.png
PX4_2	1760614099971	0	0	0.569113	3.57628e-07	0	0	-1	img_PX4_2__0_1760614100991976200.png
PX4_3	1760614100040	0	0	0.569113	0.707107	0	0	-0.707107	img_PX4_3__0_1760614101059507900.png
PX4_1	1760614100100	0	0	0.569113	1	0	0	0	img_PX4_1__0_1760614101119993500.png
PX4_4	1760614100169	0	0	0.569113	0.707107	0	0	0.707107	img_PX4_4__0_1760614101189447700.png
PX4_2	1760614100238	0	0	0.569113	3.57628e-07	0	0	-1	img_PX4_2__0_1760614101258577000.png
PX4_3	1760614100304	0	0	0.569113	0.707107	0	0	-0.707107	img_PX4_3__0_1760614101326750600.png
PX4_1	1760614100370	0	0	0.569113	1	0	0	0	img_PX4_1__0_1760614101390997600.png
PX4_4	1760614100436	0	0	0.569113	0.707107	0	0	0.707107	img_PX4_4__0_1760614101458266800.png
PX4_2	1760614100508	0	0	0.569113	3.57628e-07	0	0	-1	img_PX4_2__0_1760614101528577400.png
PX4_3	1760614100577	0	0	0.569113	0.707107	0	0	-0.707107	img_PX4_3__0_1760614101598993300.png
PX4_1	1760614100622	0	0	0.569113	1	0	0	0	img_PX4_1__0_1760614101643239200.png
PX4_4	1760614100685	0	0	0.569113	0.707107	0	0	0.707107	img_PX4_4__0_1760614101708697800.png
PX4_2	1760614100754	0	0	0.569113	3.57628e-07	0	0	-1	img_PX4_2__0_1760614101776901100.png
PX4_3	1760614100811	0	0	0.569113	0.707107	0	0	-0.707107	img_PX4_3__0_1760614101836605000.png
PX4_1	1760614100874	0	0	0.569113	1	0	0	0	img_PX4_1__0_1760614101897534100.png
PX4_4	1760614100940	0	0	0.569113	0.707107	0	0	0.707107	img_PX4_4__0_1760614101963234400.png
PX4_2	1760614101009	0	0	0.569113	3.57628e-07	0	0	-1	img_PX4_2__0_1760614102032631100.png
PX4_3	1760614101075	0	0	0.569113	0.707107	0	0	-0.707107	img_PX4_3__0_1760614102099171800.png
PX4_1	1760614101135	0	0	0.569113	1	0	0	0	img_PX4_1__0_1760614102160149200.png
PX4_4	1760614101201	0	0	0.569113	0.707107	0	0	0.707107	img_PX4_4__0_1760614102227232600.png
PX4_2	1760614101267	0	0	0.569113	3.57628e-07	0	0	-1	img_PX4_2__0_1760614102291323300.png
PX4_3	1760614101330	0	0	0.569113	0.707107	0	0	-0.707107	img_PX4_3__0_1760614102355870400.png
PX4_1	1760614101390	0	0	0.569113	1	0	0	0	img_PX4_1__0_1760614102416690700.png
PX4_4	1760614101462	0	0	0.569113	0.707107	0	0	0.707107	img_PX4_4__0_1760614102489299100.png
PX4_2	1760614101540	0	0	0.569113	3.57628e-07	0	0	-1	img_PX4_2__0_1760614102566101800.png
PX4_3	1760614101612	0	0	0.569113	0.707107	0	0	-0.707107	img_PX4_3__0_1760614102637744600.png
PX4_1	1760614101675	0	0	0.569113	1	0	0	0	img_PX4_1__0_1760614102701391600.png
PX4_4	1760614101747	0	0	0.569113	0.707107	0	0	0.707107	img_PX4_4__0_1760614102772163600.png
PX4_2	1760614101822	0	0	0.569113	3.57628e-07	0	0	-1	img_PX4_2__0_1760614102849831000.png
PX4_3	1760614101891	0	0	0.569113	0.707107	0	0	-0.707107	img_PX4_3__0_1760614102917777800.png
PX4_1	1760614101954	0	0	0.569113	1	0	0	0	img_PX4_1__0_1760614102981291600.png
PX4_4	1760614102023	0	0	0.569113	0.707107	0	0	0.707107	img_PX4_4__0_1760614103051058000.png
PX4_2	1760614102092	0	0	0.569113	3.57628e-07	0	0	-1	img_PX4_2__0_1760614103120787900.png
PX4_3	1760614102161	0	0	0.569113	0.707107	0	0	-0.707107	img_PX4_3__0_1760614103190120000.png
PX4_1	1760614102221	0	0	0.569113	1	0	0	0	img_PX4_1__0_1760614103250047100.png
PX4_4	1760614102287	0	0	0.569113	0.707107	0	0	0.707107	img_PX4_4__0_1760614103315320500.png
PX4_2	1760614102356	0	0	0.569113	3.57628e-07	0	0	-1	img_PX4_2__0_1760614103385449600.png
PX4_3	1760614102428	0	0	0.569113	0.707107	0	0	-0.707107	img_PX4_3__0_1760614103457285000.png
PX4_1	1760614102491	0	0	0.569113	1	0	0	0	img_PX4_1__0_1760614103518162700.png
PX4_4	1760614102560	0	0	0.569113	0.707107	0	0	0.707107	img_PX4_4__0_1760614103590235800.png
PX4_2	1760614102629	0	0	0.569113	3.57628e-07	0	0	-1	img_PX4_2__0_1760614103659704000.png
PX4_3	1760614102698	0	0	0.569113	0.707107	0	0	-0.707107	img_PX4_3__0_1760614103726675300.png
PX4_1	1760614102759	0	0	0.569113	1	0	0	0	img_PX4_1__0_1760614103789349600.png
PX4_4	1760614102834	0	0	0.569113	0.707107	0	0	0.707107	img_PX4_4__0_1760614103862801900.png
PX4_2	1760614102906	0	0	0.569113	3.57628e-07	0	0	-1	img_PX4_2__0_1760614103936471300.png
PX4_3	1760614102972	0	0	0.569113	0.707107	0	0	-0.707107	img_PX4_3__0_1760614104001472600.png
PX4_1	1760614103038	0	0	0.569113	1	0	0	0	img_PX4_1__0_1760614104066163500.png
PX4_4	1760614103107	0	0	0.569113	0.707107	0	0	0.707107	img_PX4_4__0_1760614104136453500.png
PX4_2	1760614103170	0	0	0.569113	3.57628e-07	0	0	-1	img_PX4_2__0_1760614104201645500.png
PX4_3	1760614103236	0	0	0.569113	0.707107	0	0	-0.707107	img_PX4_3__0_1760614104268642900.png
PX4_1	1760614103302	0	0	0.569113	1	0	0	0	img_PX4_1__0_1760614104332325700.png
PX4_4	1760614103368	0	0	0.569113	0.707107	0	0	0.707107	img_PX4_4__0_1760614104400853200.png
PX4_2	1760614103440	0	0	0.569113	3.57628e-07	0	0	-1	img_PX4_2__0_1760614104470298500.png
PX4_3	1760614103512	0	0	0.569113	0.707107	0	0	-0.707107	img_PX4_3__0_1760614104543879900.png
PX4_1	1760614103569	0	0	0.569113	1	0	0	0	img_PX4_1__0_1760614104601680400.png
PX4_4	1760614103638	0	0	0.569113	0.707107	0	0	0.707107	img_PX4_4__0_1760614104670594200.png
PX4_2	1760614103704	0	0	0.569113	3.57628e-07	0	0	-1	img_PX4_2__0_1760614104737336100.png
PX4_3	1760614103770	0	0	0.569113	0.707107	0	0	-0.707107	img_PX4_3__0_1760614104804607300.png
PX4_1	1760614103827	0	0	0.569113	1	0	0	0	img_PX4_1__0_1760614104861229600.png
PX4_4	1760614103905	0	0	0.569113	0.707107	0	0	0.707107	img_PX4_4__0_1760614104937350100.png
PX4_2	1760614103977	0	0	0.569113	3.57628e-07	0	0	-1	img_PX4_2__0_1760614105009606000.png
PX4_3	1760614104055	0	0	0.569113	0.707107	0	0	-0.707107	img_PX4_3__0_1760614105088265400.png
PX4_1	1760614104118	0	0	0.569113	1	0	0	0	img_PX4_1__0_1760614105154036300.png
PX4_4	1760614104190	0	0	0.569113	0.707107	0	0	0.707107	img_PX4_4__0_1760614105225744400.png
PX4_2	1760614104259	0	0	0.569113	3.57628e-07	0	0	-1	img_PX4_2__0_1760614105296628100.png
PX4_3	1760614104328	0	0	0.569113	0.707107	0	0	-0.707107	img_PX4_3__0_1760614105363643700.png
PX4_1	1760614104391	0	0	0.569113	1	0	0	0	img_PX4_1__0_1760614105428964600.png
PX4_4	1760614104466	0	0	0.569113	0.707107	0	0	0.707107	img_PX4_4__0_1760614105502690900.png
PX4_2	1760614104532	0	0	0.569113	3.57628e-07	0	0	-1	img_PX4_2__0_1760614105570105000.png
PX4_3	1760614104601	0	0	0.569113	0.707107	0	0	-0.707107	img_PX4_3__0_1760614105639303900.png
PX4_1	1760614104664	0	0	0.569113	1	0	0	0	img_PX4_1__0_1760614105702685600.png
PX4_4	1760614104736	0	0	0.569113	0.707107	0	0	0.707107	img_PX4_4__0_1760614105773692900.png
PX4_2	1760614104802	0	0	0.569113	3.57628e-07	0	0	-1	img_PX4_2__0_1760614105842273400.png
PX4_3	1760614104874	0	0	0.569113	0.707107	0	0	-0.707107	img_PX4_3__0_1760614105914010000.png
PX4_1	1760614104931	0	0	0.569113	1	0	0	0	img_PX4_1__0_1760614105970527900.png
PX4_4	1760614105000	0	0	0.569113	0.707107	0	0	0.707107	img_PX4_4__0_1760614106040317900.png
PX4_2	1760614105072	0	0	0.569113	3.57628e-07	0	0	-1	img_PX4_2__0_1760614106111386200.png
PX4_3	1760614105138	0	0	0.569113	0.707107	0	0	-0.707107	img_PX4_3__0_1760614106179065100.png
PX4_1	1760614105198	0	0	0.569113	1	0	0	0	img_PX4_1__0_1760614106237732100.png
PX4_4	1760614105264	0	0	0.569113	0.707107	0	0	0.707107	img_PX4_4__0_1760614106304380100.png
PX4_2	1760614105330	0	0	0.569113	3.57628e-07	0	0	-1	img_PX4_2__0_1760614106371784600.png
PX4_3	1760614105399	0	0	0.569113	0.707107	0	0	-0.707107	img_PX4_3__0_1760614106441918300.png
PX4_1	1760614105462	0	0	0.569113	1	0	0	0	img_PX4_1__0_1760614106504627400.png
PX4_4	1760614105534	0	0	0.569113	0.707107	0	0	0.707107	img_PX4_4__0_1760614106575306600.png
PX4_2	1760614105600	0	0	0.569113	3.57628e-07	0	0	-1	img_PX4_2__0_1760614106643319300.png
PX4_3	1760614105672	0	0	0.569113	0.707107	0	0	-0.707107	img_PX4_3__0_1760614106714090300.png
PX4_1	1760614105735	0	0	0.569113	1	0	0	0	img_PX4_1__0_1760614106777206700.png
PX4_4	1760614105804	0	0	0.569113	0.707107	0	0	0.707107	img_PX4_4__0_1760614106848061400.png
PX4_2	1760614105876	0	0	0.569113	3.57628e-07	0	0	-1	img_PX4_2__0_1760614106919266000.png
PX4_3	1760614105945	0	0	0.569113	0.707107	0	0	-0.707107	img_PX4_3__0_1760614106987668300.png
PX4_1	1760614106008	0	0	0.569113	1	0	0	0	img_PX4_1__0_1760614107049418700.png
PX4_4	1760614106077	0	0	0.569113	0.707107	0	0	0.707107	img_PX4_4__0_1760614107119690300.png
PX4_2	1760614106143	0	0	0.569113	3.57628e-07	0	0	-1	img_PX4_2__0_1760614107187226500.png
PX4_3	1760614106212	0	0	0.569113	0.707107	0	0	-0.707107	img_PX4_3__0_1760614107255192600.png
PX4_1	1760614106269	0	0	0.569113	1	0	0	0	img_PX4_1__0_1760614107313162800.png
PX4_4	1760614106335	0	0	0.569113	0.707107	0	0	0.707107	img_PX4_4__0_1760614107382110500.png
PX4_2	1760614106413	0	0	0.569113	3.57628e-07	0	0	-1	img_PX4_2__0_1760614107459957100.png
PX4_3	1760614106485	0	0	0.569113	0.707107	0	0	-0.707107	img_PX4_3__0_1760614107532146100.png
PX4_1	1760614106551	0	0	0.569113	1	0	0	0	img_PX4_1__0_1760614107598213800.png
PX4_4	1760614106626	0	0	0.569113	0.707107	0	0	0.707107	img_PX4_4__0_1760614107671746400.png
PX4_2	1760614106695	0	0	0.569113	3.57628e-07	0	0	-1	img_PX4_2__0_1760614107743671500.png
PX4_3	1760614106767	0	0	0.569113	0.707107	0	0	-0.707107	img_PX4_3__0_1760614107813615700.png
PX4_1	1760614106827	0	0	0.569113	1	0	0	0	img_PX4_1__0_1760614107876460000.png
PX4_4	1760614106896	0	0	0.569113	0.707107	0	0	0.707107	img_PX4_4__0_1760614107944133600.png
PX4_2	1760614106959	0	0	0.569113	3.57628e-07	0	0	-1	img_PX4_2__0_1760614108009073500.png
PX4_3	1760614107025	0	0	0.569113	0.707107	0	0	-0.707107	img_PX4_3__0_1760614108075542600.png
PX4_1	1760614107088	0	0	0.569113	1	0	0	0	img_PX4_1__0_1760614108135954900.png
PX4_4	1760614107154	0	0	0.569113	0.707107	0	0	0.707107	img_PX4_4__0_1760614108202749100.png
PX4_2	1760614107220	0	0	0.569113	3.57628e-07	0	0	-1	img_PX4_2__0_1760614108271044400.png
PX4_3	1760614107289	0	0	0.569113	0.707107	0	0	-0.707107	img_PX4_3__0_1760614108337997800.png
PX4_1	1760614107349	0	0	0.569113	1	0	0	0	img_PX4_1__0_1760614108397866100.png
PX4_4	1760614107412	0	0	0.569113	0.707107	0	0	0.707107	img_PX4_4__0_1760614108462873200.png
PX4_2	1760614107481	0	0	0.569113	3.57628e-07	0	0	-1	img_PX4_2__0_1760614108531593500.png
PX4_3	1760614107553	0	0	0.569113	0.707107	0	0	-0.707107	img_PX4_3__0_1760614108603386800.png
PX4_1	1760614107613	0	0	0.569113	1	0	0	0	img_PX4_1__0_1760614108663840400.png
PX4_4	1760614107682	0	0	0.569113	0.707107	0	0	0.707107	img_PX4_4__0_1760614108733560200.png
PX4_2	1760614107748	0	0	0.569113	3.57628e-07	0	0	-1	img_PX4_2__0_1760614108801328700.png
PX4_3	1760614107820	0	0	0.569113	0.707107	0	0	-0.707107	img_PX4_3__0_1760614108871715000.png
PX4_1	1760614107880	0	0	0.569113	1	0	0	0	img_PX4_1__0_1760614108932212500.png
PX4_4	1760614107949	0	0	0.569113	0.707107	0	0	0.707107	img_PX4_4__0_1760614109001489600.png
PX4_2	1760614108015	0	0	0.569113	3.57628e-07	0	0	-1	img_PX4_2__0_1760614109070241000.png
PX4_3	1760614108081	0	0	0.569113	0.707107	0	0	-0.707107	img_PX4_3__0_1760614109137516900.png
PX4_1	1760614108144	0	0	0.569113	1	0	0	0	img_PX4_1__0_1760614109199463400.png
PX4_4	1760614108216	0	0	0.569113	0.707107	0	0	0.707107	img_PX4_4__0_1760614109270648600.png
PX4_2	1760614108285	0	0	0.569113	3.57628e-07	0	0	-1	img_PX4_2__0_1760614109339843300.png
PX4_3	1760614108351	0	0	0.569113	0.707107	0	0	-0.707107	img_PX4_3__0_1760614109407353900.png
PX4_1	1760614108411	0	0	0.569113	1	0	0	0	img_PX4_1__0_1760614109464557700.png
PX4_4	1760614108480	0	0	0.569113	0.707107	0	0	0.707107	img_PX4_4__0_1760614109535673000.png
PX4_2	1760614108546	0	0	0.569113	3.57628e-07	0	0	-1	img_PX4_2__0_1760614109602300000.png
PX4_3	1760614108612	0	0	0.569113	0.707107	0	0	-0.707107	img_PX4_3__0_1760614109669800100.png
PX4_1	1760614108675	0	0	0.569113	1	0	0	0	img_PX4_1__0_1760614109730095300.png
PX4_4	1760614108747	0	0	0.569113	0.707107	0	0	0.707107	img_PX4_4__0_1760614109803201100.png
PX4_2	1760614108822	0	0	0.569113	3.57628e-07	0	0	-1	img_PX4_2__0_1760614109878548600.png
PX4_3	1760614108894	0	0	0.569113	0.707107	0	0	-0.707107	img_PX4_3__0_1760614109952521700.png
PX4_1	1760614108957	0	0	0.569113	1	0	0	0	img_PX4_1__0_1760614110015890000.png
PX4_4	1760614109026	0	0	0.569113	0.707107	0	0	0.707107	img_PX4_4__0_1760614110086276900.png
PX4_2	1760614109092	0	0	0.569113	3.57628e-07	0	0	-1	img_PX4_2__0_1760614110152638700.png
PX4_3	1760614109161	0	0	0.569113	0.707107	0	0	-0.707107	img_PX4_3__0_1760614110219880900.png
PX4_1	1760614109221	0	0	0.569113	1	0	0	0	img_PX4_1__0_1760614110281806600.png
PX4_4	1760614109290	0	0	0.569113	0.707107	0	0	0.707107	img_PX4_4__0_1760614110351525200.png
PX4_2	1760614109359	0	0	0.569113	3.57628e-07	0	0	-1	img_PX4_2__0_1760614110419366300.png
PX4_3	1760614109437	0	0	0.569113	0.707107	0	0	-0.707107	img_PX4_3__0_1760614110496315800.png
PX4_1	1760614109494	0	0	0.569113	1	0	0	0	img_PX4_1__0_1760614110554909800.png
PX4_4	1760614109569	0	0	0.569113	0.707107	0	0	0.707107	img_PX4_4__0_1760614110631523900.png
PX4_2	1760614109638	0	0	0.569113	3.57628e-07	0	0	-1	img_PX4_2__0_1760614110701706800.png
PX4_3	1760614109707	0	0	0.569113	0.707107	0	0	-0.707107	img_PX4_3__0_1760614110770466100.png
PX4_1	1760614109770	0	0	0.569113	1	0	0	0	img_PX4_1__0_1760614110832435700.png
PX4_4	1760614109839	0	0	0.569113	0.707107	0	0	0.707107	img_PX4_4__0_1760614110901520200.png
PX4_2	1760614109908	0	0	0.569113	3.57628e-07	0	0	-1	img_PX4_2__0_1760614110971928100.png
PX4_3	1760614109983	0	0	0.569113	0.707107	0	0	-0.707107	img_PX4_3__0_1760614111048077800.png
PX4_1	1760614110046	0	0	0.569113	1	0	0	0	img_PX4_1__0_1760614111111153800.png
PX4_4	1760614110115	0	0	0.569113	0.707107	0	0	0.707107	img_PX4_4__0_1760614111179519900.png
PX4_2	1760614110184	0	0	0.569113	3.57628e-07	0	0	-1	img_PX4_2__0_1760614111250172700.png
PX4_3	1760614110256	0	0	0.569113	0.707107	0	0	-0.707107	img_PX4_3__0_1760614111320787900.png
PX4_1	1760614110313	0	0	0.569113	1	0	0	0	img_PX4_1__0_1760614111377926300.png
PX4_4	1760614110382	0	0	0.569113	0.707107	0	0	0.707107	img_PX4_4__0_1760614111448368900.png
PX4_2	1760614110454	0	0	0.569113	3.57628e-07	0	0	-1	img_PX4_2__0_1760614111520849900.png
PX4_3	1760614110523	0	0	0.569113	0.707107	0	0	-0.707107	img_PX4_3__0_1760614111589246200.png
PX4_1	1760614110586	0	0	0.569113	1	0	0	0	img_PX4_1__0_1760614111653291000.png
PX4_4	1760614110652	0	0	0.569113	0.707107	0	0	0.707107	img_PX4_4__0_1760614111720023200.png
PX4_2	1760614110724	0	0	0.569113	3.57628e-07	0	0	-1	img_PX4_2__0_1760614111790970500.png
PX4_3	1760614110790	0	0	0.569113	0.707107	0	0	-0.707107	img_PX4_3__0_1760614111857280800.png
PX4_1	1760614110850	0	0	0.569113	1	0	0	0	img_PX4_1__0_1760614111917865000.png
PX4_4	1760614110919	0	0	0.569113	0.707107	0	0	0.707107	img_PX4_4__0_1760614111985912700.png
PX4_2	1760614110988	0	0	0.569113	3.57628e-07	0	0	-1	img_PX4_2__0_1760614112057089700.png
PX4_3	1760614111054	0	0	0.569113	0.707107	0	0	-0.707107	img_PX4_3__0_1760614112124536800.png
PX4_1	1760614111114	0	0	0.569113	1	0	0	0	img_PX4_1__0_1760614112181183300.png
PX4_4	1760614111183	0	0	0.569113	0.707107	0	0	0.707107	img_PX4_4__0_1760614112250566800.png
PX4_2	1760614111255	0	0	0.569113	3.57628e-07	0	0	-1	img_PX4_2__0_1760614112325478900.png
PX4_3	1760614111327	0	0	0.569113	0.707107	0	0	-0.707107	img_PX4_3__0_1760614112395566200.png
PX4_1	1760614111393	0	0	0.569113	1	0	0	0	img_PX4_1__0_1760614112460968000.png
PX4_4	1760614111459	0	0	0.569113	0.707107	0	0	0.707107	img_PX4_4__0_1760614112530034000.png
PX4_2	1760614111531	0	0	0.569113	3.57628e-07	0	0	-1	img_PX4_2__0_1760614112601019000.png
PX4_3	1760614111597	0	0	0.569113	0.707107	0	0	-0.707107	img_PX4_3__0_1760614112668423100.png
PX4_1	1760614111660	0	0	0.569113	1	0	0	0	img_PX4_1__0_1760614112729502200.png
PX4_4	1760614111729	0	0	0.569113	0.707107	0	0	0.707107	img_PX4_4__0_1760614112799923400.png
PX4_2	1760614111798	0	0	0.569113	3.57628e-07	0	0	-1	img_PX4_2__0_1760614112870114900.png
PX4_3	1760614111867	0	0	0.569113	0.707107	0	0	-0.707107	img_PX4_3__0_1760614112936769600.png
PX4_1	1760614111930	0	0	0.569113	1	0	0	0	img_PX4_1__0_1760614112999600400.png
PX4_4	1760614112002	0	0	0.569113	0.707107	0	0	0.707107	img_PX4_4__0_1760614113072186000.png
PX4_2	1760614112071	0	0	0.569113	3.57628e-07	0	0	-1	img_PX4_2__0_1760614113143475700.png
PX4_3	1760614112143	0	0	0.569113	0.707107	0	0	-0.707107	img_PX4_3__0_1760614113214276900.png
PX4_1	1760614112203	0	0	0.569113	1	0	0	0	img_PX4_1__0_1760614113275358600.png
PX4_4	1760614112269	0	0	0.569113	0.707107	0	0	0.707107	img_PX4_4__0_1760614113341086900.png
PX4_2	1760614112338	0	0	0.569113	3.57628e-07	0	0	-1	img_PX4_2__0_1760614113410087400.png
PX4_3	1760614112401	0	0	0.569113	0.707107	0	0	-0.707107	img_PX4_3__0_1760614113474851900.png
PX4_1	1760614112464	0	0	0.569113	1	0	0	0	img_PX4_1__0_1760614113537342000.png
PX4_4	1760614112536	0	0	0.569113	0.707107	0	0	0.707107	img_PX4_4__0_1760614113607883400.png
PX4_2	1760614112605	0	0	0.569113	3.57628e-07	0	0	-1	img_PX4_2__0_1760614113677010300.png
PX4_3	1760614112671	0	0	0.569113	0.707107	0	0	-0.707107	img_PX4_3__0_1760614113745911400.png
PX4_1	1760614112731	0	0	0.569113	1	0	0	0	img_PX4_1__0_1760614113806063000.png
PX4_4	1760614112800	0	0	0.569113	0.707107	0	0	0.707107	img_PX4_4__0_1760614113874062100.png
PX4_2	1760614112866	0	0	0.569113	3.57628e-07	0	0	-1	img_PX4_2__0_1760614113939909700.png
PX4_3	1760614112917	0	0	0.569113	0.707107	0	0	-0.707107	img_PX4_3__0_1760614113990549400.png
PX4_1	1760614112953	0	0	0.569113	1	0	0	0	img_PX4_1__0_1760614114025888900.png
PX4_4	1760614113019	0	0	0.569113	0.707107	0	0	0.707107	img_PX4_4__0_1760614114095076700.png
PX4_2	1760614113088	0	0	0.569113	3.57628e-07	0	0	-1	img_PX4_2__0_1760614114163084800.png
PX4_3	1760614113154	0	0	0.569113	0.707107	0	0	-0.707107	img_PX4_3__0_1760614114228906300.png
PX4_1	1760614113211	0	0	0.569113	1	0	0	0	img_PX4_1__0_1760614114287140600.png
PX4_4	1760614113274	0	0	0.569113	0.707107	0	0	0.707107	img_PX4_4__0_1760614114349590000.png
PX4_2	1760614113346	0	0	0.569113	3.57628e-07	0	0	-1	img_PX4_2__0_1760614114421208300.png
PX4_3	1760614113412	0	0	0.569113	0.707107	0	0	-0.707107	img_PX4_3__0_1760614114487891200.png
PX4_1	1760614113469	0	0	0.569113	1	0	0	0	img_PX4_1__0_1760614114543195900.png
PX4_4	1760614113526	0	0	0.569113	0.707107	0	0	0.707107	img_PX4_4__0_1760614114603629100.png
PX4_2	1760614113601	0	0	0.569113	3.57628e-07	0	0	-1	img_PX4_2__0_1760614114676657300.png
PX4_3	1760614113679	0	0	0.569113	0.707107	0	0	-0.707107	img_PX4_3__0_1760614114756801600.png
PX4_1	1760614113742	0	0	0.569113	1	0	0	0	img_PX4_1__0_1760614114820084100.png
PX4_4	1760614113811	0	0	0.569113	0.707107	0	0	0.707107	img_PX4_4__0_1760614114890095400.png
PX4_2	1760614113883	0	0	0.569113	3.57628e-07	0	0	-1	img_PX4_2__0_1760614114961786100.png
PX4_3	1760614113958	0	0	0.569113	0.707107	0	0	-0.707107	img_PX4_3__0_1760614115035570700.png
PX4_1	1760614114018	0	0	0.569113	1	0	0	0	img_PX4_1__0_1760614115095287600.png
PX4_4	1760614114093	0	0	0.569113	0.707107	0	0	0.707107	img_PX4_4__0_1760614115171861200.png
PX4_2	1760614114165	0	0	0.569113	3.57628e-07	0	0	-1	img_PX4_2__0_1760614115244262400.png
PX4_3	1760614114234	0	0	0.569113	0.707107	0	0	-0.707107	img_PX4_3__0_1760614115312104600.png
PX4_1	1760614114294	0	0	0.569113	1	0	0	0	img_PX4_1__0_1760614115373662600.png
PX4_4	1760614114360	0	0	0.569113	0.707107	0	0	0.707107	img_PX4_4__0_1760614115440834900.png
PX4_2	1760614114432	0	0	0.569113	3.57628e-07	0	0	-1	img_PX4_2__0_1760614115512751500.png
PX4_3	1760614114501	0	0	0.569113	0.707107	0	0	-0.707107	img_PX4_3__0_1760614115581949400.png
PX4_1	1760614114561	0	0	0.569113	1	0	0	0	img_PX4_1__0_1760614115640999300.png
PX4_4	1760614114627	0	0	0.569113	0.707107	0	0	0.707107	img_PX4_4__0_1760614115708149400.png
PX4_2	1760614114693	0	0	0.569113	3.57628e-07	0	0	-1	img_PX4_2__0_1760614115775715200.png
PX4_3	1760614114768	0	0	0.569113	0.707107	0	0	-0.707107	img_PX4_3__0_1760614115849428600.png
PX4_1	1760614114834	0	0	0.569113	1	0	0	0	img_PX4_1__0_1760614115914706700.png
PX4_4	1760614114900	0	0	0.569113	0.707107	0	0	0.707107	img_PX4_4__0_1760614115983161700.png
PX4_2	1760614114975	0	0	0.569113	3.57628e-07	0	0	-1	img_PX4_2__0_1760614116054482300.png
PX4_3	1760614115038	0	0	0.569113	0.707107	0	0	-0.707107	img_PX4_3__0_1760614116118925500.png
PX4_1	1760614115098	0	0	0.569113	1	0	0	0	img_PX4_1__0_1760614116180661100.png
PX4_4	1760614115173	0	0	0.569113	0.707107	0	0	0.707107	img_PX4_4__0_1760614116256479900.png
PX4_2	1760614115248	0	0	0.569113	3.57628e-07	0	0	-1	img_PX4_2__0_1760614116329393600.png
PX4_3	1760614115320	0	0	0.569113	0.707107	0	0	-0.707107	img_PX4_3__0_1760614116403539100.png
PX4_1	1760614115389	0	0	0.569113	1	0	0	0	img_PX4_1__0_1760614116471308200.png
PX4_4	1760614115461	0	0	0.569113	0.707107	0	0	0.707107	img_PX4_4__0_1760614116544829800.png
PX4_2	1760614115533	0	0	0.569113	3.57628e-07	0	0	-1	img_PX4_2__0_1760614116618082600.png
PX4_3	1760614115605	0	0	0.569113	0.707107	0	0	-0.707107	img_PX4_3__0_1760614116688105800.png
PX4_1	1760614115668	0	0	0.569113	1	0	0	0	img_PX4_1__0_1760614116751945900.png
PX4_4	1760614115734	0	0	0.569113	0.707107	0	0	0.707107	img_PX4_4__0_1760614116816776000.png
PX4_2	1760614115806	0	0	0.569113	3.57628e-07	0	0	-1	img_PX4_2__0_1760614116887959500.png
PX4_3	1760614115878	0	0	0.569113	0.707107	0	0	-0.707107	img_PX4_3__0_1760614116963457800.png
PX4_1	1760614115938	0	0	0.569113	1	0	0	0	img_PX4_1__0_1760614117021897700.png
PX4_4	1760614116013	0	0	0.569113	0.707107	0	0	0.707107	img_PX4_4__0_1760614117098433100.png
PX4_2	1760614116091	0	0	0.569113	3.57628e-07	0	0	-1	img_PX4_2__0_1760614117177126600.png
PX4_3	1760614116187	0	0	0.569113	0.707107	0	0	-0.707107	img_PX4_3__0_1760614117273219000.png
PX4_1	1760614116259	0	0	0.569113	1	0	0	0	img_PX4_1__0_1760614117344508700.png
PX4_4	1760614116334	0	0	0.569113	0.707107	0	0	0.707107	img_PX4_4__0_1760614117420502100.png
PX4_2	1760614116394	0	0	0.569113	3.57628e-07	0	0	-1	img_PX4_2__0_1760614117480821900.png
PX4_3	1760614116466	0	0	0.569113	0.707107	0	0	-0.707107	img_PX4_3__0_1760614117554767200.png
PX4_1	1760614116523	0	0	0.569113	1	0	0	0	img_PX4_1__0_1760614117611371000.png
PX4_4	1760614116589	0	0	0.569113	0.707107	0	0	0.707107	img_PX4_4__0_1760614117677976600.png
PX4_2	1760614116661	0	0	0.569113	3.57628e-07	0	0	-1	img_PX4_2__0_1760614117750355200.png
PX4_3	1760614116733	0	0	0.569113	0.707107	0	0	-0.707107	img_PX4_3__0_1760614117822963200.png
PX4_1	1760614116790	0	0	0.569113	1	0	0	0	img_PX4_1__0_1760614117880200800.png
PX4_4	1760614116862	0	0	0.569113	0.707107	0	0	0.707107	img_PX4_4__0_1760614117953750000.png
PX4_2	1760614116922	0	0	0.569113	3.57628e-07	0	0	-1	img_PX4_2__0_1760614118012776800.png
PX4_3	1760614117000	0	0	0.569113	0.707107	0	0	-0.707107	img_PX4_3__0_1760614118094165100.png
PX4_1	1760614117078	0	0	0.569113	1	0	0	0	img_PX4_1__0_1760614118167581800.png
PX4_4	1760614117147	0	0	0.569113	0.707107	0	0	0.707107	img_PX4_4__0_1760614118238950600.png
PX4_2	1760614117219	0	0	0.569113	3.57628e-07	0	0	-1	img_PX4_2__0_1760614118313219300.png
PX4_3	1760614117291	0	0	0.569113	0.707107	0	0	-0.707107	img_PX4_3__0_1760614118384000400.png
PX4_1	1760614117363	0	0	0.569113	1	0	0	0	img_PX4_1__0_1760614118455612000.png
PX4_4	1760614117429	0	0	0.569113	0.707107	0	0	0.707107	img_PX4_4__0_1760614118521563400.png
PX4_2	1760614117501	0	0	0.569113	3.57628e-07	0	0	-1	img_PX4_2__0_1760614118594365100.png
PX4_3	1760614117582	0	0	0.569113	0.707107	0	0	-0.707107	img_PX4_3__0_1760614118677207300.png
PX4_1	1760614117660	0	0	0.569113	1	0	0	0	img_PX4_1__0_1760614118753825500.png
PX4_4	1760614117735	0	0	0.569113	0.707107	0	0	0.707107	img_PX4_4__0_1760614118831567500.png
PX4_2	1760614117822	0	0	0.569113	3.57628e-07	0	0	-1	img_PX4_2__0_1760614118917860200.png
PX4_3	1760614117894	0	0	0.569113	0.707107	0	0	-0.707107	img_PX4_3__0_1760614118989958700.png
PX4_1	1760614117966	0	0	0.569113	1	0	0	0	img_PX4_1__0_1760614119059852800.png
PX4_4	1760614118038	0	0	0.569113	0.707107	0	0	0.707107	img_PX4_4__0_1760614119134850400.png
PX4_2	1760614118113	0	0	0.569113	3.57628e-07	0	0	-1	img_PX4_2__0_1760614119210570500.png
PX4_3	1760614118185	0	0	0.569113	0.707107	0	0	-0.707107	img_PX4_3__0_1760614119283163400.png
PX4_1	1760614118257	0	0	0.569113	1	0	0	0	img_PX4_1__0_1760614119355087500.png
PX4_4	1760614118314	0	0	0.569113	0.707107	0	0	0.707107	img_PX4_4__0_1760614119410883000.png
PX4_2	1760614118389	0	0	0.569113	3.57628e-07	0	0	-1	img_PX4_2__0_1760614119487685200.png
PX4_3	1760614118449	0	0	0.569113	0.707107	0	0	-0.707107	img_PX4_3__0_1760614119547486800.png
PX4_1	1760614118515	0	0	0.569113	1	0	0	0	img_PX4_1__0_1760614119613060200.png
PX4_4	1760614118590	0	0	0.569113	0.707107	0	0	0.707107	img_PX4_4__0_1760614119691068600.png
PX4_2	1760614118659	0	0	0.569113	3.57628e-07	0	0	-1	img_PX4_2__0_1760614119761573200.png
PX4_3	1760614118728	0	0	0.569113	0.707107	0	0	-0.707107	img_PX4_3__0_1760614119827735100.png
PX4_1	1760614118785	0	0	0.569113	1	0	0	0	img_PX4_1__0_1760614119886277900.png
PX4_4	1760614118854	0	0	0.569113	0.707107	0	0	0.707107	img_PX4_4__0_1760614119954994800.png
PX4_2	1760614118923	0	0	0.569113	3.57628e-07	0	0	-1	img_PX4_2__0_1760614120025717200.png
PX4_3	1760614118986	0	0	0.569113	0.707107	0	0	-0.707107	img_PX4_3__0_1760614120089791400.png
PX4_1	1760614119046	0	0	0.569113	1	0	0	0	img_PX4_1__0_1760614120147210100.png
PX4_4	1760614119112	0	0	0.569113	0.707107	0	0	0.707107	img_PX4_4__0_1760614120216141700.png
PX4_2	1760614119184	0	0	0.569113	3.57628e-07	0	0	-1	img_PX4_2__0_1760614120288031100.png
PX4_3	1760614119250	0	0	0.569113	0.707107	0	0	-0.707107	img_PX4_3__0_1760614120354265300.png
PX4_1	1760614119310	0	0	0.569113	1	0	0	0	img_PX4_1__0_1760614120412737900.png
PX4_4	1760614119376	0	0	0.569113	0.707107	0	0	0.707107	img_PX4_4__0_1760614120481211000.png
PX4_2	1760614119445	0	0	0.569113	3.57628e-07	0	0	-1	img_PX4_2__0_1760614120549069300.png
PX4_3	1760614119508	0	0	0.569113	0.707107	0	0	-0.707107	img_PX4_3__0_1760614120613127400.png
PX4_1	1760614119574	0	0	0.569113	1	0	0	0	img_PX4_1__0_1760614120677951700.png
PX4_4	1760614119649	0	0	0.569113	0.707107	0	0	0.707107	img_PX4_4__0_1760614120754667900.png
PX4_2	1760614119736	0	0	0.569113	3.57628e-07	0	0	-1	img_PX4_2__0_1760614120840532300.png
PX4_3	1760614119799	0	0	0.569113	0.707107	0	0	-0.707107	img_PX4_3__0_1760614120905952700.png
PX4_1	1760614119862	0	0	0.569113	1	0	0	0	img_PX4_1__0_1760614120967753000.png
PX4_4	1760614119928	0	0	0.569113	0.707107	0	0	0.707107	img_PX4_4__0_1760614121035326000.png
PX4_2	1760614120000	0	0	0.569113	3.57628e-07	0	0	-1	img_PX4_2__0_1760614121104749000.png
PX4_3	1760614120072	0	0	0.569113	0.707107	0	0	-0.707107	img_PX4_3__0_1760614121179444900.png
PX4_1	1760614120138	0	0	0.569113	1	0	0	0	img_PX4_1__0_1760614121244557800.png
PX4_4	1760614120213	0	0	0.569113	0.707107	0	0	0.707107	img_PX4_4__0_1760614121319367000.png
PX4_2	1760614120288	0	0	0.569113	3.57628e-07	0	0	-1	img_PX4_2__0_1760614121396352700.png
PX4_3	1760614120366	0	0	0.569113	0.707107	0	0	-0.707107	img_PX4_3__0_1760614121472895400.png
PX4_1	1760614120432	0	0	0.569113	1	0	0	0	img_PX4_1__0_1760614121540919500.png
PX4_4	1760614120504	0	0	0.569113	0.707107	0	0	0.707107	img_PX4_4__0_1760614121612047300.png
PX4_2	1760614120579	0	0	0.569113	3.57628e-07	0	0	-1	img_PX4_2__0_1760614121687317000.png
PX4_3	1760614120663	0	0	0.569113	0.707107	0	0	-0.707107	img_PX4_3__0_1760614121774047200.png
PX4_1	1760614120729	0	0	0.569113	1	0	0	0	img_PX4_1__0_1760614121838633200.png
PX4_4	1760614120807	0	0	0.569113	0.707107	0	0	0.707107	img_PX4_4__0_1760614121917424400.png
PX4_2	1760614120882	0	0	0.569113	3.57628e-07	0	0	-1	img_PX4_2__0_1760614121992106200.png
PX4_3	1760614120951	0	0	0.569113	0.707107	0	0	-0.707107	img_PX4_3__0_1760614122063412100.png
PX4_1	1760614121032	0	0	0.569113	1	0	0	0	img_PX4_1__0_1760614122143236600.png
PX4_4	1760614121107	0	0	0.569113	0.707107	0	0	0.707107	img_PX4_4__0_1760614122220208400.png
PX4_2	1760614121197	0	0	0.569113	3.57628e-07	0	0	-1	img_PX4_2__0_1760614122308636600.png
PX4_3	1760614121272	0	0	0.569113	0.707107	0	0	-0.707107	img_PX4_3__0_1760614122385079400.png
PX4_1	1760614121335	0	0	0.569113	1	0	0	0	img_PX4_1__0_1760614122447814200.png
PX4_4	1760614121404	0	0	0.569113	0.707107	0	0	0.707107	img_PX4_4__0_1760614122515819400.png
PX4_2	1760614121473	0	0	0.569113	3.57628e-07	0	0	-1	img_PX4_2__0_1760614122587357300.png
PX4_3	1760614121542	0	0	0.569113	0.707107	0	0	-0.707107	img_PX4_3__0_1760614122657053700.png
PX4_1	1760614121608	0	0	0.569113	1	0	0	0	img_PX4_1__0_1760614122722042400.png
PX4_4	1760614121677	0	0	0.569113	0.707107	0	0	0.707107	img_PX4_4__0_1760614122792643900.png
PX4_2	1760614121749	0	0	0.569113	3.57628e-07	0	0	-1	img_PX4_2__0_1760614122862287400.png
PX4_3	1760614121818	0	0	0.569113	0.707107	0	0	-0.707107	img_PX4_3__0_1760614122932000900.png
PX4_1	1760614121878	0	0	0.569113	1	0	0	0	img_PX4_1__0_1760614122992734900.png
PX4_4	1760614121953	0	0	0.569113	0.707107	0	0	0.707107	img_PX4_4__0_1760614123066895900.png
PX4_2	1760614122016	0	0	0.569113	3.57628e-07	0	0	-1	img_PX4_2__0_1760614123132553700.png
PX4_3	1760614122085	0	0	0.569113	0.707107	0	0	-0.707107	img_PX4_3__0_1760614123200814100.png
PX4_1	1760614122142	0	0	0.569113	1	0	0	0	img_PX4_1__0_1760614123257292700.png
PX4_4	1760614122208	0	0	0.569113	0.707107	0	0	0.707107	img_PX4_4__0_1760614123323530000.png
PX4_2	1760614122274	0	0	0.569113	3.57628e-07	0	0	-1	img_PX4_2__0_1760614123388749600.png
PX4_3	1760614122337	0	0	0.569113	0.707107	0	0	-0.707107	img_PX4_3__0_1760614123451969400.png
PX4_1	1760614122394	0	0	0.569113	1	0	0	0	img_PX4_1__0_1760614123511095600.png
PX4_4	1760614122460	0	0	0.569113	0.707107	0	0	0.707107	img_PX4_4__0_1760614123578039900.png
PX4_2	1760614122526	0	0	0.569113	3.57628e-07	0	0	-1	img_PX4_2__0_1760614123643564800.png
PX4_3	1760614122571	0	0	0.569113	0.707107	0	0	-0.707107	img_PX4_3__0_1760614123690509600.png
PX4_1	1760614122625	0	0	0.569113	1	0	0	0	img_PX4_1__0_1760614123741876100.png
PX4_4	1760614122685	0	0	0.569113	0.707107	0	0	0.707107	img_PX4_4__0_1760614123804187800.png
PX4_2	1760614122760	0	0	0.569113	3.57628e-07	0	0	-1	img_PX4_2__0_1760614123878752900.png
PX4_3	1760614122823	0	0	0.569113	0.707107	0	0	-0.707107	img_PX4_3__0_1760614123943880000.png
PX4_1	1760614122883	0	0	0.569113	1	0	0	0	img_PX4_1__0_1760614124003338300.png
PX4_4	1760614122952	0	0	0.569113	0.707107	0	0	0.707107	img_PX4_4__0_1760614124072168900.png
PX4_2	1760614123024	0	0	0.569113	3.57628e-07	0	0	-1	img_PX4_2__0_1760614124143654800.png
PX4_3	1760614123090	0	0	0.569113	0.707107	0	0	-0.707107	img_PX4_3__0_1760614124209961200.png
PX4_1	1760614123156	0	0	0.569113	1	0	0	0	img_PX4_1__0_1760614124274591900.png
PX4_4	1760614123228	0	0	0.569113	0.707107	0	0	0.707107	img_PX4_4__0_1760614124346926400.png
PX4_2	1760614123300	0	0	0.569113	3.57628e-07	0	0	-1	img_PX4_2__0_1760614124422843100.png
PX4_3	1760614123369	0	0	0.569113	0.707107	0	0	-0.707107	img_PX4_3__0_1760614124491014300.png
PX4_1	1760614123429	0	0	0.569113	1	0	0	0	img_PX4_1__0_1760614124549759100.png
PX4_4	1760614123486	0	0	0.569113	0.707107	0	0	0.707107	img_PX4_4__0_1760614124608654800.png
PX4_2	1760614123549	0	0	0.569113	3.57628e-07	0	0	-1	img_PX4_2__0_1760614124673149100.png
PX4_3	1760614123624	0	0	0.569113	0.707107	0	0	-0.707107	img_PX4_3__0_1760614124746344700.png
PX4_1	1760614123684	0	0	0.569113	1	0	0	0	img_PX4_1__0_1760614124805309800.png
PX4_4	1760614123750	0	0	0.569113	0.707107	0	0	0.707107	img_PX4_4__0_1760614124872886500.png
PX4_2	1760614123813	0	0	0.569113	3.57628e-07	0	0	-1	img_PX4_2__0_1760614124938915400.png
PX4_3	1760614123882	0	0	0.569113	0.707107	0	0	-0.707107	img_PX4_3__0_1760614125005983900.png
PX4_1	1760614123942	0	0	0.569113	1	0	0	0	img_PX4_1__0_1760614125067289900.png
PX4_4	1760614124008	0	0	0.569113	0.707107	0	0	0.707107	img_PX4_4__0_1760614125134067700.png
PX4_2	1760614124071	0	0	0.569113	3.57628e-07	0	0	-1	img_PX4_2__0_1760614125199930100.png
PX4_3	1760614124137	0	0	0.569113	0.707107	0	0	-0.707107	img_PX4_3__0_1760614125265660700.png
PX4_1	1760614124197	0	0	0.569113	1	0	0	0	img_PX4_1__0_1760614125324190400.png
PX4_4	1760614124263	0	0	0.569113	0.707107	0	0	0.707107	img_PX4_4__0_1760614125392064900.png
PX4_2	1760614124317	0	0	0.569113	3.57628e-07	0	0	-1	img_PX4_2__0_1760614125443511200.png
PX4_3	1760614124356	0	0	0.569113	0.707107	0	0	-0.707107	img_PX4_3__0_1760614125484416000.png
PX4_1	1760614124416	0	0	0.569113	1	0	0	0	img_PX4_1__0_1760614125544667500.png
PX4_4	1760614124479	0	0	0.569113	0.707107	0	0	0.707107	img_PX4_4__0_1760614125609432700.png
PX4_2	1760614124545	0	0	0.569113	3.57628e-07	0	0	-1	img_PX4_2__0_1760614125674602300.png
PX4_3	1760614124611	0	0	0.569113	0.707107	0	0	-0.707107	img_PX4_3__0_1760614125740908700.png
PX4_1	1760614124671	0	0	0.569113	1	0	0	0	img_PX4_1__0_1760614125800968200.png
PX4_4	1760614124737	0	0	0.569113	0.707107	0	0	0.707107	img_PX4_4__0_1760614125866584900.png
PX4_2	1760614124803	0	0	0.569113	3.57628e-07	0	0	-1	img_PX4_2__0_1760614125934449700.png
PX4_3	1760614124869	0	0	0.569113	0.707107	0	0	-0.707107	img_PX4_3__0_1760614125999657200.png
PX4_1	1760614124932	0	0	0.569113	1	0	0	0	img_PX4_1__0_1760614126060856100.png
PX4_4	1760614124995	0	0	0.569113	0.707107	0	0	0.707107	img_PX4_4__0_1760614126126975100.png
PX4_2	1760614125067	0	0	0.569113	3.57628e-07	0	0	-1	img_PX4_2__0_1760614126196441500.png
PX4_3	1760614125133	0	0	0.569113	0.707107	0	0	-0.707107	img_PX4_3__0_1760614126265004400.png
PX4_1	1760614125193	0	0	0.569113	1	0	0	0	img_PX4_1__0_1760614126321867400.png
PX4_4	1760614125262	0	0	0.569113	0.707107	0	0	0.707107	img_PX4_4__0_1760614126392478400.png
PX4_2	1760614125337	0	0	0.569113	3.57628e-07	0	0	-1	img_PX4_2__0_1760614126468070300.png
PX4_3	1760614125406	0	0	0.569113	0.707107	0	0	-0.707107	img_PX4_3__0_1760614126537474500.png
PX4_1	1760614125466	0	0	0.569113	1	0	0	0	img_PX4_1__0_1760614126598613900.png
PX4_4	1760614125529	0	0	0.569113	0.707107	0	0	0.707107	img_PX4_4__0_1760614126663173400.png
PX4_2	1760614125598	0	0	0.569113	3.57628e-07	0	0	-1	img_PX4_2__0_1760614126730971400.png
PX4_3	1760614125664	0	0	0.569113	0.707107	0	0	-0.707107	img_PX4_3__0_1760614126798351400.png
PX4_1	1760614125727	0	0	0.569113	1	0	0	0	img_PX4_1__0_1760614126861740800.png
PX4_4	1760614125796	0	0	0.569113	0.707107	0	0	0.707107	img_PX4_4__0_1760614126930501300.png
PX4_2	1760614125868	0	0	0.569113	3.57628e-07	0	0	-1	img_PX4_2__0_1760614127000876300.png
PX4_3	1760614125919	0	0	0.569113	0.707107	0	0	-0.707107	img_PX4_3__0_1760614127053436700.png
PX4_1	1760614125979	0	0	0.569113	1	0	0	0	img_PX4_1__0_1760614127112411400.png
PX4_4	1760614126042	0	0	0.569113	0.707107	0	0	0.707107	img_PX4_4__0_1760614127178150900.png
PX4_2	1760614126108	0	0	0.569113	3.57628e-07	0	0	-1	img_PX4_2__0_1760614127244536700.png
PX4_3	1760614126168	0	0	0.569113	0.707107	0	0	-0.707107	img_PX4_3__0_1760614127303305600.png
PX4_1	1760614126222	0	0	0.569113	1	0	0	0	img_PX4_1__0_1760614127358475600.png
PX4_4	1760614126291	0	0	0.569113	0.707107	0	0	0.707107	img_PX4_4__0_1760614127426237000.png
PX4_2	1760614126354	0	0	0.569113	3.57628e-07	0	0	-1	img_PX4_2__0_1760614127490535200.png
PX4_3	1760614126420	0	0	0.569113	0.707107	0	0	-0.707107	img_PX4_3__0_1760614127556588100.png
PX4_1	1760614126483	0	0	0.569113	1	0	0	0	img_PX4_1__0_1760614127617985800.png
PX4_4	1760614126555	0	0	0.569113	0.707107	0	0	0.707107	img_PX4_4__0_1760614127692876700.png
PX4_2	1760614126624	0	0	0.569113	3.57628e-07	0	0	-1	img_PX4_2__0_1760614127761223700.png
PX4_3	1760614126687	0	0	0.569113	0.707107	0	0	-0.707107	img_PX4_3__0_1760614127823709500.png
PX4_1	1760614126747	0	0	0.569113	1	0	0	0	img_PX4_1__0_1760614127884983500.png
PX4_4	1760614126813	0	0	0.569113	0.707107	0	0	0.707107	img_PX4_4__0_1760614127951270200.png
PX4_2	1760614126882	0	0	0.569113	3.57628e-07	0	0	-1	img_PX4_2__0_1760614128019937900.png
PX4_3	1760614126951	0	0	0.569113	0.707107	0	0	-0.707107	img_PX4_3__0_1760614128091364700.png
PX4_1	1760614127014	0	0	0.569113	1	0	0	0	img_PX4_1__0_1760614128150729100.png
PX4_4	1760614127083	0	0	0.569113	0.707107	0	0	0.707107	img_PX4_4__0_1760614128223721900.png
PX4_2	1760614127155	0	0	0.569113	3.57628e-07	0	0	-1	img_PX4_2__0_1760614128294393900.png
PX4_3	1760614127221	0	0	0.569113	0.707107	0	0	-0.707107	img_PX4_3__0_1760614128363044600.png
PX4_1	1760614127284	0	0	0.569113	1	0	0	0	img_PX4_1__0_1760614128425657600.png
PX4_4	1760614127353	0	0	0.569113	0.707107	0	0	0.707107	img_PX4_4__0_1760614128494754400.png
PX4_2	1760614127419	0	0	0.569113	3.57628e-07	0	0	-1	img_PX4_2__0_1760614128560846000.png
PX4_3	1760614127488	0	0	0.569113	0.707107	0	0	-0.707107	img_PX4_3__0_1760614128630363500.png
PX4_1	1760614127545	0	0	0.569113	1	0	0	0	img_PX4_1__0_1760614128688903200.png
PX4_4	1760614127611	0	0	0.569113	0.707107	0	0	0.707107	img_PX4_4__0_1760614128755008700.png
PX4_2	1760614127683	0	0	0.569113	3.57628e-07	0	0	-1	img_PX4_2__0_1760614128825738000.png
PX4_3	1760614127749	0	0	0.569113	0.707107	0	0	-0.707107	img_PX4_3__0_1760614128890689700.png
PX4_1	1760614127806	0	0	0.569113	1	0	0	0	img_PX4_1__0_1760614128947164700.png
PX4_4	1760614127869	0	0	0.569113	0.707107	0	0	0.707107	img_PX4_4__0_1760614129012311500.png
PX4_2	1760614127944	0	0	0.569113	3.57628e-07	0	0	-1	img_PX4_2__0_1760614129085965500.png
PX4_3	1760614128007	0	0	0.569113	0.707107	0	0	-0.707107	img_PX4_3__0_1760614129150714600.png
PX4_1	1760614128049	0	0	0.569113	1	0	0	0	img_PX4_1__0_1760614129192184400.png
PX4_4	1760614128121	0	0	0.569113	0.707107	0	0	0.707107	img_PX4_4__0_1760614129264141100.png
PX4_2	1760614128196	0	0	0.569113	3.57628e-07	0	0	-1	img_PX4_2__0_1760614129341158100.png
PX4_3	1760614128265	0	0	0.569113	0.707107	0	0	-0.707107	img_PX4_3__0_1760614129409238200.png
PX4_1	1760614128304	0	0	0.569113	1	0	0	0	img_PX4_1__0_1760614129448989900.png
PX4_4	1760614128376	0	0	0.569113	0.707107	0	0	0.707107	img_PX4_4__0_1760614129521872100.png
PX4_2	1760614128451	0	0	0.569113	3.57628e-07	0	0	-1	img_PX4_2__0_1760614129595276900.png
PX4_3	1760614128517	0	0	0.569113	0.707107	0	0	-0.707107	img_PX4_3__0_1760614129662712900.png
PX4_1	1760614128577	0	0	0.569113	1	0	0	0	img_PX4_1__0_1760614129722064400.png
PX4_4	1760614128643	0	0	0.569113	0.707107	0	0	0.707107	img_PX4_4__0_1760614129786964600.png
PX4_2	1760614128709	0	0	0.569113	3.57628e-07	0	0	-1	img_PX4_2__0_1760614129853779500.png
PX4_3	1760614128748	0	0	0.569113	0.707107	0	0	-0.707107	img_PX4_3__0_1760614129895144300.png
PX4_1	1760614128811	0	0	0.569113	1	0	0	0	img_PX4_1__0_1760614129956770100.png
PX4_4	1760614128877	0	0	0.569113	0.707107	0	0	0.707107	img_PX4_4__0_1760614130023497600.png
PX4_2	1760614128952	0	0	0.569113	3.57628e-07	0	0	-1	img_PX4_2__0_1760614130098750600.png
PX4_3	1760614129030	0	0	0.569113	0.707107	0	0	-0.707107	img_PX4_3__0_1760614130176526100.png
PX4_1	1760614129093	0	0	0.569113	1	0	0	0	img_PX4_1__0_1760614130241949200.png
PX4_4	1760614129159	0	0	0.569113	0.707107	0	0	0.707107	img_PX4_4__0_1760614130308713400.png
PX4_2	1760614129231	0	0	0.569113	3.57628e-07	0	0	-1	img_PX4_2__0_1760614130380189600.png
PX4_3	1760614129300	0	0	0.569113	0.707107	0	0	-0.707107	img_PX4_3__0_1760614130449726000.png
PX4_1	1760614129363	0	0	0.569113	1	0	0	0	img_PX4_1__0_1760614130513525200.png
PX4_4	1760614129432	0	0	0.569113	0.707107	0	0	0.707107	img_PX4_4__0_1760614130581171300.png
PX4_2	1760614129501	0	0	0.569113	3.57628e-07	0	0	-1	img_PX4_2__0_1760614130650864700.png
PX4_3	1760614129573	0	0	0.569113	0.707107	0	0	-0.707107	img_PX4_3__0_1760614130720231700.png
PX4_1	1760614129630	0	0	0.569113	1	0	0	0	img_PX4_1__0_1760614130778326500.png
PX4_4	1760614129699	0	0	0.569113	0.707107	0	0	0.707107	img_PX4_4__0_1760614130847885200.png
PX4_2	1760614129768	0	0	0.569113	3.57628e-07	0	0	-1	img_PX4_2__0_1760614130918289300.png
PX4_3	1760614129834	0	0	0.569113	0.707107	0	0	-0.707107	img_PX4_3__0_1760614130984103100.png
PX4_1	1760614129891	0	0	0.569113	1	0	0	0	img_PX4_1__0_1760614131042353900.png
PX4_4	1760614129957	0	0	0.569113	0.707107	0	0	0.707107	img_PX4_4__0_1760614131108557700.png
PX4_2	1760614130026	0	0	0.569113	3.57628e-07	0	0	-1	img_PX4_2__0_1760614131176329400.png
PX4_3	1760614130092	0	0	0.569113	0.707107	0	0	-0.707107	img_PX4_3__0_1760614131242800300.png
PX4_1	1760614130152	0	0	0.569113	1	0	0	0	img_PX4_1__0_1760614131303036900.png
PX4_4	1760614130221	0	0	0.569113	0.707107	0	0	0.707107	img_PX4_4__0_1760614131374533600.png
PX4_2	1760614130296	0	0	0.569113	3.57628e-07	0	0	-1	img_PX4_2__0_1760614131446340100.png
PX4_3	1760614130362	0	0	0.569113	0.707107	0	0	-0.707107	img_PX4_3__0_1760614131515370900.png
PX4_1	1760614130434	0	0	0.569113	1	0	0	0	img_PX4_1__0_1760614131585090300.png
PX4_4	1760614130506	0	0	0.569113	0.707107	0	0	0.707107	img_PX4_4__0_1760614131660460200.png
PX4_2	1760614130581	0	0	0.569113	3.57628e-07	0	0	-1	img_PX4_2__0_1760614131735106200.png
PX4_3	1760614130662	0	0	0.569113	0.707107	0	0	-0.707107	img_PX4_3__0_1760614131816043700.png
PX4_1	1760614130731	0	0	0.569113	1	0	0	0	img_PX4_1__0_1760614131885788700.png
PX4_4	1760614130803	0	0	0.569113	0.707107	0	0	0.707107	img_PX4_4__0_1760614131957144400.png
PX4_2	1760614130872	0	0	0.569113	3.57628e-07	0	0	-1	img_PX4_2__0_1760614132025449200.png
PX4_3	1760614130941	0	0	0.569113	0.707107	0	0	-0.707107	img_PX4_3__0_1760614132095365800.png
PX4_1	1760614131004	0	0	0.569113	1	0	0	0	img_PX4_1__0_1760614132159407200.png
PX4_4	1760614131076	0	0	0.569113	0.707107	0	0	0.707107	img_PX4_4__0_1760614132231269700.png
PX4_2	1760614131145	0	0	0.569113	3.57628e-07	0	0	-1	img_PX4_2__0_1760614132299872900.png
PX4_3	1760614131211	0	0	0.569113	0.707107	0	0	-0.707107	img_PX4_3__0_1760614132367735200.png
PX4_1	1760614131271	0	0	0.569113	1	0	0	0	img_PX4_1__0_1760614132426078200.png
PX4_4	1760614131337	0	0	0.569113	0.707107	0	0	0.707107	img_PX4_4__0_1760614132491818600.png
PX4_2	1760614131406	0	0	0.569113	3.57628e-07	0	0	-1	img_PX4_2__0_1760614132562754500.png
PX4_3	1760614131475	0	0	0.569113	0.707107	0	0	-0.707107	img_PX4_3__0_1760614132629597500.png
PX4_1	1760614131532	0	0	0.569113	1	0	0	0	img_PX4_1__0_1760614132689254900.png
PX4_4	1760614131598	0	0	0.569113	0.707107	0	0	0.707107	img_PX4_4__0_1760614132753567200.png
PX4_2	1760614131664	0	0	0.569113	3.57628e-07	0	0	-1	img_PX4_2__0_1760614132821384200.png
PX4_3	1760614131733	0	0	0.569113	0.707107	0	0	-0.707107	img_PX4_3__0_1760614132886907400.png
PX4_1	1760614131787	0	0	0.569113	1	0	0	0	img_PX4_1__0_1760614132946095800.png
PX4_4	1760614131853	0	0	0.569113	0.707107	0	0	0.707107	img_PX4_4__0_1760614133010292000.png
PX4_2	1760614131922	0	0	0.569113	3.57628e-07	0	0	-1	img_PX4_2__0_1760614133081265800.png
PX4_3	1760614131994	0	0	0.569113	0.707107	0	0	-0.707107	img_PX4_3__0_1760614133151356300.png
PX4_1	1760614132051	0	0	0.569113	1	0	0	0	img_PX4_1__0_1760614133210484500.png
PX4_4	1760614132123	0	0	0.569113	0.707107	0	0	0.707107	img_PX4_4__0_1760614133281891400.png
PX4_2	1760614132195	0	0	0.569113	3.57628e-07	0	0	-1	img_PX4_2__0_1760614133354088000.png
PX4_3	1760614132264	0	0	0.569113	0.707107	0	0	-0.707107	img_PX4_3__0_1760614133421486700.png
PX4_1	1760614132321	0	0	0.569113	1	0	0	0	img_PX4_1__0_1760614133481714900.png
PX4_4	1760614132399	0	0	0.569113	0.707107	0	0	0.707107	img_PX4_4__0_1760614133557132400.png
PX4_2	1760614132474	0	0	0.569113	3.57628e-07	0	0	-1	img_PX4_2__0_1760614133634898200.png
PX4_3	1760614132540	0	0	0.569113	0.707107	0	0	-0.707107	img_PX4_3__0_1760614133699189600.png
PX4_1	1760614132600	0	0	0.569113	1	0	0	0	img_PX4_1__0_1760614133760174800.png
PX4_4	1760614132666	0	0	0.569113	0.707107	0	0	0.707107	img_PX4_4__0_1760614133827560400.png
PX4_2	1760614132735	0	0	0.569113	3.57628e-07	0	0	-1	img_PX4_2__0_1760614133897132800.png
PX4_3	1760614132801	0	0	0.569113	0.707107	0	0	-0.707107	img_PX4_3__0_1760614133962630200.png
PX4_1	1760614132864	0	0	0.569113	1	0	0	0	img_PX4_1__0_1760614134027152800.png
PX4_4	1760614132942	0	0	0.569113	0.707107	0	0	0.707107	img_PX4_4__0_1760614134102529200.png
PX4_2	1760614133020	0	0	0.569113	3.57628e-07	0	0	-1	img_PX4_2__0_1760614134184143100.png
PX4_3	1760614133092	0	0	0.569113	0.707107	0	0	-0.707107	img_PX4_3__0_1760614134253911600.png
PX4_1	1760614133152	0	0	0.569113	1	0	0	0	img_PX4_1__0_1760614134314780400.png
PX4_4	1760614133218	0	0	0.569113	0.707107	0	0	0.707107	img_PX4_4__0_1760614134382450200.png
PX4_2	1760614133284	0	0	0.569113	3.57628e-07	0	0	-1	img_PX4_2__0_1760614134449541400.png
PX4_3	1760614133356	0	0	0.569113	0.707107	0	0	-0.707107	img_PX4_3__0_1760614134518162800.png
PX4_1	1760614133410	0	0	0.569113	1	0	0	0	img_PX4_1__0_1760614134575158000.png
PX4_4	1760614133476	0	0	0.569113	0.707107	0	0	0.707107	img_PX4_4__0_1760614134642331800.png
PX4_2	1760614133545	0	0	0.569113	3.57628e-07	0	0	-1	img_PX4_2__0_1760614134711731700.png
PX4_3	1760614133614	0	0	0.569113	0.707107	0	0	-0.707107	img_PX4_3__0_1760614134778724100.png
PX4_1	1760614133677	0	0	0.569113	1	0	0	0	img_PX4_1__0_1760614134842486100.png
PX4_4	1760614133740	0	0	0.569113	0.707107	0	0	0.707107	img_PX4_4__0_1760614134906544300.png
PX4_2	1760614133809	0	0	0.569113	3.57628e-07	0	0	-1	img_PX4_2__0_1760614134975771600.png
PX4_3	1760614133878	0	0	0.569113	0.707107	0	0	-0.707107	img_PX4_3__0_1760614135046148900.png
PX4_1	1760614133941	0	0	0.569113	1	0	0	0	img_PX4_1__0_1760614135108505300.png
PX4_4	1760614134010	0	0	0.569113	0.707107	0	0	0.707107	img_PX4_4__0_1760614135176173900.png
PX4_2	1760614134082	0	0	0.569113	3.57628e-07	0	0	-1	img_PX4_2__0_1760614135249662500.png
PX4_3	1760614134154	0	0	0.569113	0.707107	0	0	-0.707107	img_PX4_3__0_1760614135321119400.png
PX4_1	1760614134226	0	0	0.569113	1	0	0	0	img_PX4_1__0_1760614135392416900.png
PX4_4	1760614134301	0	0	0.569113	0.707107	0	0	0.707107	img_PX4_4__0_1760614135469996500.png
PX4_2	1760614134400	0	0	0.569113	3.57628e-07	0	0	-1	img_PX4_2__0_1760614135567302800.png
PX4_3	1760614134490	0	0	0.569113	0.707107	0	0	-0.707107	img_PX4_3__0_1760614135657774800.png
PX4_1	1760614134556	0	0	0.569113	1	0	0	0	img_PX4_1__0_1760614135724386700.png
PX4_4	1760614134631	0	0	0.569113	0.707107	0	0	0.707107	img_PX4_4__0_1760614135800219300.png
PX4_2	1760614134706	0	0	0.569113	3.57628e-07	0	0	-1	img_PX4_2__0_1760614135876393800.png
PX4_3	1760614134778	0	0	0.569113	0.707107	0	0	-0.707107	img_PX4_3__0_1760614135948533400.png
PX4_1	1760614134841	0	0	0.569113	1	0	0	0	img_PX4_1__0_1760614136011609400.png
PX4_4	1760614134916	0	0	0.569113	0.707107	0	0	0.707107	img_PX4_4__0_1760614136085487600.png
PX4_2	1760614134994	0	0	0.569113	3.57628e-07	0	0	-1	img_PX4_2__0_1760614136165276700.png
PX4_3	1760614135066	0	0	0.569113	0.707107	0	0	-0.707107	img_PX4_3__0_1760614136236214500.png
PX4_1	1760614135126	0	0	0.569113	1	0	0	0	img_PX4_1__0_1760614136298832400.png
PX4_4	1760614135198	0	0	0.569113	0.707107	0	0	0.707107	img_PX4_4__0_1760614136368679500.png
PX4_2	1760614135273	0	0	0.569113	3.57628e-07	0	0	-1	img_PX4_2__0_1760614136446435200.png
PX4_3	1760614135348	0	0	0.569113	0.707107	0	0	-0.707107	img_PX4_3__0_1760614136520159300.png
PX4_1	1760614135414	0	0	0.569113	1	0	0	0	img_PX4_1__0_1760614136586245200.png
PX4_4	1760614135489	0	0	0.569113	0.707107	0	0	0.707107	img_PX4_4__0_1760614136662693800.png
PX4_2	1760614135570	0	0	0.569113	3.57628e-07	0	0	-1	img_PX4_2__0_1760614136742476800.png
PX4_3	1760614135639	0	0	0.569113	0.707107	0	0	-0.707107	img_PX4_3__0_1760614136812565100.png
PX4_1	1760614135702	0	0	0.569113	1	0	0	0	img_PX4_1__0_1760614136875315400.png
PX4_4	1760614135771	0	0	0.569113	0.707107	0	0	0.707107	img_PX4_4__0_1760614136943545300.png
PX4_2	1760614135837	0	0	0.569113	3.57628e-07	0	0	-1	img_PX4_2__0_1760614137009661000.png
PX4_3	1760614135906	0	0	0.569113	0.707107	0	0	-0.707107	img_PX4_3__0_1760614137078398700.png
PX4_1	1760614135963	0	0	0.569113	1	0	0	0	img_PX4_1__0_1760614137137216900.png
PX4_4	1760614136035	0	0	0.569113	0.707107	0	0	0.707107	img_PX4_4__0_1760614137208705200.png
PX4_2	1760614136104	0	0	0.569113	3.57628e-07	0	0	-1	img_PX4_2__0_1760614137276018000.png
PX4_3	1760614136170	0	0	0.569113	0.707107	0	0	-0.707107	img_PX4_3__0_1760614137344337600.png
PX4_1	1760614136227	0	0	0.569113	1	0	0	0	img_PX4_1__0_1760614137400575800.png
PX4_4	1760614136290	0	0	0.569113	0.707107	0	0	0.707107	img_PX4_4__0_1760614137464400400.png
PX4_2	1760614136362	0	0	0.569113	3.57628e-07	0	0	-1	img_PX4_2__0_1760614137535500000.png
PX4_3	1760614136431	0	0	0.569113	0.707107	0	0	-0.707107	img_PX4_3__0_1760614137604337000.png
PX4_1	1760614136485	0	0	0.569113	1	0	0	0	img_PX4_1__0_1760614137659863000.png
PX4_4	1760614136551	0	0	0.569113	0.707107	0	0	0.707107	img_PX4_4__0_1760614137727115100.png
PX4_2	1760614136620	0	0	0.569113	3.57628e-07	0	0	-1	img_PX4_2__0_1760614137794415600.png
PX4_3	1760614136692	0	0	0.569113	0.707107	0	0	-0.707107	img_PX4_3__0_1760614137866835600.png
PX4_1	1760614136752	0	0	0.569113	1	0	0	0	img_PX4_1__0_1760614137929413500.png
PX4_4	1760614136821	0	0	0.569113	0.707107	0	0	0.707107	img_PX4_4__0_1760614137997533800.png
PX4_2	1760614136893	0	0	0.569113	3.57628e-07	0	0	-1	img_PX4_2__0_1760614138067672200.png
PX4_3	1760614136965	0	0	0.569113	0.707107	0	0	-0.707107	img_PX4_3__0_1760614138141282300.png
PX4_1	1760614137025	0	0	0.569113	1	0	0	0	img_PX4_1__0_1760614138201445000.png
PX4_4	1760614137091	0	0	0.569113	0.707107	0	0	0.707107	img_PX4_4__0_1760614138266546000.png
PX4_2	1760614137160	0	0	0.569113	3.57628e-07	0	0	-1	img_PX4_2__0_1760614138335789800.png
PX4_3	1760614137223	0	0	0.569113	0.707107	0	0	-0.707107	img_PX4_3__0_1760614138400027300.png
PX4_1	1760614137280	0	0	0.569113	1	0	0	0	img_PX4_1__0_1760614138457067400.png
PX4_4	1760614137346	0	0	0.569113	0.707107	0	0	0.707107	img_PX4_4__0_1760614138522218400.png
PX4_2	1760614137412	0	0	0.569113	3.57628e-07	0	0	-1	img_PX4_2__0_1760614138588384500.png
PX4_3	1760614137478	0	0	0.569113	0.707107	0	0	-0.707107	img_PX4_3__0_1760614138655514500.png
PX4_1	1760614137538	0	0	0.569113	1	0	0	0	img_PX4_1__0_1760614138714553000.png
PX4_4	1760614137601	0	0	0.569113	0.707107	0	0	0.707107	img_PX4_4__0_1760614138778168700.png
PX4_2	1760614137649	0	0	0.569113	3.57628e-07	0	0	-1	img_PX4_2__0_1760614138826894800.png
PX4_3	1760614137721	0	0	0.569113	0.707107	0	0	-0.707107	img_PX4_3__0_1760614138897578900.png
PX4_1	1760614137778	0	0	0.569113	1	0	0	0	img_PX4_1__0_1760614138956191800.png
PX4_4	1760614137844	0	0	0.569113	0.707107	0	0	0.707107	img_PX4_4__0_1760614139023124900.png
PX4_2	1760614137907	0	0	0.569113	3.57628e-07	0	0	-1	img_PX4_2__0_1760614139087285300.png
PX4_3	1760614137985	0	0	0.569113	0.707107	0	0	-0.707107	img_PX4_3__0_1760614139164331400.png
PX4_1	1760614138057	0	0	0.569113	1	0	0	0	img_PX4_1__0_1760614139234669800.png
PX4_4	1760614138117	0	0	0.569113	0.707107	0	0	0.707107	img_PX4_4__0_1760614139297406500.png
PX4_2	1760614138183	0	0	0.569113	3.57628e-07	0	0	-1	img_PX4_2__0_1760614139363038000.png
PX4_3	1760614138249	0	0	0.569113	0.707107	0	0	-0.707107	img_PX4_3__0_1760614139428058000.png
PX4_1	1760614138309	0	0	0.569113	1	0	0	0	img_PX4_1__0_1760614139489598900.png
PX4_4	1760614138372	0	0	0.569113	0.707107	0	0	0.707107	img_PX4_4__0_1760614139552548500.png
PX4_2	1760614138441	0	0	0.569113	3.57628e-07	0	0	-1	img_PX4_2__0_1760614139620455300.png
PX4_3	1760614138507	0	0	0.569113	0.707107	0	0	-0.707107	img_PX4_3__0_1760614139687126700.png
PX4_1	1760614138570	0	0	0.569113	1	0	0	0	img_PX4_1__0_1760614139750566900.png
PX4_4	1760614138633	0	0	0.569113	0.707107	0	0	0.707107	img_PX4_4__0_1760614139814644300.png
PX4_2	1760614138702	0	0	0.569113	3.57628e-07	0	0	-1	img_PX4_2__0_1760614139882733400.png
PX4_3	1760614138768	0	0	0.569113	0.707107	0	0	-0.707107	img_PX4_3__0_1760614139950969400.png
PX4_1	1760614138831	0	0	0.569113	1	0	0	0	img_PX4_1__0_1760614140012502900.png
PX4_4	1760614138900	0	0	0.569113	0.707107	0	0	0.707107	img_PX4_4__0_1760614140083511700.png
PX4_2	1760614138969	0	0	0.569113	3.57628e-07	0	0	-1	img_PX4_2__0_1760614140152284300.png
PX4_3	1760614139038	0	0	0.569113	0.707107	0	0	-0.707107	img_PX4_3__0_1760614140219199500.png
PX4_1	1760614139098	0	0	0.569113	1	0	0	0	img_PX4_1__0_1760614140280431300.png
PX4_4	1760614139161	0	0	0.569113	0.707107	0	0	0.707107	img_PX4_4__0_1760614140343477400.png
PX4_2	1760614139230	0	0	0.569113	3.57628e-07	0	0	-1	img_PX4_2__0_1760614140414062600.png
PX4_3	1760614139299	0	0	0.569113	0.707107	0	0	-0.707107	img_PX4_3__0_1760614140482476500.png
PX4_1	1760614139356	0	0	0.569113	1	0	0	0	img_PX4_1__0_1760614140538270500.png
PX4_4	1760614139434	0	0	0.569113	0.707107	0	0	0.707107	img_PX4_4__0_1760614140617108300.png
PX4_2	1760614139524	0	0	0.569113	3.57628e-07	0	0	-1	img_PX4_2__0_1760614140707013800.png
PX4_3	1760614139590	0	0	0.569113	0.707107	0	0	-0.707107	img_PX4_3__0_1760614140774626700.png
PX4_1	1760614139653	0	0	0.569113	1	0	0	0	img_PX4_1__0_1760614140838248800.png
PX4_4	1760614139716	0	0	0.569113	0.707107	0	0	0.707107	img_PX4_4__0_1760614140900817900.png
PX4_2	1760614139788	0	0	0.569113	3.57628e-07	0	0	-1	img_PX4_2__0_1760614140973903500.png
PX4_3	1760614139854	0	0	0.569113	0.707107	0	0	-0.707107	img_PX4_3__0_1760614141037376900.png
PX4_1	1760614139914	0	0	0.569113	1	0	0	0	img_PX4_1__0_1760614141100544800.png
PX4_4	1760614139980	0	0	0.569113	0.707107	0	0	0.707107	img_PX4_4__0_1760614141167500400.png
PX4_2	1760614140049	0	0	0.569113	3.57628e-07	0	0	-1	img_PX4_2__0_1760614141235840300.png
PX4_3	1760614140121	0	0	0.569113	0.707107	0	0	-0.707107	img_PX4_3__0_1760614141307266900.png
PX4_1	1760614140187	0	0	0.569113	1	0	0	0	img_PX4_1__0_1760614141373347100.png
PX4_4	1760614140262	0	0	0.569113	0.707107	0	0	0.707107	img_PX4_4__0_1760614141449273000.png
PX4_2	1760614140337	0	0	0.569113	3.57628e-07	0	0	-1	img_PX4_2__0_1760614141523957300.png
PX4_3	1760614140418	0	0	0.569113	0.707107	0	0	-0.707107	img_PX4_3__0_1760614141605571000.png
PX4_1	1760614140487	0	0	0.569113	1	0	0	0	img_PX4_1__0_1760614141675017100.png
PX4_4	1760614140556	0	0	0.569113	0.707107	0	0	0.707107	img_PX4_4__0_1760614141746320200.png
PX4_2	1760614140634	0	0	0.569113	3.57628e-07	0	0	-1	img_PX4_2__0_1760614141824448100.png
PX4_3	1760614140706	0	0	0.569113	0.707107	0	0	-0.707107	img_PX4_3__0_1760614141894050200.png
PX4_1	1760614140769	0	0	0.569113	1	0	0	0	img_PX4_1__0_1760614141958457900.png
PX4_4	1760614140835	0	0	0.569113	0.707107	0	0	0.707107	img_PX4_4__0_1760614142026625700.png
PX4_2	1760614140910	0	0	0.569113	3.57628e-07	0	0	-1	img_PX4_2__0_1760614142099764200.png
PX4_3	1760614140982	0	0	0.569113	0.707107	0	0	-0.707107	img_PX4_3__0_1760614142171090200.png
PX4_1	1760614141024	0	0	0.569113	1	0	0	0	img_PX4_1__0_1760614142216506000.png
PX4_4	1760614141093	0	0	0.569113	0.707107	0	0	0.707107	img_PX4_4__0_1760614142284440500.png
PX4_2	1760614141159	0	0	0.569113	3.57628e-07	0	0	-1	img_PX4_2__0_1760614142352410200.png
PX4_3	1760614141216	0	0	0.569113	0.707107	0	0	-0.707107	img_PX4_3__0_1760614142410230400.png
PX4_1	1760614141276	0	0	0.569113	1	0	0	0	img_PX4_1__0_1760614142469255300.png
PX4_4	1760614141342	0	0	0.569113	0.707107	0	0	0.707107	img_PX4_4__0_1760614142534864500.png
PX4_2	1760614141408	0	0	0.569113	3.57628e-07	0	0	-1	img_PX4_2__0_1760614142600718800.png
PX4_3	1760614141477	0	0	0.569113	0.707107	0	0	-0.707107	img_PX4_3__0_1760614142670342200.png
PX4_1	1760614141540	0	0	0.569113	1	0	0	0	img_PX4_1__0_1760614142732565400.png
PX4_4	1760614141609	0	0	0.569113	0.707107	0	0	0.707107	img_PX4_4__0_1760614142802018200.png
PX4_2	1760614141678	0	0	0.569113	3.57628e-07	0	0	-1	img_PX4_2__0_1760614142870994400.png
PX4_3	1760614141744	0	0	0.569113	0.707107	0	0	-0.707107	img_PX4_3__0_1760614142937894000.png
PX4_1	1760614141798	0	0	0.569113	1	0	0	0	img_PX4_1__0_1760614142992985200.png
PX4_4	1760614141867	0	0	0.569113	0.707107	0	0	0.707107	img_PX4_4__0_1760614143059793000.png
PX4_2	1760614141936	0	0	0.569113	3.57628e-07	0	0	-1	img_PX4_2__0_1760614143130976200.png
PX4_3	1760614142005	0	0	0.569113	0.707107	0	0	-0.707107	img_PX4_3__0_1760614143198865700.png
PX4_1	1760614142065	0	0	0.569113	1	0	0	0	img_PX4_1__0_1760614143258902400.png
PX4_4	1760614142128	0	0	0.569113	0.707107	0	0	0.707107	img_PX4_4__0_1760614143322753700.png
PX4_2	1760614142191	0	0	0.569113	3.57628e-07	0	0	-1	img_PX4_2__0_1760614143385391700.png
PX4_3	1760614142260	0	0	0.569113	0.707107	0	0	-0.707107	img_PX4_3__0_1760614143454084100.png
PX4_1	1760614142317	0	0	0.569113	1	0	0	0	img_PX4_1__0_1760614143513331400.png
PX4_4	1760614142389	0	0	0.569113	0.707107	0	0	0.707107	img_PX4_4__0_1760614143583664000.png
PX4_2	1760614142455	0	0	0.569113	3.57628e-07	0	0	-1	img_PX4_2__0_1760614143652091900.png
PX4_3	1760614142524	0	0	0.569113	0.707107	0	0	-0.707107	img_PX4_3__0_1760614143719592500.png
PX4_1	1760614142587	0	0	0.569113	1	0	0	0	img_PX4_1__0_1760614143783286200.png
PX4_4	1760614142662	0	0	0.569113	0.707107	0	0	0.707107	img_PX4_4__0_1760614143857150900.png
PX4_2	1760614142734	0	0	0.569113	3.57628e-07	0	0	-1	img_PX4_2__0_1760614143928955900.png
PX4_3	1760614142806	0	0	0.569113	0.707107	0	0	-0.707107	img_PX4_3__0_1760614144001613200.png
PX4_1	1760614142872	0	0	0.569113	1	0	0	0	img_PX4_1__0_1760614144069768100.png
PX4_4	1760614142941	0	0	0.569113	0.707107	0	0	0.707107	img_PX4_4__0_1760614144139360300.png
PX4_2	1760614143010	0	0	0.569113	3.57628e-07	0	0	-1	img_PX4_2__0_1760614144208098000.png
PX4_3	1760614143076	0	0	0.569113	0.707107	0	0	-0.707107	img_PX4_3__0_1760614144274915600.png
PX4_1	1760614143139	0	0	0.569113	1	0	0	0	img_PX4_1__0_1760614144336633200.png
PX4_4	1760614143208	0	0	0.569113	0.707107	0	0	0.707107	img_PX4_4__0_1760614144405975400.png
PX4_2	1760614143283	0	0	0.569113	3.57628e-07	0	0	-1	img_PX4_2__0_1760614144482294300.png
PX4_3	1760614143349	0	0	0.569113	0.707107	0	0	-0.707107	img_PX4_3__0_1760614144548144800.png
PX4_1	1760614143412	0	0	0.569113	1	0	0	0	img_PX4_1__0_1760614144613656500.png
PX4_4	1760614143481	0	0	0.569113	0.707107	0	0	0.707107	img_PX4_4__0_1760614144683177800.png
PX4_2	1760614143556	0	0	0.569113	3.57628e-07	0	0	-1	img_PX4_2__0_1760614144755520000.png
PX4_3	1760614143625	0	0	0.569113	0.707107	0	0	-0.707107	img_PX4_3__0_1760614144823426000.png
PX4_1	1760614143682	0	0	0.569113	1	0	0	0	img_PX4_1__0_1760614144883167300.png
PX4_4	1760614143757	0	0	0.569113	0.707107	0	0	0.707107	img_PX4_4__0_1760614144956965800.png
PX4_2	1760614143826	0	0	0.569113	3.57628e-07	0	0	-1	img_PX4_2__0_1760614145028355100.png
PX4_3	1760614143895	0	0	0.569113	0.707107	0	0	-0.707107	img_PX4_3__0_1760614145095823500.png
PX4_1	1760614143949	0	0	0.569113	1	0	0	0	img_PX4_1__0_1760614145152754500.png
PX4_4	1760614144018	0	0	0.569113	0.707107	0	0	0.707107	img_PX4_4__0_1760614145220025700.png
PX4_2	1760614144084	0	0	0.569113	3.57628e-07	0	0	-1	img_PX4_2__0_1760614145287409000.png
PX4_3	1760614144153	0	0	0.569113	0.707107	0	0	-0.707107	img_PX4_3__0_1760614145354531400.png
PX4_1	1760614144213	0	0	0.569113	1	0	0	0	img_PX4_1__0_1760614145415634500.png
PX4_4	1760614144279	0	0	0.569113	0.707107	0	0	0.707107	img_PX4_4__0_1760614145481198300.png
PX4_2	1760614144345	0	0	0.569113	3.57628e-07	0	0	-1	img_PX4_2__0_1760614145547690400.png
PX4_3	1760614144414	0	0	0.569113	0.707107	0	0	-0.707107	img_PX4_3__0_1760614145618029900.png
PX4_1	1760614144483	0	0	0.569113	1	0	0	0	img_PX4_1__0_1760614145685425700.png
PX4_4	1760614144552	0	0	0.569113	0.707107	0	0	0.707107	img_PX4_4__0_1760614145756544000.png
PX4_2	1760614144624	0	0	0.569113	3.57628e-07	0	0	-1	img_PX4_2__0_1760614145828366200.png
PX4_3	1760614144693	0	0	0.569113	0.707107	0	0	-0.707107	img_PX4_3__0_1760614145898237100.png
PX4_1	1760614144756	0	0	0.569113	1	0	0	0	img_PX4_1__0_1760614145962526600.png
PX4_4	1760614144825	0	0	0.569113	0.707107	0	0	0.707107	img_PX4_4__0_1760614146030964900.png
PX4_2	1760614144894	0	0	0.569113	3.57628e-07	0	0	-1	img_PX4_2__0_1760614146099134500.png
PX4_3	1760614144966	0	0	0.569113	0.707107	0	0	-0.707107	img_PX4_3__0_1760614146170464000.png
PX4_1	1760614145035	0	0	0.569113	1	0	0	0	img_PX4_1__0_1760614146240705600.png
PX4_4	1760614145104	0	0	0.569113	0.707107	0	0	0.707107	img_PX4_4__0_1760614146311790900.png
PX4_2	1760614145176	0	0	0.569113	3.57628e-07	0	0	-1	img_PX4_2__0_1760614146382929500.png
PX4_3	1760614145242	0	0	0.569113	0.707107	0	0	-0.707107	img_PX4_3__0_1760614146448967200.png
PX4_1	1760614145302	0	0	0.569113	1	0	0	0	img_PX4_1__0_1760614146510720600.png
PX4_4	1760614145368	0	0	0.569113	0.707107	0	0	0.707107	img_PX4_4__0_1760614146577577700.png
PX4_2	1760614145434	0	0	0.569113	3.57628e-07	0	0	-1	img_PX4_2__0_1760614146641505700.png
PX4_3	1760614145503	0	0	0.569113	0.707107	0	0	-0.707107	img_PX4_3__0_1760614146708283600.png
PX4_1	1760614145566	0	0	0.569113	1	0	0	0	img_PX4_1__0_1760614146772964200.png
PX4_4	1760614145635	0	0	0.569113	0.707107	0	0	0.707107	img_PX4_4__0_1760614146843467400.png
PX4_2	1760614145707	0	0	0.569113	3.57628e-07	0	0	-1	img_PX4_2__0_1760614146914778700.png
PX4_3	1760614145773	0	0	0.569113	0.707107	0	0	-0.707107	img_PX4_3__0_1760614146981939400.png
PX4_1	1760614145833	0	0	0.569113	1	0	0	0	img_PX4_1__0_1760614147042656500.png
PX4_4	1760614145899	0	0	0.569113	0.707107	0	0	0.707107	img_PX4_4__0_1760614147108209600.png
PX4_2	1760614145968	0	0	0.569113	3.57628e-07	0	0	-1	img_PX4_2__0_1760614147177810000.png
PX4_3	1760614146034	0	0	0.569113	0.707107	0	0	-0.707107	img_PX4_3__0_1760614147242350300.png
PX4_1	1760614146094	0	0	0.569113	1	0	0	0	img_PX4_1__0_1760614147304212000.png
PX4_4	1760614146163	0	0	0.569113	0.707107	0	0	0.707107	img_PX4_4__0_1760614147375552900.png
PX4_2	1760614146232	0	0	0.569113	3.57628e-07	0	0	-1	img_PX4_2__0_1760614147443859800.png
PX4_3	1760614146307	0	0	0.569113	0.707107	0	0	-0.707107	img_PX4_3__0_1760614147517852000.png
PX4_1	1760614146367	0	0	0.569113	1	0	0	0	img_PX4_1__0_1760614147577589600.png
PX4_4	1760614146433	0	0	0.569113	0.707107	0	0	0.707107	img_PX4_4__0_1760614147643849200.png
PX4_2	1760614146499	0	0	0.569113	3.57628e-07	0	0	-1	img_PX4_2__0_1760614147712225900.png
PX4_3	1760614146565	0	0	0.569113	0.707107	0	0	-0.707107	img_PX4_3__0_1760614147777541900.png
PX4_1	1760614146625	0	0	0.569113	1	0	0	0	img_PX4_1__0_1760614147835899600.png
PX4_4	1760614146700	0	0	0.569113	0.707107	0	0	0.707107	img_PX4_4__0_1760614147911682100.png
PX4_2	1760614146775	0	0	0.569113	3.57628e-07	0	0	-1	img_PX4_2__0_1760614147985792700.png
PX4_3	1760614146847	0	0	0.569113	0.707107	0	0	-0.707107	img_PX4_3__0_1760614148057963400.png
PX4_1	1760614146901	0	0	0.569113	1	0	0	0	img_PX4_1__0_1760614148114333400.png
PX4_4	1760614146970	0	0	0.569113	0.707107	0	0	0.707107	img_PX4_4__0_1760614148181019600.png
PX4_2	1760614147045	0	0	0.569113	3.57628e-07	0	0	-1	img_PX4_2__0_1760614148257568200.png
PX4_3	1760614147111	0	0	0.569113	0.707107	0	0	-0.707107	img_PX4_3__0_1760614148325065900.png
PX4_1	1760614147174	0	0	0.569113	1	0	0	0	img_PX4_1__0_1760614148387035800.png
PX4_4	1760614147243	0	0	0.569113	0.707107	0	0	0.707107	img_PX4_4__0_1760614148457133000.png
PX4_2	1760614147312	0	0	0.569113	3.57628e-07	0	0	-1	img_PX4_2__0_1760614148525321200.png
PX4_3	1760614147387	0	0	0.569113	0.707107	0	0	-0.707107	img_PX4_3__0_1760614148598735400.png
PX4_1	1760614147447	0	0	0.569113	1	0	0	0	img_PX4_1__0_1760614148659968300.png
PX4_4	1760614147531	0	0	0.569113	0.707107	0	0	0.707107	img_PX4_4__0_1760614148744160800.png
PX4_2	1760614147600	0	0	0.569113	3.57628e-07	0	0	-1	img_PX4_2__0_1760614148814505400.png
PX4_3	1760614147666	0	0	0.569113	0.707107	0	0	-0.707107	img_PX4_3__0_1760614148881580100.png
PX4_1	1760614147729	0	0	0.569113	1	0	0	0	img_PX4_1__0_1760614148945000800.png
PX4_4	1760614147804	0	0	0.569113	0.707107	0	0	0.707107	img_PX4_4__0_1760614149018657600.png
PX4_2	1760614147882	0	0	0.569113	3.57628e-07	0	0	-1	img_PX4_2__0_1760614149096206200.png
PX4_3	1760614147951	0	0	0.569113	0.707107	0	0	-0.707107	img_PX4_3__0_1760614149164235900.png
PX4_1	1760614148011	0	0	0.569113	1	0	0	0	img_PX4_1__0_1760614149226383300.png
PX4_4	1760614148080	0	0	0.569113	0.707107	0	0	0.707107	img_PX4_4__0_1760614149294802300.png
PX4_2	1760614148152	0	0	0.569113	3.57628e-07	0	0	-1	img_PX4_2__0_1760614149368294500.png
PX4_3	1760614148224	0	0	0.569113	0.707107	0	0	-0.707107	img_PX4_3__0_1760614149439388400.png
PX4_1	1760614148281	0	0	0.569113	1	0	0	0	img_PX4_1__0_1760614149497614800.png
PX4_4	1760614148350	0	0	0.569113	0.707107	0	0	0.707107	img_PX4_4__0_1760614149566883200.png
PX4_2	1760614148419	0	0	0.569113	3.57628e-07	0	0	-1	img_PX4_2__0_1760614149635730000.png
PX4_3	1760614148488	0	0	0.569113	0.707107	0	0	-0.707107	img_PX4_3__0_1760614149704064500.png
PX4_1	1760614148548	0	0	0.569113	1	0	0	0	img_PX4_1__0_1760614149764005200.png
PX4_4	1760614148614	0	0	0.569113	0.707107	0	0	0.707107	img_PX4_4__0_1760614149831427400.png
PX4_2	1760614148680	0	0	0.569113	3.57628e-07	0	0	-1	img_PX4_2__0_1760614149897365100.png
PX4_3	1760614148749	0	0	0.569113	0.707107	0	0	-0.707107	img_PX4_3__0_1760614149965044000.png
PX4_1	1760614148809	0	0	0.569113	1	0	0	0	img_PX4_1__0_1760614150025522500.png
PX4_4	1760614148878	0	0	0.569113	0.707107	0	0	0.707107	img_PX4_4__0_1760614150094370000.png
PX4_2	1760614148941	0	0	0.569113	3.57628e-07	0	0	-1	img_PX4_2__0_1760614150160133600.png
PX4_3	1760614149007	0	0	0.569113	0.707107	0	0	-0.707107	img_PX4_3__0_1760614150226461100.png
PX4_1	1760614149067	0	0	0.569113	1	0	0	0	img_PX4_1__0_1760614150285185100.png
PX4_4	1760614149136	0	0	0.569113	0.707107	0	0	0.707107	img_PX4_4__0_1760614150355636700.png
PX4_2	1760614149208	0	0	0.569113	3.57628e-07	0	0	-1	img_PX4_2__0_1760614150426515800.png
PX4_3	1760614149256	0	0	0.569113	0.707107	0	0	-0.707107	img_PX4_3__0_1760614150476372300.png
PX4_1	1760614149310	0	0	0.569113	1	0	0	0	img_PX4_1__0_1760614150528674900.png
PX4_4	1760614149367	0	0	0.569113	0.707107	0	0	0.707107	img_PX4_4__0_1760614150587636900.png
PX4_2	1760614149439	0	0	0.569113	3.57628e-07	0	0	-1	img_PX4_2__0_1760614150658651100.png
PX4_3	1760614149505	0	0	0.569113	0.707107	0	0	-0.707107	img_PX4_3__0_1760614150724961100.png
PX4_1	1760614149559	0	0	0.569113	1	0	0	0	img_PX4_1__0_1760614150780020200.png
PX4_4	1760614149629	0	0	0.569113	0.707107	0	0	0.707107	img_PX4_4__0_1760614150848821300.png
PX4_2	1760614149698	0	0	0.569113	3.57628e-07	0	0	-1	img_PX4_2__0_1760614150917254500.png
PX4_3	1760614149770	0	0	0.569113	0.707107	0	0	-0.707107	img_PX4_3__0_1760614150989644400.png
PX4_1	1760614149836	0	0	0.569113	1	0	0	0	img_PX4_1__0_1760614151057205900.png
PX4_4	1760614149905	0	0	0.569113	0.707107	0	0	0.707107	img_PX4_4__0_1760614151123956500.png
PX4_2	1760614149953	0	0	0.569113	3.57628e-07	0	0	-1	img_PX4_2__0_1760614151174852100.png
PX4_3	1760614150025	0	0	0.569113	0.707107	0	0	-0.707107	img_PX4_3__0_1760614151243880400.png
PX4_1	1760614150085	0	0	0.569113	1	0	0	0	img_PX4_1__0_1760614151305559300.png
PX4_4	1760614150151	0	0	0.569113	0.707107	0	0	0.707107	img_PX4_4__0_1760614151372880600.png
PX4_2	1760614150220	0	0	0.569113	3.57628e-07	0	0	-1	img_PX4_2__0_1760614151442044400.png
PX4_3	1760614150286	0	0	0.569113	0.707107	0	0	-0.707107	img_PX4_3__0_1760614151506834400.png
PX4_1	1760614150343	0	0	0.569113	1	0	0	0	img_PX4_1__0_1760614151566869400.png
PX4_4	1760614150409	0	0	0.569113	0.707107	0	0	0.707107	img_PX4_4__0_1760614151632891900.png
PX4_2	1760614150478	0	0	0.569113	3.57628e-07	0	0	-1	img_PX4_2__0_1760614151699870600.png
PX4_3	1760614150553	0	0	0.569113	0.707107	0	0	-0.707107	img_PX4_3__0_1760614151775162800.png
PX4_1	1760614150607	0	0	0.569113	1	0	0	0	img_PX4_1__0_1760614151829455800.png
PX4_4	1760614150670	0	0	0.569113	0.707107	0	0	0.707107	img_PX4_4__0_1760614151895581100.png
PX4_2	1760614150739	0	0	0.569113	3.57628e-07	0	0	-1	img_PX4_2__0_1760614151962839600.png
PX4_3	1760614150811	0	0	0.569113	0.707107	0	0	-0.707107	img_PX4_3__0_1760614152035838400.png
PX4_1	1760614150868	0	0	0.569113	1	0	0	0	img_PX4_1__0_1760614152093739000.png
PX4_4	1760614150937	0	0	0.569113	0.707107	0	0	0.707107	img_PX4_4__0_1760614152161498100.png
PX4_2	1760614151006	0	0	0.569113	3.57628e-07	0	0	-1	img_PX4_2__0_1760614152230866100.png
PX4_3	1760614151072	0	0	0.569113	0.707107	0	0	-0.707107	img_PX4_3__0_1760614152297454900.png
PX4_1	1760614151135	0	0	0.569113	1	0	0	0	img_PX4_1__0_1760614152361884200.png
PX4_4	1760614151201	0	0	0.569113	0.707107	0	0	0.707107	img_PX4_4__0_1760614152428294700.png
PX4_2	1760614151267	0	0	0.569113	3.57628e-07	0	0	-1	img_PX4_2__0_1760614152493939000.png
PX4_3	1760614151339	0	0	0.569113	0.707107	0	0	-0.707107	img_PX4_3__0_1760614152565469200.png
PX4_1	1760614151399	0	0	0.569113	1	0	0	0	img_PX4_1__0_1760614152625618900.png
PX4_4	1760614151471	0	0	0.569113	0.707107	0	0	0.707107	img_PX4_4__0_1760614152697784100.png
PX4_2	1760614151546	0	0	0.569113	3.57628e-07	0	0	-1	img_PX4_2__0_1760614152772794600.png
PX4_3	1760614151609	0	0	0.569113	0.707107	0	0	-0.707107	img_PX4_3__0_1760614152837244600.png
PX4_1	1760614151669	0	0	0.569113	1	0	0	0	img_PX4_1__0_1760614152897955700.png
PX4_4	1760614151735	0	0	0.569113	0.707107	0	0	0.707107	img_PX4_4__0_1760614152963206600.png
PX4_2	1760614151807	0	0	0.569113	3.57628e-07	0	0	-1	img_PX4_2__0_1760614153036926200.png
PX4_3	1760614151873	0	0	0.569113	0.707107	0	0	-0.707107	img_PX4_3__0_1760614153103331300.png
PX4_1	1760614151933	0	0	0.569113	1	0	0	0	img_PX4_1__0_1760614153163317700.png
PX4_4	1760614152002	0	0	0.569113	0.707107	0	0	0.707107	img_PX4_4__0_1760614153234179400.png
PX4_2	1760614152074	0	0	0.569113	3.57628e-07	0	0	-1	img_PX4_2__0_1760614153303115800.png
PX4_3	1760614152146	0	0	0.569113	0.707107	0	0	-0.707107	img_PX4_3__0_1760614153375513800.png
PX4_1	1760614152203	0	0	0.569113	1	0	0	0	img_PX4_1__0_1760614153434632200.png
PX4_4	1760614152275	0	0	0.569113	0.707107	0	0	0.707107	img_PX4_4__0_1760614153507391400.png
PX4_2	1760614152347	0	0	0.569113	3.57628e-07	0	0	-1	img_PX4_2__0_1760614153579624400.png
PX4_3	1760614152416	0	0	0.569113	0.707107	0	0	-0.707107	img_PX4_3__0_1760614153646805700.png
PX4_1	1760614152476	0	0	0.569113	1	0	0	0	img_PX4_1__0_1760614153707427500.png
PX4_4	1760614152542	0	0	0.569113	0.707107	0	0	0.707107	img_PX4_4__0_1760614153775210200.png
PX4_2	1760614152614	0	0	0.569113	3.57628e-07	0	0	-1	img_PX4_2__0_1760614153844184400.png
PX4_3	1760614152680	0	0	0.569113	0.707107	0	0	-0.707107	img_PX4_3__0_1760614153911103300.png
PX4_1	1760614152737	0	0	0.569113	1	0	0	0	img_PX4_1__0_1760614153968245800.png
PX4_4	1760614152803	0	0	0.569113	0.707107	0	0	0.707107	img_PX4_4__0_1760614154036384200.png
PX4_2	1760614152878	0	0	0.569113	3.57628e-07	0	0	-1	img_PX4_2__0_1760614154111410900.png
PX4_3	1760614152926	0	0	0.569113	0.707107	0	0	-0.707107	img_PX4_3__0_1760614154159303400.png
PX4_1	1760614152983	0	0	0.569113	1	0	0	0	img_PX4_1__0_1760614154216208600.png
PX4_4	1760614153046	0	0	0.569113	0.707107	0	0	0.707107	img_PX4_4__0_1760614154281591100.png
PX4_2	1760614153109	0	0	0.569113	3.57628e-07	0	0	-1	img_PX4_2__0_1760614154342151000.png
PX4_3	1760614153175	0	0	0.569113	0.707107	0	0	-0.707107	img_PX4_3__0_1760614154408215500.png
PX4_1	1760614153238	0	0	0.569113	1	0	0	0	img_PX4_1__0_1760614154471725000.png
PX4_4	1760614153301	0	0	0.569113	0.707107	0	0	0.707107	img_PX4_4__0_1760614154537550900.png
PX4_2	1760614153367	0	0	0.569113	3.57628e-07	0	0	-1	img_PX4_2__0_1760614154602685200.png
PX4_3	1760614153436	0	0	0.569113	0.707107	0	0	-0.707107	img_PX4_3__0_1760614154671309100.png
PX4_1	1760614153496	0	0	0.569113	1	0	0	0	img_PX4_1__0_1760614154733052200.png
PX4_4	1760614153562	0	0	0.569113	0.707107	0	0	0.707107	img_PX4_4__0_1760614154797502600.png
PX4_2	1760614153631	0	0	0.569113	3.57628e-07	0	0	-1	img_PX4_2__0_1760614154866063600.png
PX4_3	1760614153700	0	0	0.569113	0.707107	0	0	-0.707107	img_PX4_3__0_1760614154934793700.png
PX4_1	1760614153760	0	0	0.569113	1	0	0	0	img_PX4_1__0_1760614154995976700.png
PX4_4	1760614153829	0	0	0.569113	0.707107	0	0	0.707107	img_PX4_4__0_1760614155067315400.png
PX4_2	1760614153901	0	0	0.569113	3.57628e-07	0	0	-1	img_PX4_2__0_1760614155137016300.png
PX4_3	1760614153967	0	0	0.569113	0.707107	0	0	-0.707107	img_PX4_3__0_1760614155202993500.png
PX4_1	1760614154024	0	0	0.569113	1	0	0	0	img_PX4_1__0_1760614155262942800.png
PX4_4	1760614154090	0	0	0.569113	0.707107	0	0	0.707107	img_PX4_4__0_1760614155327883600.png
PX4_2	1760614154159	0	0	0.569113	3.57628e-07	0	0	-1	img_PX4_2__0_1760614155397448500.png
PX4_3	1760614154225	0	0	0.569113	0.707107	0	0	-0.707107	img_PX4_3__0_1760614155464463500.png
PX4_1	1760614154291	0	0	0.569113	1	0	0	0	img_PX4_1__0_1760614155528478500.png
PX4_4	1760614154351	0	0	0.569113	0.707107	0	0	0.707107	img_PX4_4__0_1760614155590866300.png
PX4_2	1760614154420	0	0	0.569113	3.57628e-07	0	0	-1	img_PX4_2__0_1760614155659216300.png
PX4_3	1760614154486	0	0	0.569113	0.707107	0	0	-0.707107	img_PX4_3__0_1760614155726050600.png
PX4_1	1760614154549	0	0	0.569113	1	0	0	0	img_PX4_1__0_1760614155790333200.png
PX4_4	1760614154618	0	0	0.569113	0.707107	0	0	0.707107	img_PX4_4__0_1760614155858220000.png
PX4_2	1760614154696	0	0	0.569113	3.57628e-07	0	0	-1	img_PX4_2__0_1760614155937145400.png
PX4_3	1760614154765	0	0	0.569113	0.707107	0	0	-0.707107	img_PX4_3__0_1760614156007574100.png
PX4_1	1760614154831	0	0	0.569113	1	0	0	0	img_PX4_1__0_1760614156072189500.png
PX4_4	1760614154897	0	0	0.569113	0.707107	0	0	0.707107	img_PX4_4__0_1760614156140275000.png
PX4_2	1760614154963	0	0	0.569113	3.57628e-07	0	0	-1	img_PX4_2__0_1760614156207160100.png
PX4_3	1760614155029	0	0	0.569113	0.707107	0	0	-0.707107	img_PX4_3__0_1760614156271847900.png
PX4_1	1760614155089	0	0	0.569113	1	0	0	0	img_PX4_1__0_1760614156333402200.png
PX4_4	1760614155152	0	0	0.569113	0.707107	0	0	0.707107	img_PX4_4__0_1760614156396727000.png
PX4_2	1760614155203	0	0	0.569113	3.57628e-07	0	0	-1	img_PX4_2__0_1760614156447126400.png
PX4_3	1760614155257	0	0	0.569113	0.707107	0	0	-0.707107	img_PX4_3__0_1760614156499931400.png
PX4_1	1760614155302	0	0	0.569113	1	0	0	0	img_PX4_1__0_1760614156546718600.png
PX4_4	1760614155368	0	0	0.569113	0.707107	0	0	0.707107	img_PX4_4__0_1760614156613103300.png
PX4_2	1760614155434	0	0	0.569113	3.57628e-07	0	0	-1	img_PX4_2__0_1760614156679860800.png
PX4_3	1760614155503	0	0	0.569113	0.707107	0	0	-0.707107	img_PX4_3__0_1760614156747185100.png
PX4_1	1760614155560	0	0	0.569113	1	0	0	0	img_PX4_1__0_1760614156806238700.png
PX4_4	1760614155629	0	0	0.569113	0.707107	0	0	0.707107	img_PX4_4__0_1760614156876011000.png
PX4_2	1760614155698	0	0	0.569113	3.57628e-07	0	0	-1	img_PX4_2__0_1760614156945350600.png
PX4_3	1760614155764	0	0	0.569113	0.707107	0	0	-0.707107	img_PX4_3__0_1760614157010884400.png
PX4_1	1760614155824	0	0	0.569113	1	0	0	0	img_PX4_1__0_1760614157071147500.png
PX4_4	1760614155896	0	0	0.569113	0.707107	0	0	0.707107	img_PX4_4__0_1760614157143721300.png
PX4_2	1760614155965	0	0	0.569113	3.57628e-07	0	0	-1	img_PX4_2__0_1760614157213413600.png
PX4_3	1760614156034	0	0	0.569113	0.707107	0	0	-0.707107	img_PX4_3__0_1760614157281511700.png
PX4_1	1760614156094	0	0	0.569113	1	0	0	0	img_PX4_1__0_1760614157344100300.png
PX4_4	1760614156166	0	0	0.569113	0.707107	0	0	0.707107	img_PX4_4__0_1760614157416644600.png
PX4_2	1760614156235	0	0	0.569113	3.57628e-07	0	0	-1	img_PX4_2__0_1760614157485173500.png
PX4_3	1760614156304	0	0	0.569113	0.707107	0	0	-0.707107	img_PX4_3__0_1760614157552790000.png
PX4_1	1760614156361	0	0	0.569113	1	0	0	0	img_PX4_1__0_1760614157612511200.png
PX4_4	1760614156430	0	0	0.569113	0.707107	0	0	0.707107	img_PX4_4__0_1760614157681119400.png
PX4_2	1760614156496	0	0	0.569113	3.57628e-07	0	0	-1	img_PX4_2__0_1760614157746102000.png
PX4_3	1760614156568	0	0	0.569113	0.707107	0	0	-0.707107	img_PX4_3__0_1760614157818085700.png
PX4_1	1760614156625	0	0	0.569113	1	0	0	0	img_PX4_1__0_1760614157877132800.png
PX4_4	1760614156694	0	0	0.569113	0.707107	0	0	0.707107	img_PX4_4__0_1760614157945079100.png
PX4_2	1760614156760	0	0	0.569113	3.57628e-07	0	0	-1	img_PX4_2__0_1760614158013162900.png
PX4_3	1760614156832	0	0	0.569113	0.707107	0	0	-0.707107	img_PX4_3__0_1760614158081764800.png
PX4_1	1760614156889	0	0	0.569113	1	0	0	0	img_PX4_1__0_1760614158142211700.png
PX4_4	1760614156958	0	0	0.569113	0.707107	0	0	0.707107	img_PX4_4__0_1760614158210791300.png
PX4_2	1760614157030	0	0	0.569113	3.57628e-07	0	0	-1	img_PX4_2__0_1760614158283242100.png
PX4_3	1760614157102	0	0	0.569113	0.707107	0	0	-0.707107	img_PX4_3__0_1760614158350748600.png
PX4_1	1760614157159	0	0	0.569113	1	0	0	0	img_PX4_1__0_1760614158412798800.png
PX4_4	1760614157228	0	0	0.569113	0.707107	0	0	0.707107	img_PX4_4__0_1760614158480584300.png
PX4_2	1760614157297	0	0	0.569113	3.57628e-07	0	0	-1	img_PX4_2__0_1760614158549040300.png
PX4_3	1760614157366	0	0	0.569113	0.707107	0	0	-0.707107	img_PX4_3__0_1760614158618150300.png
PX4_1	1760614157423	0	0	0.569113	1	0	0	0	img_PX4_1__0_1760614158677549100.png
PX4_4	1760614157492	0	0	0.569113	0.707107	0	0	0.707107	img_PX4_4__0_1760614158745522700.png
PX4_2	1760614157561	0	0	0.569113	3.57628e-07	0	0	-1	img_PX4_2__0_1760614158814054100.png
PX4_3	1760614157636	0	0	0.569113	0.707107	0	0	-0.707107	img_PX4_3__0_1760614158889232800.png
PX4_1	1760614157699	0	0	0.569113	1	0	0	0	img_PX4_1__0_1760614158953986600.png
PX4_4	1760614157768	0	0	0.569113	0.707107	0	0	0.707107	img_PX4_4__0_1760614159023646300.png
PX4_2	1760614157846	0	0	0.569113	3.57628e-07	0	0	-1	img_PX4_2__0_1760614159100445700.png
PX4_3	1760614157921	0	0	0.569113	0.707107	0	0	-0.707107	img_PX4_3__0_1760614159175833700.png
PX4_1	1760614157981	0	0	0.569113	1	0	0	0	img_PX4_1__0_1760614159238668800.png
PX4_4	1760614158050	0	0	0.569113	0.707107	0	0	0.707107	img_PX4_4__0_1760614159305765000.png
PX4_2	1760614158116	0	0	0.569113	3.57628e-07	0	0	-1	img_PX4_2__0_1760614159373066900.png
PX4_3	1760614158182	0	0	0.569113	0.707107	0	0	-0.707107	img_PX4_3__0_1760614159438789200.png
PX4_1	1760614158242	0	0	0.569113	1	0	0	0	img_PX4_1__0_1760614159499742700.png
PX4_4	1760614158308	0	0	0.569113	0.707107	0	0	0.707107	img_PX4_4__0_1760614159566010300.png
PX4_2	1760614158377	0	0	0.569113	3.57628e-07	0	0	-1	img_PX4_2__0_1760614159634917300.png
PX4_3	1760614158446	0	0	0.569113	0.707107	0	0	-0.707107	img_PX4_3__0_1760614159699637900.png
PX4_1	1760614158503	0	0	0.569113	1	0	0	0	img_PX4_1__0_1760614159760365700.png
PX4_4	1760614158569	0	0	0.569113	0.707107	0	0	0.707107	img_PX4_4__0_1760614159825852500.png
PX4_2	1760614158641	0	0	0.569113	3.57628e-07	0	0	-1	img_PX4_2__0_1760614159898264000.png
PX4_3	1760614158716	0	0	0.569113	0.707107	0	0	-0.707107	img_PX4_3__0_1760614159972312300.png
PX4_1	1760614158776	0	0	0.569113	1	0	0	0	img_PX4_1__0_1760614160034806600.png
PX4_4	1760614158827	0	0	0.569113	0.707107	0	0	0.707107	img_PX4_4__0_1760614160084608900.png
PX4_2	1760614158878	0	0	0.569113	3.57628e-07	0	0	-1	img_PX4_2__0_1760614160135231100.png
PX4_3	1760614158947	0	0	0.569113	0.707107	0	0	-0.707107	img_PX4_3__0_1760614160203435200.png
PX4_1	1760614159010	0	0	0.569113	1	0	0	0	img_PX4_1__0_1760614160267225800.png
PX4_4	1760614159079	0	0	0.569113	0.707107	0	0	0.707107	img_PX4_4__0_1760614160338805600.png
PX4_2	1760614159154	0	0	0.569113	3.57628e-07	0	0	-1	img_PX4_2__0_1760614160413618700.png
PX4_3	1760614159217	0	0	0.569113	0.707107	0	0	-0.707107	img_PX4_3__0_1760614160475116800.png
PX4_1	1760614159274	0	0	0.569113	1	0	0	0	img_PX4_1__0_1760614160533225400.png
PX4_4	1760614159343	0	0	0.569113	0.707107	0	0	0.707107	img_PX4_4__0_1760614160603539000.png
PX4_2	1760614159397	0	0	0.569113	3.57628e-07	0	0	-1	img_PX4_2__0_1760614160657042800.png
PX4_3	1760614159472	0	0	0.569113	0.707107	0	0	-0.707107	img_PX4_3__0_1760614160731498400.png
PX4_1	1760614159532	0	0	0.569113	1	0	0	0	img_PX4_1__0_1760614160792093200.png
PX4_4	1760614159589	0	0	0.569113	0.707107	0	0	0.707107	img_PX4_4__0_1760614160851949600.png
PX4_2	1760614159661	0	0	0.569113	3.57628e-07	0	0	-1	img_PX4_2__0_1760614160922456400.png
PX4_3	1760614159739	0	0	0.569113	0.707107	0	0	-0.707107	img_PX4_3__0_1760614161000655100.png
PX4_1	1760614159799	0	0	0.569113	1	0	0	0	img_PX4_1__0_1760614161060823100.png
PX4_4	1760614159865	0	0	0.569113	0.707107	0	0	0.707107	img_PX4_4__0_1760614161128129900.png
PX4_2	1760614159946	0	0	0.569113	3.57628e-07	0	0	-1	img_PX4_2__0_1760614161207540900.png
PX4_3	1760614160018	0	0	0.569113	0.707107	0	0	-0.707107	img_PX4_3__0_1760614161280647200.png
PX4_1	1760614160078	0	0	0.569113	1	0	0	0	img_PX4_1__0_1760614161340451800.png
PX4_4	1760614160144	0	0	0.569113	0.707107	0	0	0.707107	img_PX4_4__0_1760614161405931600.png
PX4_2	1760614160213	0	0	0.569113	3.57628e-07	0	0	-1	img_PX4_2__0_1760614161475940300.png
PX4_3	1760614160279	0	0	0.569113	0.707107	0	0	-0.707107	img_PX4_3__0_1760614161542802300.png
PX4_1	1760614160336	0	0	0.569113	1	0	0	0	img_PX4_1__0_1760614161601166600.png
PX4_4	1760614160402	0	0	0.569113	0.707107	0	0	0.707107	img_PX4_4__0_1760614161667640800.png
PX4_2	1760614160471	0	0	0.569113	3.57628e-07	0	0	-1	img_PX4_2__0_1760614161734687200.png
PX4_3	1760614160534	0	0	0.569113	0.707107	0	0	-0.707107	img_PX4_3__0_1760614161799245600.png
PX4_1	1760614160591	0	0	0.569113	1	0	0	0	img_PX4_1__0_1760614161855508500.png
PX4_4	1760614160657	0	0	0.569113	0.707107	0	0	0.707107	img_PX4_4__0_1760614161922403800.png
PX4_2	1760614160726	0	0	0.569113	3.57628e-07	0	0	-1	img_PX4_2__0_1760614161989938800.png
PX4_3	1760614160792	0	0	0.569113	0.707107	0	0	-0.707107	img_PX4_3__0_1760614162056350400.png
PX4_1	1760614160855	0	0	0.569113	1	0	0	0	img_PX4_1__0_1760614162120449000.png
PX4_4	1760614160921	0	0	0.569113	0.707107	0	0	0.707107	img_PX4_4__0_1760614162188241000.png
PX4_2	1760614160993	0	0	0.569113	3.57628e-07	0	0	-1	img_PX4_2__0_1760614162258393600.png
PX4_3	1760614161059	0	0	0.569113	0.707107	0	0	-0.707107	img_PX4_3__0_1760614162324225100.png
PX4_1	1760614161116	0	0	0.569113	1	0	0	0	img_PX4_1__0_1760614162383054900.png
PX4_4	1760614161182	0	0	0.569113	0.707107	0	0	0.707107	img_PX4_4__0_1760614162449095700.png
PX4_2	1760614161254	0	0	0.569113	3.57628e-07	0	0	-1	img_PX4_2__0_1760614162520538100.png
PX4_3	1760614161320	0	0	0.569113	0.707107	0	0	-0.707107	img_PX4_3__0_1760614162586072000.png
PX4_1	1760614161374	0	0	0.569113	1	0	0	0	img_PX4_1__0_1760614162640710000.png
PX4_4	1760614161440	0	0	0.569113	0.707107	0	0	0.707107	img_PX4_4__0_1760614162706649300.png
PX4_2	1760614161509	0	0	0.569113	3.57628e-07	0	0	-1	img_PX4_2__0_1760614162775063000.png
PX4_3	1760614161575	0	0	0.569113	0.707107	0	0	-0.707107	img_PX4_3__0_1760614162841234900.png
PX4_1	1760614161629	0	0	0.569113	1	0	0	0	img_PX4_1__0_1760614162896713000.png
PX4_4	1760614161692	0	0	0.569113	0.707107	0	0	0.707107	img_PX4_4__0_1760614162960736200.png
PX4_2	1760614161758	0	0	0.569113	3.57628e-07	0	0	-1	img_PX4_2__0_1760614163028111100.png
PX4_3	1760614161836	0	0	0.569113	0.707107	0	0	-0.707107	img_PX4_3__0_1760614163103864700.png
PX4_1	1760614161899	0	0	0.569113	1	0	0	0	img_PX4_1__0_1760614163168474900.png
PX4_4	1760614161971	0	0	0.569113	0.707107	0	0	0.707107	img_PX4_4__0_1760614163241310300.png
PX4_2	1760614162046	0	0	0.569113	3.57628e-07	0	0	-1	img_PX4_2__0_1760614163317642200.png
PX4_3	1760614162118	0	0	0.569113	0.707107	0	0	-0.707107	img_PX4_3__0_1760614163387428400.png
PX4_1	1760614162178	0	0	0.569113	1	0	0	0	img_PX4_1__0_1760614163446440900.png
PX4_4	1760614162241	0	0	0.569113	0.707107	0	0	0.707107	img_PX4_4__0_1760614163510434800.png
PX4_2	1760614162307	0	0	0.569113	3.57628e-07	0	0	-1	img_PX4_2__0_1760614163577218300.png
PX4_3	1760614162373	0	0	0.569113	0.707107	0	0	-0.707107	img_PX4_3__0_1760614163643840400.png
PX4_1	1760614162433	0	0	0.569113	1	0	0	0	img_PX4_1__0_1760614163704214200.png
PX4_4	1760614162496	0	0	0.569113	0.707107	0	0	0.707107	img_PX4_4__0_1760614163769191600.png
PX4_2	1760614162571	0	0	0.569113	3.57628e-07	0	0	-1	img_PX4_2__0_1760614163842956900.png
PX4_3	1760614162634	0	0	0.569113	0.707107	0	0	-0.707107	img_PX4_3__0_1760614163907780900.png
PX4_1	1760614162694	0	0	0.569113	1	0	0	0	img_PX4_1__0_1760614163967599400.png
PX4_4	1760614162763	0	0	0.569113	0.707107	0	0	0.707107	img_PX4_4__0_1760614164035874400.png
PX4_2	1760614162832	0	0	0.569113	3.57628e-07	0	0	-1	img_PX4_2__0_1760614164104896000.png
PX4_3	1760614162901	0	0	0.569113	0.707107	0	0	-0.707107	img_PX4_3__0_1760614164174414600.png
PX4_1	1760614162961	0	0	0.569113	1	0	0	0	img_PX4_1__0_1760614164235940700.png
PX4_4	1760614163030	0	0	0.569113	0.707107	0	0	0.707107	img_PX4_4__0_1760614164304842600.png
PX4_2	1760614163099	0	0	0.569113	3.57628e-07	0	0	-1	img_PX4_2__0_1760614164374144600.png
PX4_3	1760614163165	0	0	0.569113	0.707107	0	0	-0.707107	img_PX4_3__0_1760614164437466300.png
PX4_1	1760614163222	0	0	0.569113	1	0	0	0	img_PX4_1__0_1760614164498290600.png
PX4_4	1760614163288	0	0	0.569113	0.707107	0	0	0.707107	img_PX4_4__0_1760614164563952300.png
PX4_2	1760614163351	0	0	0.569113	3.57628e-07	0	0	-1	img_PX4_2__0_1760614164627190500.png
PX4_3	1760614163423	0	0	0.569113	0.707107	0	0	-0.707107	img_PX4_3__0_1760614164694934700.png
PX4_1	1760614163480	0	0	0.569113	1	0	0	0	img_PX4_1__0_1760614164754631600.png
PX4_4	1760614163546	0	0	0.569113	0.707107	0	0	0.707107	img_PX4_4__0_1760614164819831100.png
PX4_2	1760614163609	0	0	0.569113	3.57628e-07	0	0	-1	img_PX4_2__0_1760614164883642500.png
PX4_3	1760614163678	0	0	0.569113	0.707107	0	0	-0.707107	img_PX4_3__0_1760614164950205800.png
PX4_1	1760614163732	0	0	0.569113	1	0	0	0	img_PX4_1__0_1760614165008185600.png
PX4_4	1760614163798	0	0	0.569113	0.707107	0	0	0.707107	img_PX4_4__0_1760614165073284200.png
PX4_2	1760614163864	0	0	0.569113	3.57628e-07	0	0	-1	img_PX4_2__0_1760614165139100000.png
PX4_3	1760614163936	0	0	0.569113	0.707107	0	0	-0.707107	img_PX4_3__0_1760614165209720800.png
PX4_1	1760614163996	0	0	0.569113	1	0	0	0	img_PX4_1__0_1760614165270745900.png
PX4_4	1760614164065	0	0	0.569113	0.707107	0	0	0.707107	img_PX4_4__0_1760614165340586500.png
PX4_2	1760614164128	0	0	0.569113	3.57628e-07	0	0	-1	img_PX4_2__0_1760614165405319300.png
PX4_3	1760614164179	0	0	0.569113	0.707107	0	0	-0.707107	img_PX4_3__0_1760614165456215100.png
PX4_1	1760614164239	0	0	0.569113	1	0	0	0	img_PX4_1__0_1760614165515485300.png
PX4_4	1760614164305	0	0	0.569113	0.707107	0	0	0.707107	img_PX4_4__0_1760614165583167400.png
PX4_2	1760614164368	0	0	0.569113	3.57628e-07	0	0	-1	img_PX4_2__0_1760614165646150700.png
PX4_3	1760614164443	0	0	0.569113	0.707107	0	0	-0.707107	img_PX4_3__0_1760614165718959600.png
PX4_1	1760614164500	0	0	0.569113	1	0	0	0	img_PX4_1__0_1760614165777077100.png
PX4_4	1760614164566	0	0	0.569113	0.707107	0	0	0.707107	img_PX4_4__0_1760614165843043100.png
PX4_2	1760614164635	0	0	0.569113	3.57628e-07	0	0	-1	img_PX4_2__0_1760614165912750700.png
PX4_3	1760614164698	0	0	0.569113	0.707107	0	0	-0.707107	img_PX4_3__0_1760614165976617300.png
PX4_1	1760614164755	0	0	0.569113	1	0	0	0	img_PX4_1__0_1760614166034348300.png
PX4_4	1760614164824	0	0	0.569113	0.707107	0	0	0.707107	img_PX4_4__0_1760614166103200100.png
PX4_2	1760614164896	0	0	0.569113	3.57628e-07	0	0	-1	img_PX4_2__0_1760614166175716700.png
PX4_3	1760614164962	0	0	0.569113	0.707107	0	0	-0.707107	img_PX4_3__0_1760614166240901200.png
PX4_1	1760614165019	0	0	0.569113	1	0	0	0	img_PX4_1__0_1760614166299703300.png
PX4_4	1760614165091	0	0	0.569113	0.707107	0	0	0.707107	img_PX4_4__0_1760614166369933300.png
PX4_2	1760614165157	0	0	0.569113	3.57628e-07	0	0	-1	img_PX4_2__0_1760614166438685900.png
PX4_3	1760614165226	0	0	0.569113	0.707107	0	0	-0.707107	img_PX4_3__0_1760614166505742400.png
PX4_1	1760614165286	0	0	0.569113	1	0	0	0	img_PX4_1__0_1760614166568353300.png
PX4_4	1760614165352	0	0	0.569113	0.707107	0	0	0.707107	img_PX4_4__0_1760614166633194700.png
PX4_2	1760614165421	0	0	0.569113	3.57628e-07	0	0	-1	img_PX4_2__0_1760614166702054500.png
PX4_3	1760614165487	0	0	0.569113	0.707107	0	0	-0.707107	img_PX4_3__0_1760614166766938100.png
PX4_1	1760614165547	0	0	0.569113	1	0	0	0	img_PX4_1__0_1760614166827874900.png
PX4_4	1760614165610	0	0	0.569113	0.707107	0	0	0.707107	img_PX4_4__0_1760614166892553300.png
PX4_2	1760614165676	0	0	0.569113	3.57628e-07	0	0	-1	img_PX4_2__0_1760614166956637700.png
PX4_3	1760614165739	0	0	0.569113	0.707107	0	0	-0.707107	img_PX4_3__0_1760614167021548500.png
PX4_1	1760614165802	0	0	0.569113	1	0	0	0	img_PX4_1__0_1760614167082704400.png
PX4_4	1760614165847	0	0	0.569113	0.707107	0	0	0.707107	img_PX4_4__0_1760614167128923300.png
PX4_2	1760614165916	0	0	0.569113	3.57628e-07	0	0	-1	img_PX4_2__0_1760614167200088300.png
PX4_3	1760614165973	0	0	0.569113	0.707107	0	0	-0.707107	img_PX4_3__0_1760614167255670700.png
PX4_1	1760614166027	0	0	0.569113	1	0	0	0	img_PX4_1__0_1760614167310561200.png
PX4_4	1760614166099	0	0	0.569113	0.707107	0	0	0.707107	img_PX4_4__0_1760614167382887600.png
PX4_2	1760614166168	0	0	0.569113	3.57628e-07	0	0	-1	img_PX4_2__0_1760614167451425300.png
PX4_3	1760614166234	0	0	0.569113	0.707107	0	0	-0.707107	img_PX4_3__0_1760614167515378300.png
PX4_1	1760614166291	0	0	0.569113	1	0	0	0	img_PX4_1__0_1760614167574461400.png
PX4_4	1760614166357	0	0	0.569113	0.707107	0	0	0.707107	img_PX4_4__0_1760614167638839900.png
PX4_2	1760614166405	0	0	0.569113	3.57628e-07	0	0	-1	img_PX4_2__0_1760614167688901300.png
PX4_3	1760614166471	0	0	0.569113	0.707107	0	0	-0.707107	img_PX4_3__0_1760614167754573400.png
PX4_1	1760614166516	0	0	0.569113	1	0	0	0	img_PX4_1__0_1760614167800436900.png
PX4_4	1760614166588	0	0	0.569113	0.707107	0	0	0.707107	img_PX4_4__0_1760614167871428500.png
PX4_2	1760614166657	0	0	0.569113	3.57628e-07	0	0	-1	img_PX4_2__0_1760614167942516100.png
PX4_3	1760614166729	0	0	0.569113	0.707107	0	0	-0.707107	img_PX4_3__0_1760614168012122200.png
PX4_1	1760614166789	0	0	0.569113	1	0	0	0	img_PX4_1__0_1760614168075643100.png
PX4_4	1760614166858	0	0	0.569113	0.707107	0	0	0.707107	img_PX4_4__0_1760614168145467900.png
PX4_2	1760614166927	0	0	0.569113	3.57628e-07	0	0	-1	img_PX4_2__0_1760614168213239300.png
PX4_3	1760614166996	0	0	0.569113	0.707107	0	0	-0.707107	img_PX4_3__0_1760614168280513300.png
PX4_1	1760614167050	0	0	0.569113	1	0	0	0	img_PX4_1__0_1760614168336724400.png
PX4_4	1760614167116	0	0	0.569113	0.707107	0	0	0.707107	img_PX4_4__0_1760614168402585800.png
PX4_2	1760614167188	0	0	0.569113	3.57628e-07	0	0	-1	img_PX4_2__0_1760614168473255200.png
PX4_3	1760614167251	0	0	0.569113	0.707107	0	0	-0.707107	img_PX4_3__0_1760614168536336400.png
PX4_1	1760614167302	0	0	0.569113	1	0	0	0	img_PX4_1__0_1760614168588773900.png
PX4_4	1760614167362	0	0	0.569113	0.707107	0	0	0.707107	img_PX4_4__0_1760614168648578300.png
PX4_2	1760614167428	0	0	0.569113	3.57628e-07	0	0	-1	img_PX4_2__0_1760614168714952200.png
PX4_3	1760614167497	0	0	0.569113	0.707107	0	0	-0.707107	img_PX4_3__0_1760614168783588100.png
PX4_1	1760614167554	0	0	0.569113	1	0	0	0	img_PX4_1__0_1760614168841786100.png
PX4_4	1760614167620	0	0	0.569113	0.707107	0	0	0.707107	img_PX4_4__0_1760614168908185800.png
PX4_2	1760614167686	0	0	0.569113	3.57628e-07	0	0	-1	img_PX4_2__0_1760614168974508500.png
PX4_3	1760614167752	0	0	0.569113	0.707107	0	0	-0.707107	img_PX4_3__0_1760614169039897800.png
PX4_1	1760614167809	0	0	0.569113	1	0	0	0	img_PX4_1__0_1760614169099438100.png
PX4_4	1760614167878	0	0	0.569113	0.707107	0	0	0.707107	img_PX4_4__0_1760614169167248300.png
PX4_2	1760614167944	0	0	0.569113	3.57628e-07	0	0	-1	img_PX4_2__0_1760614169234143100.png
PX4_3	1760614168010	0	0	0.569113	0.707107	0	0	-0.707107	img_PX4_3__0_1760614169298965300.png
PX4_1	1760614168070	0	0	0.569113	1	0	0	0	img_PX4_1__0_1760614169359620600.png
PX4_4	1760614168139	0	0	0.569113	0.707107	0	0	0.707107	img_PX4_4__0_1760614169428266500.png
PX4_2	1760614168205	0	0	0.569113	3.57628e-07	0	0	-1	img_PX4_2__0_1760614169496167700.png
PX4_3	1760614168277	0	0	0.569113	0.707107	0	0	-0.707107	img_PX4_3__0_1760614169568813600.png
PX4_1	1760614168334	0	0	0.569113	1	0	0	0	img_PX4_1__0_1760614169625009800.png
PX4_4	1760614168397	0	0	0.569113	0.707107	0	0	0.707107	img_PX4_4__0_1760614169689775900.png
PX4_2	1760614168466	0	0	0.569113	3.57628e-07	0	0	-1	img_PX4_2__0_1760614169759199300.png
PX4_3	1760614168535	0	0	0.569113	0.707107	0	0	-0.707107	img_PX4_3__0_1760614169828463600.png
PX4_1	1760614168598	0	0	0.569113	1	0	0	0	img_PX4_1__0_1760614169892513200.png
PX4_4	1760614168670	0	0	0.569113	0.707107	0	0	0.707107	img_PX4_4__0_1760614169963174300.png
PX4_2	1760614168739	0	0	0.569113	3.57628e-07	0	0	-1	img_PX4_2__0_1760614170032117300.png
PX4_3	1760614168811	0	0	0.569113	0.707107	0	0	-0.707107	img_PX4_3__0_1760614170102176200.png
PX4_1	1760614168868	0	0	0.569113	1	0	0	0	img_PX4_1__0_1760614170161381900.png
PX4_4	1760614168937	0	0	0.569113	0.707107	0	0	0.707107	img_PX4_4__0_1760614170229925700.png
PX4_2	1760614169012	0	0	0.569113	3.57628e-07	0	0	-1	img_PX4_2__0_1760614170308665300.png
PX4_3	1760614169084	0	0	0.569113	0.707107	0	0	-0.707107	img_PX4_3__0_1760614170378813800.png
PX4_1	1760614169153	0	0	0.569113	1	0	0	0	img_PX4_1__0_1760614170448117500.png
PX4_4	1760614169228	0	0	0.569113	0.707107	0	0	0.707107	img_PX4_4__0_1760614170524967700.png
PX4_2	1760614169306	0	0	0.569113	3.57628e-07	0	0	-1	img_PX4_2__0_1760614170604371000.png
PX4_3	1760614169381	0	0	0.569113	0.707107	0	0	-0.707107	img_PX4_3__0_1760614170676920600.png
PX4_1	1760614169444	0	0	0.569113	1	0	0	0	img_PX4_1__0_1760614170740642700.png
PX4_4	1760614169522	0	0	0.569113	0.707107	0	0	0.707107	img_PX4_4__0_1760614170821039100.png
PX4_2	1760614169606	0	0	0.569113	3.57628e-07	0	0	-1	img_PX4_2__0_1760614170904478600.png
PX4_3	1760614169675	0	0	0.569113	0.707107	0	0	-0.707107	img_PX4_3__0_1760614170974255900.png
PX4_1	1760614169729	0	0	0.569113	1	0	0	0	img_PX4_1__0_1760614171028211700.png
PX4_4	1760614169804	0	0	0.569113	0.707107	0	0	0.707107	img_PX4_4__0_1760614171104050900.png
PX4_2	1760614169870	0	0	0.569113	3.57628e-07	0	0	-1	img_PX4_2__0_1760614171169803100.png
PX4_3	1760614169918	0	0	0.569113	0.707107	0	0	-0.707107	img_PX4_3__0_1760614171217765900.png
PX4_1	1760614169975	0	0	0.569113	1	0	0	0	img_PX4_1__0_1760614171275247600.png
PX4_4	1760614170041	0	0	0.569113	0.707107	0	0	0.707107	img_PX4_4__0_1760614171342860300.png
PX4_2	1760614170098	0	0	0.569113	3.57628e-07	0	0	-1	img_PX4_2__0_1760614171400252200.png
PX4_3	1760614170167	0	0	0.569113	0.707107	0	0	-0.707107	img_PX4_3__0_1760614171466681000.png
PX4_1	1760614170233	0	0	0.569113	1	0	0	0	img_PX4_1__0_1760614171532796200.png
PX4_4	1760614170299	0	0	0.569113	0.707107	0	0	0.707107	img_PX4_4__0_1760614171599340600.png
PX4_2	1760614170371	0	0	0.569113	3.57628e-07	0	0	-1	img_PX4_2__0_1760614171672542000.png
PX4_3	1760614170437	0	0	0.569113	0.707107	0	0	-0.707107	img_PX4_3__0_1760614171738027000.png
PX4_1	1760614170494	0	0	0.569113	1	0	0	0	img_PX4_1__0_1760614171796497800.png
PX4_4	1760614170566	0	0	0.569113	0.707107	0	0	0.707107	img_PX4_4__0_1760614171867678000.png
PX4_2	1760614170638	0	0	0.569113	3.57628e-07	0	0	-1	img_PX4_2__0_1760614171940385100.png
PX4_3	1760614170707	0	0	0.569113	0.707107	0	0	-0.707107	img_PX4_3__0_1760614172007072800.png
PX4_1	1760614170773	0	0	0.569113	1	0	0	0	img_PX4_1__0_1760614172075036000.png
PX4_4	1760614170842	0	0	0.569113	0.707107	0	0	0.707107	img_PX4_4__0_1760614172144652200.png
PX4_2	1760614170917	0	0	0.569113	3.57628e-07	0	0	-1	img_PX4_2__0_1760614172218139500.png
PX4_3	1760614170989	0	0	0.569113	0.707107	0	0	-0.707107	img_PX4_3__0_1760614172289672700.png
PX4_1	1760614171049	0	0	0.569113	1	0	0	0	img_PX4_1__0_1760614172352712200.png
PX4_4	1760614171115	0	0	0.569113	0.707107	0	0	0.707107	img_PX4_4__0_1760614172418487800.png
PX4_2	1760614171187	0	0	0.569113	3.57628e-07	0	0	-1	img_PX4_2__0_1760614172489779700.png
PX4_3	1760614171253	0	0	0.569113	0.707107	0	0	-0.707107	img_PX4_3__0_1760614172554198900.png
PX4_1	1760614171313	0	0	0.569113	1	0	0	0	img_PX4_1__0_1760614172617568400.png
PX4_4	1760614171379	0	0	0.569113	0.707107	0	0	0.707107	img_PX4_4__0_1760614172683817000.png
PX4_2	1760614171451	0	0	0.569113	3.57628e-07	0	0	-1	img_PX4_2__0_1760614172755309500.png
PX4_3	1760614171523	0	0	0.569113	0.707107	0	0	-0.707107	img_PX4_3__0_1760614172825016100.png
PX4_1	1760614171583	0	0	0.569113	1	0	0	0	img_PX4_1__0_1760614172886011100.png
PX4_4	1760614171649	0	0	0.569113	0.707107	0	0	0.707107	img_PX4_4__0_1760614172953046500.png
PX4_2	1760614171721	0	0	0.569113	3.57628e-07	0	0	-1	img_PX4_2__0_1760614173026139500.png
PX4_3	1760614171790	0	0	0.569113	0.707107	0	0	-0.707107	img_PX4_3__0_1760614173094627300.png
PX4_1	1760614171850	0	0	0.569113	1	0	0	0	img_PX4_1__0_1760614173156713800.png
PX4_4	1760614171919	0	0	0.569113	0.707107	0	0	0.707107	img_PX4_4__0_1760614173223935800.png
PX4_2	1760614171985	0	0	0.569113	3.57628e-07	0	0	-1	img_PX4_2__0_1760614173291407500.png
PX4_3	1760614172054	0	0	0.569113	0.707107	0	0	-0.707107	img_PX4_3__0_1760614173361024900.png
PX4_1	1760614172117	0	0	0.569113	1	0	0	0	img_PX4_1__0_1760614173424778400.png
PX4_4	1760614172189	0	0	0.569113	0.707107	0	0	0.707107	img_PX4_4__0_1760614173497086900.png
PX4_2	1760614172261	0	0	0.569113	3.57628e-07	0	0	-1	img_PX4_2__0_1760614173569298700.png
PX4_3	1760614172333	0	0	0.569113	0.707107	0	0	-0.707107	img_PX4_3__0_1760614173640765400.png
PX4_1	1760614172396	0	0	0.569113	1	0	0	0	img_PX4_1__0_1760614173704992100.png
PX4_4	1760614172465	0	0	0.569113	0.707107	0	0	0.707107	img_PX4_4__0_1760614173773531300.png
PX4_2	1760614172540	0	0	0.569113	3.57628e-07	0	0	-1	img_PX4_2__0_1760614173848241200.png
PX4_3	1760614172609	0	0	0.569113	0.707107	0	0	-0.707107	img_PX4_3__0_1760614173919046700.png
PX4_1	1760614172669	0	0	0.569113	1	0	0	0	img_PX4_1__0_1760614173979150800.png
PX4_4	1760614172741	0	0	0.569113	0.707107	0	0	0.707107	img_PX4_4__0_1760614174051778200.png
PX4_2	1760614172810	0	0	0.569113	3.57628e-07	0	0	-1	img_PX4_2__0_1760614174120623100.png
PX4_3	1760614172879	0	0	0.569113	0.707107	0	0	-0.707107	img_PX4_3__0_1760614174187495000.png
PX4_1	1760614172942	0	0	0.569113	1	0	0	0	img_PX4_1__0_1760614174252869400.png
PX4_4	1760614173011	0	0	0.569113	0.707107	0	0	0.707107	img_PX4_4__0_1760614174323247800.png
PX4_2	1760614173092	0	0	0.569113	3.57628e-07	0	0	-1	img_PX4_2__0_1760614174402086600.png
PX4_3	1760614173161	0	0	0.569113	0.707107	0	0	-0.707107	img_PX4_3__0_1760614174471841100.png
PX4_1	1760614173227	0	0	0.569113	1	0	0	0	img_PX4_1__0_1760614174537486200.png
PX4_4	1760614173293	0	0	0.569113	0.707107	0	0	0.707107	img_PX4_4__0_1760614174605862700.png
PX4_2	1760614173368	0	0	0.569113	3.57628e-07	0	0	-1	img_PX4_2__0_1760614174678402900.png
PX4_3	1760614173434	0	0	0.569113	0.707107	0	0	-0.707107	img_PX4_3__0_1760614174745175300.png
PX4_1	1760614173500	0	0	0.569113	1	0	0	0	img_PX4_1__0_1760614174810577000.png
PX4_4	1760614173572	0	0	0.569113	0.707107	0	0	0.707107	img_PX4_4__0_1760614174884278700.png
PX4_2	1760614173644	0	0	0.569113	3.57628e-07	0	0	-1	img_PX4_2__0_1760614174957955900.png
PX4_3	1760614173713	0	0	0.569113	0.707107	0	0	-0.707107	img_PX4_3__0_1760614175025579600.png
PX4_1	1760614173785	0	0	0.569113	1	0	0	0	img_PX4_1__0_1760614175098320800.png
PX4_4	1760614173860	0	0	0.569113	0.707107	0	0	0.707107	img_PX4_4__0_1760614175174034700.png
PX4_2	1760614173935	0	0	0.569113	3.57628e-07	0	0	-1	img_PX4_2__0_1760614175250074400.png
PX4_3	1760614174016	0	0	0.569113	0.707107	0	0	-0.707107	img_PX4_3__0_1760614175328915400.png
PX4_1	1760614174079	0	0	0.569113	1	0	0	0	img_PX4_1__0_1760614175393222300.png
PX4_4	1760614174145	0	0	0.569113	0.707107	0	0	0.707107	img_PX4_4__0_1760614175460849400.png
PX4_2	1760614174217	0	0	0.569113	3.57628e-07	0	0	-1	img_PX4_2__0_1760614175532102200.png
PX4_3	1760614174283	0	0	0.569113	0.707107	0	0	-0.707107	img_PX4_3__0_1760614175598695100.png
PX4_1	1760614174343	0	0	0.569113	1	0	0	0	img_PX4_1__0_1760614175659730600.png
PX4_4	1760614174406	0	0	0.569113	0.707107	0	0	0.707107	img_PX4_4__0_1760614175723402800.png
PX4_2	1760614174475	0	0	0.569113	3.57628e-07	0	0	-1	img_PX4_2__0_1760614175791422800.png
PX4_3	1760614174547	0	0	0.569113	0.707107	0	0	-0.707107	img_PX4_3__0_1760614175864037500.png
PX4_1	1760614174619	0	0	0.569113	1	0	0	0	img_PX4_1__0_1760614175935091600.png
PX4_4	1760614174688	0	0	0.569113	0.707107	0	0	0.707107	img_PX4_4__0_1760614176005806900.png
PX4_2	1760614174763	0	0	0.569113	3.57628e-07	0	0	-1	img_PX4_2__0_1760614176080148300.png
PX4_3	1760614174835	0	0	0.569113	0.707107	0	0	-0.707107	img_PX4_3__0_1760614176151722600.png
PX4_1	1760614174895	0	0	0.569113	1	0	0	0	img_PX4_1__0_1760614176214346700.png
PX4_4	1760614174967	0	0	0.569113	0.707107	0	0	0.707107	img_PX4_4__0_1760614176287226200.png
PX4_2	1760614175039	0	0	0.569113	3.57628e-07	0	0	-1	img_PX4_2__0_1760614176359903300.png
PX4_3	1760614175111	0	0	0.569113	0.707107	0	0	-0.707107	img_PX4_3__0_1760614176430483500.png
PX4_1	1760614175174	0	0	0.569113	1	0	0	0	img_PX4_1__0_1760614176494044900.png
PX4_4	1760614175243	0	0	0.569113	0.707107	0	0	0.707107	img_PX4_4__0_1760614176563887400.png
PX4_2	1760614175312	0	0	0.569113	3.57628e-07	0	0	-1	img_PX4_2__0_1760614176632422500.png
PX4_3	1760614175378	0	0	0.569113	0.707107	0	0	-0.707107	img_PX4_3__0_1760614176698166500.png
PX4_1	1760614175435	0	0	0.569113	1	0	0	0	img_PX4_1__0_1760614176755945400.png
PX4_4	1760614175513	0	0	0.569113	0.707107	0	0	0.707107	img_PX4_4__0_1760614176832599000.png
PX4_2	1760614175582	0	0	0.569113	3.57628e-07	0	0	-1	img_PX4_2__0_1760614176903159000.png
PX4_3	1760614175651	0	0	0.569113	0.707107	0	0	-0.707107	img_PX4_3__0_1760614176972537300.png
PX4_1	1760614175714	0	0	0.569113	1	0	0	0	img_PX4_1__0_1760614177037953600.png
PX4_4	1760614175783	0	0	0.569113	0.707107	0	0	0.707107	img_PX4_4__0_1760614177105938700.png
PX4_2	1760614175852	0	0	0.569113	3.57628e-07	0	0	-1	img_PX4_2__0_1760614177176453300.png
PX4_3	1760614175921	0	0	0.569113	0.707107	0	0	-0.707107	img_PX4_3__0_1760614177244861700.png
PX4_1	1760614175981	0	0	0.569113	1	0	0	0	img_PX4_1__0_1760614177302687700.png
PX4_4	1760614176047	0	0	0.569113	0.707107	0	0	0.707107	img_PX4_4__0_1760614177371857100.png
PX4_2	1760614176122	0	0	0.569113	3.57628e-07	0	0	-1	img_PX4_2__0_1760614177445925000.png
PX4_3	1760614176188	0	0	0.569113	0.707107	0	0	-0.707107	img_PX4_3__0_1760614177512520800.png
PX4_1	1760614176257	0	0	0.569113	1	0	0	0	img_PX4_1__0_1760614177582944500.png
PX4_4	1760614176326	0	0	0.569113	0.707107	0	0	0.707107	img_PX4_4__0_1760614177650309700.png
PX4_2	1760614176401	0	0	0.569113	3.57628e-07	0	0	-1	img_PX4_2__0_1760614177726091000.png
PX4_3	1760614176473	0	0	0.569113	0.707107	0	0	-0.707107	img_PX4_3__0_1760614177800005600.png
PX4_1	1760614176539	0	0	0.569113	1	0	0	0	img_PX4_1__0_1760614177864864800.png
PX4_4	1760614176608	0	0	0.569113	0.707107	0	0	0.707107	img_PX4_4__0_1760614177934747000.png
PX4_2	1760614176680	0	0	0.569113	3.57628e-07	0	0	-1	img_PX4_2__0_1760614178006324000.png
PX4_3	1760614176755	0	0	0.569113	0.707107	0	0	-0.707107	img_PX4_3__0_1760614178082507300.png
PX4_1	1760614176824	0	0	0.569113	1	0	0	0	img_PX4_1__0_1760614178151467100.png
PX4_4	1760614176890	0	0	0.569113	0.707107	0	0	0.707107	img_PX4_4__0_1760614178219831400.png
PX4_2	1760614176962	0	0	0.569113	3.57628e-07	0	0	-1	img_PX4_2__0_1760614178291005800.png
PX4_3	1760614177043	0	0	0.569113	0.707107	0	0	-0.707107	img_PX4_3__0_1760614178369868600.png
PX4_1	1760614177109	0	0	0.569113	1	0	0	0	img_PX4_1__0_1760614178436879000.png
PX4_4	1760614177175	0	0	0.569113	0.707107	0	0	0.707107	img_PX4_4__0_1760614178504258000.png
PX4_2	1760614177244	0	0	0.569113	3.57628e-07	0	0	-1	img_PX4_2__0_1760614178573220700.png
PX4_3	1760614177319	0	0	0.569113	0.707107	0	0	-0.707107	img_PX4_3__0_1760614178649254200.png
PX4_1	1760614177385	0	0	0.569113	1	0	0	0	img_PX4_1__0_1760614178715476200.png
PX4_4	1760614177454	0	0	0.569113	0.707107	0	0	0.707107	img_PX4_4__0_1760614178784443400.png
PX4_2	1760614177523	0	0	0.569113	3.57628e-07	0	0	-1	img_PX4_2__0_1760614178853354500.png
PX4_3	1760614177586	0	0	0.569113	0.707107	0	0	-0.707107	img_PX4_3__0_1760614178917455500.png
PX4_1	1760614177646	0	0	0.569113	1	0	0	0	img_PX4_1__0_1760614178977677400.png
PX4_4	1760614177715	0	0	0.569113	0.707107	0	0	0.707107	img_PX4_4__0_1760614179047324300.png
PX4_2	1760614177790	0	0	0.569113	3.57628e-07	0	0	-1	img_PX4_2__0_1760614179120141300.png
PX4_3	1760614177856	0	0	0.569113	0.707107	0	0	-0.707107	img_PX4_3__0_1760614179185478700.png
PX4_1	1760614177919	0	0	0.569113	1	0	0	0	img_PX4_1__0_1760614179250205500.png
PX4_4	1760614177988	0	0	0.569113	0.707107	0	0	0.707107	img_PX4_4__0_1760614179320660900.png
PX4_2	1760614178066	0	0	0.569113	3.57628e-07	0	0	-1	img_PX4_2__0_1760614179397816000.png
PX4_3	1760614178135	0	0	0.569113	0.707107	0	0	-0.707107	img_PX4_3__0_1760614179469101700.png
PX4_1	1760614178198	0	0	0.569113	1	0	0	0	img_PX4_1__0_1760614179531482900.png
PX4_4	1760614178267	0	0	0.569113	0.707107	0	0	0.707107	img_PX4_4__0_1760614179599263200.png
PX4_2	1760614178336	0	0	0.569113	3.57628e-07	0	0	-1	img_PX4_2__0_1760614179668596700.png
PX4_3	1760614178405	0	0	0.569113	0.707107	0	0	-0.707107	img_PX4_3__0_1760614179737470000.png
PX4_1	1760614178447	0	0	0.569113	1	0	0	0	img_PX4_1__0_1760614179781575000.png
PX4_4	1760614178516	0	0	0.569113	0.707107	0	0	0.707107	img_PX4_4__0_1760614179849466100.png
PX4_2	1760614178585	0	0	0.569113	3.57628e-07	0	0	-1	img_PX4_2__0_1760614179919772700.png
PX4_3	1760614178645	0	0	0.569113	0.707107	0	0	-0.707107	img_PX4_3__0_1760614179978225800.png
PX4_1	1760614178711	0	0	0.569113	1	0	0	0	img_PX4_1__0_1760614180046595100.png
PX4_4	1760614178786	0	0	0.569113	0.707107	0	0	0.707107	img_PX4_4__0_1760614180120654600.png
PX4_2	1760614178861	0	0	0.569113	3.57628e-07	0	0	-1	img_PX4_2__0_1760614180197721200.png
PX4_3	1760614178933	0	0	0.569113	0.707107	0	0	-0.707107	img_PX4_3__0_1760614180268151600.png
PX4_1	1760614178996	0	0	0.569113	1	0	0	0	img_PX4_1__0_1760614180333059500.png
PX4_4	1760614179068	0	0	0.569113	0.707107	0	0	0.707107	img_PX4_4__0_1760614180404748000.png
PX4_2	1760614179146	0	0	0.569113	3.57628e-07	0	0	-1	img_PX4_2__0_1760614180482695200.png
PX4_3	1760614179218	0	0	0.569113	0.707107	0	0	-0.707107	img_PX4_3__0_1760614180554000200.png
PX4_1	1760614179281	0	0	0.569113	1	0	0	0	img_PX4_1__0_1760614180617501400.png
PX4_4	1760614179350	0	0	0.569113	0.707107	0	0	0.707107	img_PX4_4__0_1760614180687337500.png
PX4_2	1760614179419	0	0	0.569113	3.57628e-07	0	0	-1	img_PX4_2__0_1760614180754945900.png
PX4_3	1760614179482	0	0	0.569113	0.707107	0	0	-0.707107	img_PX4_3__0_1760614180818534700.png
PX4_1	1760614179542	0	0	0.569113	1	0	0	0	img_PX4_1__0_1760614180878923400.png
PX4_4	1760614179611	0	0	0.569113	0.707107	0	0	0.707107	img_PX4_4__0_1760614180948284400.png
PX4_2	1760614179680	0	0	0.569113	3.57628e-07	0	0	-1	img_PX4_2__0_1760614181017451700.png
PX4_3	1760614179752	0	0	0.569113	0.707107	0	0	-0.707107	img_PX4_3__0_1760614181088657500.png
PX4_1	1760614179812	0	0	0.569113	1	0	0	0	img_PX4_1__0_1760614181150692100.png
PX4_4	1760614179878	0	0	0.569113	0.707107	0	0	0.707107	img_PX4_4__0_1760614181217615800.png
PX4_2	1760614179944	0	0	0.569113	3.57628e-07	0	0	-1	img_PX4_2__0_1760614181283059000.png
PX4_3	1760614180010	0	0	0.569113	0.707107	0	0	-0.707107	img_PX4_3__0_1760614181347316200.png
PX4_1	1760614180064	0	0	0.569113	1	0	0	0	img_PX4_1__0_1760614181402338700.png
PX4_4	1760614180127	0	0	0.569113	0.707107	0	0	0.707107	img_PX4_4__0_1760614181466416000.png
PX4_2	1760614180190	0	0	0.569113	3.57628e-07	0	0	-1	img_PX4_2__0_1760614181530652000.png
PX4_3	1760614180253	0	0	0.569113	0.707107	0	0	-0.707107	img_PX4_3__0_1760614181591426300.png
PX4_1	1760614180313	0	0	0.569113	1	0	0	0	img_PX4_1__0_1760614181651685700.png
PX4_4	1760614180382	0	0	0.569113	0.707107	0	0	0.707107	img_PX4_4__0_1760614181721946300.png
PX4_2	1760614180451	0	0	0.569113	3.57628e-07	0	0	-1	img_PX4_2__0_1760614181794037000.png
PX4_3	1760614180520	0	0	0.569113	0.707107	0	0	-0.707107	img_PX4_3__0_1760614181861696700.png
PX4_1	1760614180583	0	0	0.569113	1	0	0	0	img_PX4_1__0_1760614181925134700.png
PX4_4	1760614180652	0	0	0.569113	0.707107	0	0	0.707107	img_PX4_4__0_1760614181994363400.png
PX4_2	1760614180724	0	0	0.569113	3.57628e-07	0	0	-1	img_PX4_2__0_1760614182065104500.png
PX4_3	1760614180796	0	0	0.569113	0.707107	0	0	-0.707107	img_PX4_3__0_1760614182137456500.png
PX4_1	1760614180859	0	0	0.569113	1	0	0	0	img_PX4_1__0_1760614182201335700.png
PX4_4	1760614180925	0	0	0.569113	0.707107	0	0	0.707107	img_PX4_4__0_1760614182266163600.png
PX4_2	1760614180991	0	0	0.569113	3.57628e-07	0	0	-1	img_PX4_2__0_1760614182334882900.png
PX4_3	1760614181063	0	0	0.569113	0.707107	0	0	-0.707107	img_PX4_3__0_1760614182404546300.png
PX4_1	1760614181123	0	0	0.569113	1	0	0	0	img_PX4_1__0_1760614182466072200.png
PX4_4	1760614181174	0	0	0.569113	0.707107	0	0	0.707107	img_PX4_4__0_1760614182516093200.png
PX4_2	1760614181255	0	0	0.569113	3.57628e-07	0	0	-1	img_PX4_2__0_1760614182601026300.png
PX4_3	1760614181321	0	0	0.569113	0.707107	0	0	-0.707107	img_PX4_3__0_1760614182667633000.png
PX4_1	1760614181381	0	0	0.569113	1	0	0	0	img_PX4_1__0_1760614182727967200.png
PX4_4	1760614181456	0	0	0.569113	0.707107	0	0	0.707107	img_PX4_4__0_1760614182803589300.png
PX4_2	1760614181525	0	0	0.569113	3.57628e-07	0	0	-1	img_PX4_2__0_1760614182873187500.png
PX4_3	1760614181594	0	0	0.569113	0.707107	0	0	-0.707107	img_PX4_3__0_1760614182939549200.png
PX4_1	1760614181648	0	0	0.569113	1	0	0	0	img_PX4_1__0_1760614182995540000.png
PX4_4	1760614181726	0	0	0.569113	0.707107	0	0	0.707107	img_PX4_4__0_1760614183072206800.png
PX4_2	1760614181798	0	0	0.569113	3.57628e-07	0	0	-1	img_PX4_2__0_1760614183144927000.png
PX4_3	1760614181864	0	0	0.569113	0.707107	0	0	-0.707107	img_PX4_3__0_1760614183211738400.png
PX4_1	1760614181930	0	0	0.569113	1	0	0	0	img_PX4_1__0_1760614183278322900.png
PX4_4	1760614181999	0	0	0.569113	0.707107	0	0	0.707107	img_PX4_4__0_1760614183345363900.png
PX4_2	1760614182092	0	0	0.569113	3.57628e-07	0	0	-1	img_PX4_2__0_1760614183441287100.png
PX4_3	1760614182158	0	0	0.569113	0.707107	0	0	-0.707107	img_PX4_3__0_1760614183505800100.png
PX4_1	1760614182212	0	0	0.569113	1	0	0	0	img_PX4_1__0_1760614183561086600.png
PX4_4	1760614182272	0	0	0.569113	0.707107	0	0	0.707107	img_PX4_4__0_1760614183621580200.png
PX4_2	1760614182341	0	0	0.569113	3.57628e-07	0	0	-1	img_PX4_2__0_1760614183689986700.png
PX4_3	1760614182416	0	0	0.569113	0.707107	0	0	-0.707107	img_PX4_3__0_1760614183764106600.png
PX4_1	1760614182473	0	0	0.569113	1	0	0	0	img_PX4_1__0_1760614183823671200.png
PX4_4	1760614182545	0	0	0.569113	0.707107	0	0	0.707107	img_PX4_4__0_1760614183893574600.png
PX4_2	1760614182617	0	0	0.569113	3.57628e-07	0	0	-1	img_PX4_2__0_1760614183968314600.png
PX4_3	1760614182689	0	0	0.569113	0.707107	0	0	-0.707107	img_PX4_3__0_1760614184038929300.png
PX4_1	1760614182749	0	0	0.569113	1	0	0	0	img_PX4_1__0_1760614184100377700.png
PX4_4	1760614182818	0	0	0.569113	0.707107	0	0	0.707107	img_PX4_4__0_1760614184168730500.png
PX4_2	1760614182890	0	0	0.569113	3.57628e-07	0	0	-1	img_PX4_2__0_1760614184240129300.png
PX4_3	1760614182956	0	0	0.569113	0.707107	0	0	-0.707107	img_PX4_3__0_1760614184306254600.png
PX4_1	1760614183022	0	0	0.569113	1	0	0	0	img_PX4_1__0_1760614184372786300.png
PX4_4	1760614183091	0	0	0.569113	0.707107	0	0	0.707107	img_PX4_4__0_1760614184442259400.png
PX4_2	1760614183166	0	0	0.569113	3.57628e-07	0	0	-1	img_PX4_2__0_1760614184518686100.png
PX4_3	1760614183235	0	0	0.569113	0.707107	0	0	-0.707107	img_PX4_3__0_1760614184589089900.png
PX4_1	1760614183298	0	0	0.569113	1	0	0	0	img_PX4_1__0_1760614184650873400.png
PX4_4	1760614183367	0	0	0.569113	0.707107	0	0	0.707107	img_PX4_4__0_1760614184719326300.png
PX4_2	1760614183436	0	0	0.569113	3.57628e-07	0	0	-1	img_PX4_2__0_1760614184788681300.png
PX4_3	1760614183505	0	0	0.569113	0.707107	0	0	-0.707107	img_PX4_3__0_1760614184858484600.png
PX4_1	1760614183574	0	0	0.569113	1	0	0	0	img_PX4_1__0_1760614184928187700.png
PX4_4	1760614183649	0	0	0.569113	0.707107	0	0	0.707107	img_PX4_4__0_1760614185002680200.png
PX4_2	1760614183727	0	0	0.569113	3.57628e-07	0	0	-1	img_PX4_2__0_1760614185082557600.png
PX4_3	1760614183802	0	0	0.569113	0.707107	0	0	-0.707107	img_PX4_3__0_1760614185155737600.png
PX4_1	1760614183868	0	0	0.569113	1	0	0	0	img_PX4_1__0_1760614185223359800.png
PX4_4	1760614183937	0	0	0.569113	0.707107	0	0	0.707107	img_PX4_4__0_1760614185293638400.png
PX4_2	1760614184015	0	0	0.569113	3.57628e-07	0	0	-1	img_PX4_2__0_1760614185370905900.png
PX4_3	1760614184093	0	0	0.569113	0.707107	0	0	-0.707107	img_PX4_3__0_1760614185447371200.png
PX4_1	1760614184150	0	0	0.569113	1	0	0	0	img_PX4_1__0_1760614185506615500.png
PX4_4	1760614184225	0	0	0.569113	0.707107	0	0	0.707107	img_PX4_4__0_1760614185579458300.png
PX4_2	1760614184294	0	0	0.569113	3.57628e-07	0	0	-1	img_PX4_2__0_1760614185650474000.png
PX4_3	1760614184369	0	0	0.569113	0.707107	0	0	-0.707107	img_PX4_3__0_1760614185724001000.png
PX4_1	1760614184432	0	0	0.569113	1	0	0	0	img_PX4_1__0_1760614185786016100.png
PX4_4	1760614184498	0	0	0.569113	0.707107	0	0	0.707107	img_PX4_4__0_1760614185854456100.png
PX4_2	1760614184564	0	0	0.569113	3.57628e-07	0	0	-1	img_PX4_2__0_1760614185921323500.png
PX4_3	1760614184633	0	0	0.569113	0.707107	0	0	-0.707107	img_PX4_3__0_1760614185988214900.png
PX4_1	1760614184693	0	0	0.569113	1	0	0	0	img_PX4_1__0_1760614186050339300.png
PX4_4	1760614184765	0	0	0.569113	0.707107	0	0	0.707107	img_PX4_4__0_1760614186121343400.png
PX4_2	1760614184834	0	0	0.569113	3.57628e-07	0	0	-1	img_PX4_2__0_1760614186191122300.png
PX4_3	1760614184900	0	0	0.569113	0.707107	0	0	-0.707107	img_PX4_3__0_1760614186255827000.png
PX4_1	1760614184960	0	0	0.569113	1	0	0	0	img_PX4_1__0_1760614186317944600.png
PX4_4	1760614185029	0	0	0.569113	0.707107	0	0	0.707107	img_PX4_4__0_1760614186386207800.png
PX4_2	1760614185098	0	0	0.569113	3.57628e-07	0	0	-1	img_PX4_2__0_1760614186457177400.png
PX4_3	1760614185167	0	0	0.569113	0.707107	0	0	-0.707107	img_PX4_3__0_1760614186524072000.png
PX4_1	1760614185221	0	0	0.569113	1	0	0	0	img_PX4_1__0_1760614186580614000.png
PX4_4	1760614185290	0	0	0.569113	0.707107	0	0	0.707107	img_PX4_4__0_1760614186647228800.png
PX4_2	1760614185359	0	0	0.569113	3.57628e-07	0	0	-1	img_PX4_2__0_1760614186718613700.png
PX4_3	1760614185428	0	0	0.569113	0.707107	0	0	-0.707107	img_PX4_3__0_1760614186787174000.png
PX4_1	1760614185488	0	0	0.569113	1	0	0	0	img_PX4_1__0_1760614186848723800.png
PX4_4	1760614185554	0	0	0.569113	0.707107	0	0	0.707107	img_PX4_4__0_1760614186914269500.png
PX4_2	1760614185626	0	0	0.569113	3.57628e-07	0	0	-1	img_PX4_2__0_1760614186985347600.png
PX4_3	1760614185695	0	0	0.569113	0.707107	0	0	-0.707107	img_PX4_3__0_1760614187053465000.png
PX4_1	1760614185752	0	0	0.569113	1	0	0	0	img_PX4_1__0_1760614187112805800.png
PX4_4	1760614185818	0	0	0.569113	0.707107	0	0	0.707107	img_PX4_4__0_1760614187179714700.png
PX4_2	1760614185890	0	0	0.569113	3.57628e-07	0	0	-1	img_PX4_2__0_1760614187250838600.png
PX4_3	1760614185962	0	0	0.569113	0.707107	0	0	-0.707107	img_PX4_3__0_1760614187322421700.png
PX4_1	1760614186022	0	0	0.569113	1	0	0	0	img_PX4_1__0_1760614187383301900.png
PX4_4	1760614186100	0	0	0.569113	0.707107	0	0	0.707107	img_PX4_4__0_1760614187461499200.png
PX4_2	1760614186175	0	0	0.569113	3.57628e-07	0	0	-1	img_PX4_2__0_1760614187536588000.png
PX4_3	1760614186247	0	0	0.569113	0.707107	0	0	-0.707107	img_PX4_3__0_1760614187610951700.png
PX4_1	1760614186310	0	0	0.569113	1	0	0	0	img_PX4_1__0_1760614187672586300.png
PX4_4	1760614186373	0	0	0.569113	0.707107	0	0	0.707107	img_PX4_4__0_1760614187738229200.png
PX4_2	1760614186445	0	0	0.569113	3.57628e-07	0	0	-1	img_PX4_2__0_1760614187808866700.png
PX4_3	1760614186517	0	0	0.569113	0.707107	0	0	-0.707107	img_PX4_3__0_1760614187881178400.png
PX4_1	1760614186580	0	0	0.569113	1	0	0	0	img_PX4_1__0_1760614187945760400.png
PX4_4	1760614186646	0	0	0.569113	0.707107	0	0	0.707107	img_PX4_4__0_1760614188011115500.png
PX4_2	1760614186715	0	0	0.569113	3.57628e-07	0	0	-1	img_PX4_2__0_1760614188080056400.png
PX4_3	1760614186784	0	0	0.569113	0.707107	0	0	-0.707107	img_PX4_3__0_1760614188148612400.png
PX4_1	1760614186847	0	0	0.569113	1	0	0	0	img_PX4_1__0_1760614188212561400.png
PX4_4	1760614186916	0	0	0.569113	0.707107	0	0	0.707107	img_PX4_4__0_1760614188282742100.png
PX4_2	1760614186988	0	0	0.569113	3.57628e-07	0	0	-1	img_PX4_2__0_1760614188354396800.png
PX4_3	1760614187054	0	0	0.569113	0.707107	0	0	-0.707107	img_PX4_3__0_1760614188421191900.png
PX4_1	1760614187120	0	0	0.569113	1	0	0	0	img_PX4_1__0_1760614188485487300.png
PX4_4	1760614187186	0	0	0.569113	0.707107	0	0	0.707107	img_PX4_4__0_1760614188552088800.png
PX4_2	1760614187255	0	0	0.569113	3.57628e-07	0	0	-1	img_PX4_2__0_1760614188621181300.png
PX4_3	1760614187324	0	0	0.569113	0.707107	0	0	-0.707107	img_PX4_3__0_1760614188690109000.png
PX4_1	1760614187393	0	0	0.569113	1	0	0	0	img_PX4_1__0_1760614188758863500.png
PX4_4	1760614187471	0	0	0.569113	0.707107	0	0	0.707107	img_PX4_4__0_1760614188837580400.png
PX4_2	1760614187546	0	0	0.569113	3.57628e-07	0	0	-1	img_PX4_2__0_1760614188913386800.png
PX4_3	1760614187618	0	0	0.569113	0.707107	0	0	-0.707107	img_PX4_3__0_1760614188987210500.png
PX4_1	1760614187687	0	0	0.569113	1	0	0	0	img_PX4_1__0_1760614189054318200.png
PX4_4	1760614187762	0	0	0.569113	0.707107	0	0	0.707107	img_PX4_4__0_1760614189130020700.png
PX4_2	1760614187831	0	0	0.569113	3.57628e-07	0	0	-1	img_PX4_2__0_1760614189200450100.png
PX4_3	1760614187906	0	0	0.569113	0.707107	0	0	-0.707107	img_PX4_3__0_1760614189272873300.png
PX4_1	1760614187969	0	0	0.569113	1	0	0	0	img_PX4_1__0_1760614189339180600.png
PX4_4	1760614188041	0	0	0.569113	0.707107	0	0	0.707107	img_PX4_4__0_1760614189410288200.png
PX4_2	1760614188110	0	0	0.569113	3.57628e-07	0	0	-1	img_PX4_2__0_1760614189481150600.png
PX4_3	1760614188182	0	0	0.569113	0.707107	0	0	-0.707107	img_PX4_3__0_1760614189552131100.png
PX4_1	1760614188239	0	0	0.569113	1	0	0	0	img_PX4_1__0_1760614189610854200.png
PX4_4	1760614188311	0	0	0.569113	0.707107	0	0	0.707107	img_PX4_4__0_1760614189683011500.png
PX4_2	1760614188395	0	0	0.569113	3.57628e-07	0	0	-1	img_PX4_2__0_1760614189765307300.png
PX4_3	1760614188467	0	0	0.569113	0.707107	0	0	-0.707107	img_PX4_3__0_1760614189838155800.png
PX4_1	1760614188533	0	0	0.569113	1	0	0	0	img_PX4_1__0_1760614189905295300.png
PX4_4	1760614188608	0	0	0.569113	0.707107	0	0	0.707107	img_PX4_4__0_1760614189978668900.png
PX4_2	1760614188680	0	0	0.569113	3.57628e-07	0	0	-1	img_PX4_2__0_1760614190051840700.png
PX4_3	1760614188749	0	0	0.569113	0.707107	0	0	-0.707107	img_PX4_3__0_1760614190120787500.png
PX4_1	1760614188809	0	0	0.569113	1	0	0	0	img_PX4_1__0_1760614190181201000.png
PX4_4	1760614188872	0	0	0.569113	0.707107	0	0	0.707107	img_PX4_4__0_1760614190244988600.png
PX4_2	1760614188938	0	0	0.569113	3.57628e-07	0	0	-1	img_PX4_2__0_1760614190310736800.png
PX4_3	1760614189004	0	0	0.569113	0.707107	0	0	-0.707107	img_PX4_3__0_1760614190376483900.png
PX4_1	1760614189064	0	0	0.569113	1	0	0	0	img_PX4_1__0_1760614190435385300.png
PX4_4	1760614189127	0	0	0.569113	0.707107	0	0	0.707107	img_PX4_4__0_1760614190500489800.png
PX4_2	1760614189196	0	0	0.569113	3.57628e-07	0	0	-1	img_PX4_2__0_1760614190569434400.png
PX4_3	1760614189265	0	0	0.569113	0.707107	0	0	-0.707107	img_PX4_3__0_1760614190636292200.png
PX4_1	1760614189325	0	0	0.569113	1	0	0	0	img_PX4_1__0_1760614190697984100.png
PX4_4	1760614189391	0	0	0.569113	0.707107	0	0	0.707107	img_PX4_4__0_1760614190763593400.png
PX4_2	1760614189460	0	0	0.569113	3.57628e-07	0	0	-1	img_PX4_2__0_1760614190832611700.png
PX4_3	1760614189529	0	0	0.569113	0.707107	0	0	-0.707107	img_PX4_3__0_1760614190902284100.png
PX4_1	1760614189589	0	0	0.569113	1	0	0	0	img_PX4_1__0_1760614190963399600.png
PX4_4	1760614189658	0	0	0.569113	0.707107	0	0	0.707107	img_PX4_4__0_1760614191030100000.png
PX4_2	1760614189730	0	0	0.569113	3.57628e-07	0	0	-1	img_PX4_2__0_1760614191103224000.png
PX4_3	1760614189796	0	0	0.569113	0.707107	0	0	-0.707107	img_PX4_3__0_1760614191168249100.png
PX4_1	1760614189850	0	0	0.569113	1	0	0	0	img_PX4_1__0_1760614191224194000.png
PX4_4	1760614189913	0	0	0.569113	0.707107	0	0	0.707107	img_PX4_4__0_1760614191288221700.png
PX4_2	1760614189964	0	0	0.569113	3.57628e-07	0	0	-1	img_PX4_2__0_1760614191340372800.png
PX4_3	1760614190030	0	0	0.569113	0.707107	0	0	-0.707107	img_PX4_3__0_1760614191404210600.png
PX4_1	1760614190084	0	0	0.569113	1	0	0	0	img_PX4_1__0_1760614191458720300.png
PX4_4	1760614190150	0	0	0.569113	0.707107	0	0	0.707107	img_PX4_4__0_1760614191525565300.png
PX4_2	1760614190204	0	0	0.569113	3.57628e-07	0	0	-1	img_PX4_2__0_1760614191580479700.png
PX4_3	1760614190273	0	0	0.569113	0.707107	0	0	-0.707107	img_PX4_3__0_1760614191647403400.png
PX4_1	1760614190333	0	0	0.569113	1	0	0	0	img_PX4_1__0_1760614191708490400.png
PX4_4	1760614190396	0	0	0.569113	0.707107	0	0	0.707107	img_PX4_4__0_1760614191772436200.png
PX4_2	1760614190465	0	0	0.569113	3.57628e-07	0	0	-1	img_PX4_2__0_1760614191841503100.png
PX4_3	1760614190531	0	0	0.569113	0.707107	0	0	-0.707107	img_PX4_3__0_1760614191909507900.png
PX4_1	1760614190594	0	0	0.569113	1	0	0	0	img_PX4_1__0_1760614191971786700.png
PX4_4	1760614190660	0	0	0.569113	0.707107	0	0	0.707107	img_PX4_4__0_1760614192039304400.png
PX4_2	1760614190738	0	0	0.569113	3.57628e-07	0	0	-1	img_PX4_2__0_1760614192115917700.png
PX4_3	1760614190810	0	0	0.569113	0.707107	0	0	-0.707107	img_PX4_3__0_1760614192187697800.png
PX4_1	1760614190879	0	0	0.569113	1	0	0	0	img_PX4_1__0_1760614192258811500.png
PX4_4	1760614190951	0	0	0.569113	0.707107	0	0	0.707107	img_PX4_4__0_1760614192331484200.png
PX4_2	1760614191023	0	0	0.569113	3.57628e-07	0	0	-1	img_PX4_2__0_1760614192401779200.png
PX4_3	1760614191089	0	0	0.569113	0.707107	0	0	-0.707107	img_PX4_3__0_1760614192468412000.png
PX4_1	1760614191149	0	0	0.569113	1	0	0	0	img_PX4_1__0_1760614192529030300.png
PX4_4	1760614191215	0	0	0.569113	0.707107	0	0	0.707107	img_PX4_4__0_1760614192594462200.png
PX4_2	1760614191272	0	0	0.569113	3.57628e-07	0	0	-1	img_PX4_2__0_1760614192652756800.png
PX4_3	1760614191335	0	0	0.569113	0.707107	0	0	-0.707107	img_PX4_3__0_1760614192716902000.png
PX4_1	1760614191401	0	0	0.569113	1	0	0	0	img_PX4_1__0_1760614192781918500.png
PX4_4	1760614191470	0	0	0.569113	0.707107	0	0	0.707107	img_PX4_4__0_1760614192851138400.png
PX4_2	1760614191539	0	0	0.569113	3.57628e-07	0	0	-1	img_PX4_2__0_1760614192921520000.png
PX4_3	1760614191614	0	0	0.569113	0.707107	0	0	-0.707107	img_PX4_3__0_1760614192995416900.png
PX4_1	1760614191674	0	0	0.569113	1	0	0	0	img_PX4_1__0_1760614193057984100.png
PX4_4	1760614191743	0	0	0.569113	0.707107	0	0	0.707107	img_PX4_4__0_1760614193127608900.png
PX4_2	1760614191812	0	0	0.569113	3.57628e-07	0	0	-1	img_PX4_2__0_1760614193194957300.png
PX4_3	1760614191878	0	0	0.569113	0.707107	0	0	-0.707107	img_PX4_3__0_1760614193260567600.png
PX4_1	1760614191938	0	0	0.569113	1	0	0	0	img_PX4_1__0_1760614193323657600.png
PX4_4	1760614192007	0	0	0.569113	0.707107	0	0	0.707107	img_PX4_4__0_1760614193392209400.png
PX4_2	1760614192073	0	0	0.569113	3.57628e-07	0	0	-1	img_PX4_2__0_1760614193458040100.png
PX4_3	1760614192142	0	0	0.569113	0.707107	0	0	-0.707107	img_PX4_3__0_1760614193525049700.png
PX4_1	1760614192199	0	0	0.569113	1	0	0	0	img_PX4_1__0_1760614193583489300.png
PX4_4	1760614192265	0	0	0.569113	0.707107	0	0	0.707107	img_PX4_4__0_1760614193649459300.png
PX4_2	1760614192334	0	0	0.569113	3.57628e-07	0	0	-1	img_PX4_2__0_1760614193718876500.png
PX4_3	1760614192394	0	0	0.569113	0.707107	0	0	-0.707107	img_PX4_3__0_1760614193780841800.png
PX4_1	1760614192457	0	0	0.569113	1	0	0	0	img_PX4_1__0_1760614193843994300.png
PX4_4	1760614192529	0	0	0.569113	0.707107	0	0	0.707107	img_PX4_4__0_1760614193914333200.png
PX4_2	1760614192601	0	0	0.569113	3.57628e-07	0	0	-1	img_PX4_2__0_1760614193988808300.png
PX4_3	1760614192673	0	0	0.569113	0.707107	0	0	-0.707107	img_PX4_3__0_1760614194059717200.png
PX4_1	1760614192736	0	0	0.569113	1	0	0	0	img_PX4_1__0_1760614194122167400.png
PX4_4	1760614192802	0	0	0.569113	0.707107	0	0	0.707107	img_PX4_4__0_1760614194188897300.png
PX4_2	1760614192868	0	0	0.569113	3.57628e-07	0	0	-1	img_PX4_2__0_1760614194256697000.png
PX4_3	1760614192934	0	0	0.569113	0.707107	0	0	-0.707107	img_PX4_3__0_1760614194322728300.png
PX4_1	1760614192991	0	0	0.569113	1	0	0	0	img_PX4_1__0_1760614194379504400.png
PX4_4	1760614193057	0	0	0.569113	0.707107	0	0	0.707107	img_PX4_4__0_1760614194447358300.png
PX4_2	1760614193126	0	0	0.569113	3.57628e-07	0	0	-1	img_PX4_2__0_1760614194514396900.png
PX4_3	1760614193198	0	0	0.569113	0.707107	0	0	-0.707107	img_PX4_3__0_1760614194587997800.png
PX4_1	1760614193267	0	0	0.569113	1	0	0	0	img_PX4_1__0_1760614194657859300.png
PX4_4	1760614193339	0	0	0.569113	0.707107	0	0	0.707107	img_PX4_4__0_1760614194728684000.png
PX4_2	1760614193411	0	0	0.569113	3.57628e-07	0	0	-1	img_PX4_2__0_1760614194801562300.png
PX4_3	1760614193483	0	0	0.569113	0.707107	0	0	-0.707107	img_PX4_3__0_1760614194873959000.png
PX4_1	1760614193546	0	0	0.569113	1	0	0	0	img_PX4_1__0_1760614194934313600.png
PX4_4	1760614193615	0	0	0.569113	0.707107	0	0	0.707107	img_PX4_4__0_1760614195006930000.png
PX4_2	1760614193690	0	0	0.569113	3.57628e-07	0	0	-1	img_PX4_2__0_1760614195082396500.png
PX4_3	1760614193759	0	0	0.569113	0.707107	0	0	-0.707107	img_PX4_3__0_1760614195152237300.png
PX4_1	1760614193825	0	0	0.569113	1	0	0	0	img_PX4_1__0_1760614195216637500.png
PX4_4	1760614193894	0	0	0.569113	0.707107	0	0	0.707107	img_PX4_4__0_1760614195286286400.png
PX4_2	1760614193963	0	0	0.569113	3.57628e-07	0	0	-1	img_PX4_2__0_1760614195355347200.png
PX4_3	1760614194032	0	0	0.569113	0.707107	0	0	-0.707107	img_PX4_3__0_1760614195424930100.png
PX4_1	1760614194089	0	0	0.569113	1	0	0	0	img_PX4_1__0_1760614195480682700.png
PX4_4	1760614194158	0	0	0.569113	0.707107	0	0	0.707107	img_PX4_4__0_1760614195551930900.png
PX4_2	1760614194224	0	0	0.569113	3.57628e-07	0	0	-1	img_PX4_2__0_1760614195618998700.png
PX4_3	1760614194293	0	0	0.569113	0.707107	0	0	-0.707107	img_PX4_3__0_1760614195685956500.png
PX4_1	1760614194353	0	0	0.569113	1	0	0	0	img_PX4_1__0_1760614195748130100.png
PX4_4	1760614194422	0	0	0.569113	0.707107	0	0	0.707107	img_PX4_4__0_1760614195816302600.png
PX4_2	1760614194488	0	0	0.569113	3.57628e-07	0	0	-1	img_PX4_2__0_1760614195883634500.png
PX4_3	1760614194554	0	0	0.569113	0.707107	0	0	-0.707107	img_PX4_3__0_1760614195948523500.png
PX4_1	1760614194614	0	0	0.569113	1	0	0	0	img_PX4_1__0_1760614196010162400.png
PX4_4	1760614194689	0	0	0.569113	0.707107	0	0	0.707107	img_PX4_4__0_1760614196082752100.png
PX4_2	1760614194752	0	0	0.569113	3.57628e-07	0	0	-1	img_PX4_2__0_1760614196148400300.png
PX4_3	1760614194824	0	0	0.569113	0.707107	0	0	-0.707107	img_PX4_3__0_1760614196217099300.png
PX4_1	1760614194881	0	0	0.569113	1	0	0	0	img_PX4_1__0_1760614196274660100.png
PX4_4	1760614194950	0	0	0.569113	0.707107	0	0	0.707107	img_PX4_4__0_1760614196343665600.png
PX4_2	1760614195016	0	0	0.569113	3.57628e-07	0	0	-1	img_PX4_2__0_1760614196410539000.png
PX4_3	1760614195079	0	0	0.569113	0.707107	0	0	-0.707107	img_PX4_3__0_1760614196473378400.png
PX4_1	1760614195133	0	0	0.569113	1	0	0	0	img_PX4_1__0_1760614196529153100.png
PX4_4	1760614195202	0	0	0.569113	0.707107	0	0	0.707107	img_PX4_4__0_1760614196596270000.png
PX4_2	1760614195268	0	0	0.569113	3.57628e-07	0	0	-1	img_PX4_2__0_1760614196663830900.png
PX4_3	1760614195334	0	0	0.569113	0.707107	0	0	-0.707107	img_PX4_3__0_1760614196730241000.png
PX4_1	1760614195394	0	0	0.569113	1	0	0	0	img_PX4_1__0_1760614196790281300.png
PX4_4	1760614195460	0	0	0.569113	0.707107	0	0	0.707107	img_PX4_4__0_1760614196857745700.png
PX4_2	1760614195526	0	0	0.569113	3.57628e-07	0	0	-1	img_PX4_2__0_1760614196924486000.png
PX4_3	1760614195598	0	0	0.569113	0.707107	0	0	-0.707107	img_PX4_3__0_1760614196995782000.png
PX4_1	1760614195661	0	0	0.569113	1	0	0	0	img_PX4_1__0_1760614197059215100.png
PX4_4	1760614195736	0	0	0.569113	0.707107	0	0	0.707107	img_PX4_4__0_1760614197134744700.png
PX4_2	1760614195805	0	0	0.569113	3.57628e-07	0	0	-1	img_PX4_2__0_1760614197203283300.png
PX4_3	1760614195877	0	0	0.569113	0.707107	0	0	-0.707107	img_PX4_3__0_1760614197273793000.png
PX4_1	1760614195934	0	0	0.569113	1	0	0	0	img_PX4_1__0_1760614197333966000.png
PX4_4	1760614196000	0	0	0.569113	0.707107	0	0	0.707107	img_PX4_4__0_1760614197399629900.png
PX4_2	1760614196060	0	0	0.569113	3.57628e-07	0	0	-1	img_PX4_2__0_1760614197459814900.png
PX4_3	1760614196126	0	0	0.569113	0.707107	0	0	-0.707107	img_PX4_3__0_1760614197523710200.png
PX4_1	1760614196186	0	0	0.569113	1	0	0	0	img_PX4_1__0_1760614197584585600.png
PX4_4	1760614196252	0	0	0.569113	0.707107	0	0	0.707107	img_PX4_4__0_1760614197652722300.png
PX4_2	1760614196321	0	0	0.569113	3.57628e-07	0	0	-1	img_PX4_2__0_1760614197722178700.png
PX4_3	1760614196387	0	0	0.569113	0.707107	0	0	-0.707107	img_PX4_3__0_1760614197786151200.png
PX4_1	1760614196444	0	0	0.569113	1	0	0	0	img_PX4_1__0_1760614197843350000.png
PX4_4	1760614196514	0	0	0.569113	0.707107	0	0	0.707107	img_PX4_4__0_1760614197912982400.png
PX4_2	1760614196586	0	0	0.569113	3.57628e-07	0	0	-1	img_PX4_2__0_1760614197984931800.png
PX4_3	1760614196658	0	0	0.569113	0.707107	0	0	-0.707107	img_PX4_3__0_1760614198056510400.png
PX4_1	1760614196724	0	0	0.569113	1	0	0	0	img_PX4_1__0_1760614198122817200.png
PX4_4	1760614196799	0	0	0.569113	0.707107	0	0	0.707107	img_PX4_4__0_1760614198198462800.png
PX4_2	1760614196880	0	0	0.569113	3.57628e-07	0	0	-1	img_PX4_2__0_1760614198279736500.png
PX4_3	1760614196946	0	0	0.569113	0.707107	0	0	-0.707107	img_PX4_3__0_1760614198348319400.png
PX4_1	1760614197009	0	0	0.569113	1	0	0	0	img_PX4_1__0_1760614198410283400.png
PX4_4	1760614197075	0	0	0.569113	0.707107	0	0	0.707107	img_PX4_4__0_1760614198477065400.png
PX4_2	1760614197153	0	0	0.569113	3.57628e-07	0	0	-1	img_PX4_2__0_1760614198553837900.png
PX4_3	1760614197228	0	0	0.569113	0.707107	0	0	-0.707107	img_PX4_3__0_1760614198628256800.png
PX4_1	1760614197285	0	0	0.569113	1	0	0	0	img_PX4_1__0_1760614198686460400.png
PX4_4	1760614197351	0	0	0.569113	0.707107	0	0	0.707107	img_PX4_4__0_1760614198754200400.png
PX4_2	1760614197417	0	0	0.569113	3.57628e-07	0	0	-1	img_PX4_2__0_1760614198820909800.png
PX4_3	1760614197486	0	0	0.569113	0.707107	0	0	-0.707107	img_PX4_3__0_1760614198888339900.png
PX4_1	1760614197549	0	0	0.569113	1	0	0	0	img_PX4_1__0_1760614198951376100.png
PX4_4	1760614197621	0	0	0.569113	0.707107	0	0	0.707107	img_PX4_4__0_1760614199022861900.png
PX4_2	1760614197693	0	0	0.569113	3.57628e-07	0	0	-1	img_PX4_2__0_1760614199094720500.png
PX4_3	1760614197768	0	0	0.569113	0.707107	0	0	-0.707107	img_PX4_3__0_1760614199171671600.png
PX4_1	1760614197831	0	0	0.569113	1	0	0	0	img_PX4_1__0_1760614199237010300.png
PX4_4	1760614197903	0	0	0.569113	0.707107	0	0	0.707107	img_PX4_4__0_1760614199309432300.png
PX4_2	1760614197975	0	0	0.569113	3.57628e-07	0	0	-1	img_PX4_2__0_1760614199380672800.png
PX4_3	1760614198050	0	0	0.569113	0.707107	0	0	-0.707107	img_PX4_3__0_1760614199454519900.png
PX4_1	1760614198113	0	0	0.569113	1	0	0	0	img_PX4_1__0_1760614199519486800.png
PX4_4	1760614198188	0	0	0.569113	0.707107	0	0	0.707107	img_PX4_4__0_1760614199594479400.png
PX4_2	1760614198257	0	0	0.569113	3.57628e-07	0	0	-1	img_PX4_2__0_1760614199664688800.png
PX4_3	1760614198326	0	0	0.569113	0.707107	0	0	-0.707107	img_PX4_3__0_1760614199732249000.png
PX4_1	1760614198386	0	0	0.569113	1	0	0	0	img_PX4_1__0_1760614199792431300.png
PX4_4	1760614198455	0	0	0.569113	0.707107	0	0	0.707107	img_PX4_4__0_1760614199861901200.png
PX4_2	1760614198524	0	0	0.569113	3.57628e-07	0	0	-1	img_PX4_2__0_1760614199930431500.png
PX4_3	1760614198587	0	0	0.569113	0.707107	0	0	-0.707107	img_PX4_3__0_1760614199994513100.png
PX4_1	1760614198665	0	0	0.569113	1	0	0	0	img_PX4_1__0_1760614200071945600.png
PX4_4	1760614198737	0	0	0.569113	0.707107	0	0	0.707107	img_PX4_4__0_1760614200145338500.png
PX4_2	1760614198815	0	0	0.569113	3.57628e-07	0	0	-1	img_PX4_2__0_1760614200223020400.png
PX4_3	1760614198905	0	0	0.569113	0.707107	0	0	-0.707107	img_PX4_3__0_1760614200313534200.png
PX4_1	1760614198992	0	0	0.569113	1	0	0	0	img_PX4_1__0_1760614200401590500.png
PX4_4	1760614199079	0	0	0.569113	0.707107	0	0	0.707107	img_PX4_4__0_1760614200489402500.png
PX4_2	1760614199148	0	0	0.569113	3.57628e-07	0	0	-1	img_PX4_2__0_1760614200558866900.png
PX4_3	1760614199223	0	0	0.569113	0.707107	0	0	-0.707107	img_PX4_3__0_1760614200632954200.png
PX4_1	1760614199286	0	0	0.569113	1	0	0	0	img_PX4_1__0_1760614200696914100.png
PX4_4	1760614199358	0	0	0.569113	0.707107	0	0	0.707107	img_PX4_4__0_1760614200768850700.png
PX4_2	1760614199430	0	0	0.569113	3.57628e-07	0	0	-1	img_PX4_2__0_1760614200842755800.png
PX4_3	1760614199499	0	0	0.569113	0.707107	0	0	-0.707107	img_PX4_3__0_1760614200912651900.png
PX4_1	1760614199577	0	0	0.569113	1	0	0	0	img_PX4_1__0_1760614200988337100.png
PX4_4	1760614199652	0	0	0.569113	0.707107	0	0	0.707107	img_PX4_4__0_1760614201063699600.png
PX4_2	1760614199727	0	0	0.569113	3.57628e-07	0	0	-1	img_PX4_2__0_1760614201139701400.png
PX4_3	1760614199826	0	0	0.569113	0.707107	0	0	-0.707107	img_PX4_3__0_1760614201239960000.png
PX4_1	1760614199910	0	0	0.569113	1	0	0	0	img_PX4_1__0_1760614201324803300.png
PX4_4	1760614200006	0	0	0.569113	0.707107	0	0	0.707107	img_PX4_4__0_1760614201420335900.png
PX4_2	1760614200084	0	0	0.569113	3.57628e-07	0	0	-1	img_PX4_2__0_1760614201500218200.png
PX4_3	1760614200159	0	0	0.569113	0.707107	0	0	-0.707107	img_PX4_3__0_1760614201576329800.png
PX4_1	1760614200225	0	0	0.569113	1	0	0	0	img_PX4_1__0_1760614201641433800.png
PX4_4	1760614200294	0	0	0.569113	0.707107	0	0	0.707107	img_PX4_4__0_1760614201708998100.png
PX4_2	1760614200363	0	0	0.569113	3.57628e-07	0	0	-1	img_PX4_2__0_1760614201779354500.png
PX4_3	1760614200432	0	0	0.569113	0.707107	0	0	-0.707107	img_PX4_3__0_1760614201848975600.png
PX4_1	1760614200495	0	0	0.569113	1	0	0	0	img_PX4_1__0_1760614201913376100.png
PX4_4	1760614200567	0	0	0.569113	0.707107	0	0	0.707107	img_PX4_4__0_1760614201982439400.png
PX4_2	1760614200639	0	0	0.569113	3.57628e-07	0	0	-1	img_PX4_2__0_1760614202057614600.png
PX4_3	1760614200711	0	0	0.569113	0.707107	0	0	-0.707107	img_PX4_3__0_1760614202127831900.png
PX4_1	1760614200771	0	0	0.569113	1	0	0	0	img_PX4_1__0_1760614202189353400.png
PX4_4	1760614200840	0	0	0.569113	0.707107	0	0	0.707107	img_PX4_4__0_1760614202258374700.png
PX4_2	1760614200906	0	0	0.569113	3.57628e-07	0	0	-1	img_PX4_2__0_1760614202323038300.png
PX4_3	1760614200969	0	0	0.569113	0.707107	0	0	-0.707107	img_PX4_3__0_1760614202387031100.png
PX4_1	1760614201029	0	0	0.569113	1	0	0	0	img_PX4_1__0_1760614202447182600.png
PX4_4	1760614201095	0	0	0.569113	0.707107	0	0	0.707107	img_PX4_4__0_1760614202512649400.png
PX4_2	1760614201158	0	0	0.569113	3.57628e-07	0	0	-1	img_PX4_2__0_1760614202577650000.png
PX4_3	1760614201224	0	0	0.569113	0.707107	0	0	-0.707107	img_PX4_3__0_1760614202644152500.png
PX4_1	1760614201284	0	0	0.569113	1	0	0	0	img_PX4_1__0_1760614202703205600.png
PX4_4	1760614201350	0	0	0.569113	0.707107	0	0	0.707107	img_PX4_4__0_1760614202767900600.png
PX4_2	1760614201413	0	0	0.569113	3.57628e-07	0	0	-1	img_PX4_2__0_1760614202834112100.png
PX4_3	1760614201476	0	0	0.569113	0.707107	0	0	-0.707107	img_PX4_3__0_1760614202897035700.png
PX4_1	1760614201536	0	0	0.569113	1	0	0	0	img_PX4_1__0_1760614202956369600.png
PX4_4	1760614201602	0	0	0.569113	0.707107	0	0	0.707107	img_PX4_4__0_1760614203022544500.png
PX4_2	1760614201677	0	0	0.569113	3.57628e-07	0	0	-1	img_PX4_2__0_1760614203097701000.png
PX4_3	1760614201746	0	0	0.569113	0.707107	0	0	-0.707107	img_PX4_3__0_1760614203167479800.png
PX4_1	1760614201806	0	0	0.569113	1	0	0	0	img_PX4_1__0_1760614203227287300.png
PX4_4	1760614201872	0	0	0.569113	0.707107	0	0	0.707107	img_PX4_4__0_1760614203295402000.png
PX4_2	1760614201938	0	0	0.569113	3.57628e-07	0	0	-1	img_PX4_2__0_1760614203359297700.png
PX4_3	1760614202004	0	0	0.569113	0.707107	0	0	-0.707107	img_PX4_3__0_1760614203425481900.png
PX4_1	1760614202067	0	0	0.569113	1	0	0	0	img_PX4_1__0_1760614203488932400.png
PX4_4	1760614202139	0	0	0.569113	0.707107	0	0	0.707107	img_PX4_4__0_1760614203563003200.png
PX4_2	1760614202211	0	0	0.569113	3.57628e-07	0	0	-1	img_PX4_2__0_1760614203635221200.png
PX4_3	1760614202280	0	0	0.569113	0.707107	0	0	-0.707107	img_PX4_3__0_1760614203703841600.png
PX4_1	1760614202340	0	0	0.569113	1	0	0	0	img_PX4_1__0_1760614203762863200.png
PX4_4	1760614202409	0	0	0.569113	0.707107	0	0	0.707107	img_PX4_4__0_1760614203833678000.png
PX4_2	1760614202484	0	0	0.569113	3.57628e-07	0	0	-1	img_PX4_2__0_1760614203909162700.png
PX4_3	1760614202553	0	0	0.569113	0.707107	0	0	-0.707107	img_PX4_3__0_1760614203978739000.png
PX4_1	1760614202616	0	0	0.569113	1	0	0	0	img_PX4_1__0_1760614204040404000.png
PX4_4	1760614202688	0	0	0.569113	0.707107	0	0	0.707107	img_PX4_4__0_1760614204113482500.png
PX4_2	1760614202757	0	0	0.569113	3.57628e-07	0	0	-1	img_PX4_2__0_1760614204181316100.png
PX4_3	1760614202832	0	0	0.569113	0.707107	0	0	-0.707107	img_PX4_3__0_1760614204257027000.png
PX4_1	1760614202895	0	0	0.569113	1	0	0	0	img_PX4_1__0_1760614204319238500.png
PX4_4	1760614202964	0	0	0.569113	0.707107	0	0	0.707107	img_PX4_4__0_1760614204391800100.png
PX4_2	1760614203036	0	0	0.569113	3.57628e-07	0	0	-1	img_PX4_2__0_1760614204463041700.png
PX4_3	1760614203105	0	0	0.569113	0.707107	0	0	-0.707107	img_PX4_3__0_1760614204531988600.png
PX4_1	1760614203171	0	0	0.569113	1	0	0	0	img_PX4_1__0_1760614204597070100.png
PX4_4	1760614203237	0	0	0.569113	0.707107	0	0	0.707107	img_PX4_4__0_1760614204664802300.png
PX4_2	1760614203303	0	0	0.569113	3.57628e-07	0	0	-1	img_PX4_2__0_1760614204730709000.png
PX4_3	1760614203369	0	0	0.569113	0.707107	0	0	-0.707107	img_PX4_3__0_1760614204796124500.png
PX4_1	1760614203429	0	0	0.569113	1	0	0	0	img_PX4_1__0_1760614204856498300.png
PX4_4	1760614203501	0	0	0.569113	0.707107	0	0	0.707107	img_PX4_4__0_1760614204928459100.png
PX4_2	1760614203567	0	0	0.569113	3.57628e-07	0	0	-1	img_PX4_2__0_1760614204995217000.png
PX4_3	1760614203633	0	0	0.569113	0.707107	0	0	-0.707107	img_PX4_3__0_1760614205062928000.png
PX4_1	1760614203690	0	0	0.569113	1	0	0	0	img_PX4_1__0_1760614205120306600.png
PX4_4	1760614203762	0	0	0.569113	0.707107	0	0	0.707107	img_PX4_4__0_1760614205190872400.png
PX4_2	1760614203834	0	0	0.569113	3.57628e-07	0	0	-1	img_PX4_2__0_1760614205264424500.png
PX4_3	1760614203903	0	0	0.569113	0.707107	0	0	-0.707107	img_PX4_3__0_1760614205333311000.png
PX4_1	1760614203963	0	0	0.569113	1	0	0	0	img_PX4_1__0_1760614205394600400.png
PX4_4	1760614204044	0	0	0.569113	0.707107	0	0	0.707107	img_PX4_4__0_1760614205475490300.png
PX4_2	1760614204119	0	0	0.569113	3.57628e-07	0	0	-1	img_PX4_2__0_1760614205548994000.png
PX4_3	1760614204188	0	0	0.569113	0.707107	0	0	-0.707107	img_PX4_3__0_1760614205619338200.png
PX4_1	1760614204254	0	0	0.569113	1	0	0	0	img_PX4_1__0_1760614205685427000.png
PX4_4	1760614204326	0	0	0.569113	0.707107	0	0	0.707107	img_PX4_4__0_1760614205756875000.png
PX4_2	1760614204401	0	0	0.569113	3.57628e-07	0	0	-1	img_PX4_2__0_1760614205833488500.png
PX4_3	1760614204473	0	0	0.569113	0.707107	0	0	-0.707107	img_PX4_3__0_1760614205903997800.png
PX4_1	1760614204533	0	0	0.569113	1	0	0	0	img_PX4_1__0_1760614205964678700.png
PX4_4	1760614204599	0	0	0.569113	0.707107	0	0	0.707107	img_PX4_4__0_1760614206031826300.png
PX4_2	1760614204668	0	0	0.569113	3.57628e-07	0	0	-1	img_PX4_2__0_1760614206099690500.png
PX4_3	1760614204740	0	0	0.569113	0.707107	0	0	-0.707107	img_PX4_3__0_1760614206170769800.png
PX4_1	1760614204797	0	0	0.569113	1	0	0	0	img_PX4_1__0_1760614206229818200.png
PX4_4	1760614204872	0	0	0.569113	0.707107	0	0	0.707107	img_PX4_4__0_1760614206300393200.png
PX4_2	1760614204935	0	0	0.569113	3.57628e-07	0	0	-1	img_PX4_2__0_1760614206366887300.png
PX4_3	1760614205001	0	0	0.569113	0.707107	0	0	-0.707107	img_PX4_3__0_1760614206434230600.png
PX4_1	1760614205061	0	0	0.569113	1	0	0	0	img_PX4_1__0_1760614206493365100.png
PX4_4	1760614205130	0	0	0.569113	0.707107	0	0	0.707107	img_PX4_4__0_1760614206564230200.png
PX4_2	1760614205205	0	0	0.569113	3.57628e-07	0	0	-1	img_PX4_2__0_1760614206638882000.png
PX4_3	1760614205274	0	0	0.569113	0.707107	0	0	-0.707107	img_PX4_3__0_1760614206708406400.png
PX4_1	1760614205343	0	0	0.569113	1	0	0	0	img_PX4_1__0_1760614206778304800.png
PX4_4	1760614205421	0	0	0.569113	0.707107	0	0	0.707107	img_PX4_4__0_1760614206856840200.png
PX4_2	1760614205493	0	0	0.569113	3.57628e-07	0	0	-1	img_PX4_2__0_1760614206928047800.png
PX4_3	1760614205568	0	0	0.569113	0.707107	0	0	-0.707107	img_PX4_3__0_1760614207004074200.png
PX4_1	1760614205616	0	0	0.569113	1	0	0	0	img_PX4_1__0_1760614207050893600.png
PX4_4	1760614205658	0	0	0.569113	0.707107	0	0	0.707107	img_PX4_4__0_1760614207094620600.png
PX4_2	1760614205733	0	0	0.569113	3.57628e-07	0	0	-1	img_PX4_2__0_1760614207168183500.png
PX4_3	1760614205799	0	0	0.569113	0.707107	0	0	-0.707107	img_PX4_3__0_1760614207235143100.png
PX4_1	1760614205859	0	0	0.569113	1	0	0	0	img_PX4_1__0_1760614207297086100.png
PX4_4	1760614205934	0	0	0.569113	0.707107	0	0	0.707107	img_PX4_4__0_1760614207371087000.png
PX4_2	1760614206003	0	0	0.569113	3.57628e-07	0	0	-1	img_PX4_2__0_1760614207439890100.png
PX4_3	1760614206066	0	0	0.569113	0.707107	0	0	-0.707107	img_PX4_3__0_1760614207504290300.png
PX4_1	1760614206126	0	0	0.569113	1	0	0	0	img_PX4_1__0_1760614207564490900.png
PX4_4	1760614206195	0	0	0.569113	0.707107	0	0	0.707107	img_PX4_4__0_1760614207632955800.png
PX4_2	1760614206270	0	0	0.569113	3.57628e-07	0	0	-1	img_PX4_2__0_1760614207706611100.png
PX4_3	1760614206336	0	0	0.569113	0.707107	0	0	-0.707107	img_PX4_3__0_1760614207775211500.png
PX4_1	1760614206393	0	0	0.569113	1	0	0	0	img_PX4_1__0_1760614207831759300.png
PX4_4	1760614206447	0	0	0.569113	0.707107	0	0	0.707107	img_PX4_4__0_1760614207886570900.png
PX4_2	1760614206516	0	0	0.569113	3.57628e-07	0	0	-1	img_PX4_2__0_1760614207954156700.png
PX4_3	1760614206591	0	0	0.569113	0.707107	0	0	-0.707107	img_PX4_3__0_1760614208027860600.png
PX4_1	1760614206648	0	0	0.569113	1	0	0	0	img_PX4_1__0_1760614208084102600.png
PX4_4	1760614206702	0	0	0.569113	0.707107	0	0	0.707107	img_PX4_4__0_1760614208143164700.png
PX4_2	1760614206780	0	0	0.569113	3.57628e-07	0	0	-1	img_PX4_2__0_1760614208218648200.png
PX4_3	1760614206852	0	0	0.569113	0.707107	0	0	-0.707107	img_PX4_3__0_1760614208292244900.png
PX4_1	1760614206915	0	0	0.569113	1	0	0	0	img_PX4_1__0_1760614208355137100.png
PX4_4	1760614206984	0	0	0.569113	0.707107	0	0	0.707107	img_PX4_4__0_1760614208424691000.png
PX4_2	1760614207053	0	0	0.569113	3.57628e-07	0	0	-1	img_PX4_2__0_1760614208493937200.png
PX4_3	1760614207119	0	0	0.569113	0.707107	0	0	-0.707107	img_PX4_3__0_1760614208560832500.png
PX4_1	1760614207179	0	0	0.569113	1	0	0	0	img_PX4_1__0_1760614208620627300.png
PX4_4	1760614207254	0	0	0.569113	0.707107	0	0	0.707107	img_PX4_4__0_1760614208694886800.png
PX4_2	1760614207329	0	0	0.569113	3.57628e-07	0	0	-1	img_PX4_2__0_1760614208771207900.png
PX4_3	1760614207398	0	0	0.569113	0.707107	0	0	-0.707107	img_PX4_3__0_1760614208839543300.png
PX4_1	1760614207461	0	0	0.569113	1	0	0	0	img_PX4_1__0_1760614208902241500.png
PX4_4	1760614207527	0	0	0.569113	0.707107	0	0	0.707107	img_PX4_4__0_1760614208969401700.png
PX4_2	1760614207599	0	0	0.569113	3.57628e-07	0	0	-1	img_PX4_2__0_1760614209043650900.png
PX4_3	1760614207680	0	0	0.569113	0.707107	0	0	-0.707107	img_PX4_3__0_1760614209123097800.png
PX4_1	1760614207743	0	0	0.569113	1	0	0	0	img_PX4_1__0_1760614209185978800.png
PX4_4	1760614207812	0	0	0.569113	0.707107	0	0	0.707107	img_PX4_4__0_1760614209256815400.png
PX4_2	1760614207884	0	0	0.569113	3.57628e-07	0	0	-1	img_PX4_2__0_1760614209328579200.png
PX4_3	1760614207956	0	0	0.569113	0.707107	0	0	-0.707107	img_PX4_3__0_1760614209400823100.png
PX4_1	1760614208016	0	0	0.569113	1	0	0	0	img_PX4_1__0_1760614209459615300.png
PX4_4	1760614208085	0	0	0.569113	0.707107	0	0	0.707107	img_PX4_4__0_1760614209529280800.png
PX4_2	1760614208151	0	0	0.569113	3.57628e-07	0	0	-1	img_PX4_2__0_1760614209596560700.png
PX4_3	1760614208217	0	0	0.569113	0.707107	0	0	-0.707107	img_PX4_3__0_1760614209664687300.png
PX4_1	1760614208277	0	0	0.569113	1	0	0	0	img_PX4_1__0_1760614209721945700.png
PX4_4	1760614208346	0	0	0.569113	0.707107	0	0	0.707107	img_PX4_4__0_1760614209794080000.png
PX4_2	1760614208418	0	0	0.569113	3.57628e-07	0	0	-1	img_PX4_2__0_1760614209864497300.png
PX4_3	1760614208487	0	0	0.569113	0.707107	0	0	-0.707107	img_PX4_3__0_1760614209934153400.png
PX4_1	1760614208547	0	0	0.569113	1	0	0	0	img_PX4_1__0_1760614209992820800.png
PX4_4	1760614208613	0	0	0.569113	0.707107	0	0	0.707107	img_PX4_4__0_1760614210061937700.png
PX4_2	1760614208685	0	0	0.569113	3.57628e-07	0	0	-1	img_PX4_2__0_1760614210131070700.png
PX4_3	1760614208754	0	0	0.569113	0.707107	0	0	-0.707107	img_PX4_3__0_1760614210200779200.png
PX4_1	1760614208808	0	0	0.569113	1	0	0	0	img_PX4_1__0_1760614210256412800.png
PX4_4	1760614208874	0	0	0.569113	0.707107	0	0	0.707107	img_PX4_4__0_1760614210322270300.png
PX4_2	1760614208955	0	0	0.569113	3.57628e-07	0	0	-1	img_PX4_2__0_1760614210403329200.png
PX4_3	1760614209024	0	0	0.569113	0.707107	0	0	-0.707107	img_PX4_3__0_1760614210473916400.png
PX4_1	1760614209087	0	0	0.569113	1	0	0	0	img_PX4_1__0_1760614210537663700.png
PX4_4	1760614209156	0	0	0.569113	0.707107	0	0	0.707107	img_PX4_4__0_1760614210605389800.png
PX4_2	1760614209231	0	0	0.569113	3.57628e-07	0	0	-1	img_PX4_2__0_1760614210680315000.png
PX4_3	1760614209303	0	0	0.569113	0.707107	0	0	-0.707107	img_PX4_3__0_1760614210753272400.png
PX4_1	1760614209360	0	0	0.569113	1	0	0	0	img_PX4_1__0_1760614210809794100.png
PX4_4	1760614209429	0	0	0.569113	0.707107	0	0	0.707107	img_PX4_4__0_1760614210878314900.png
PX4_2	1760614209504	0	0	0.569113	3.57628e-07	0	0	-1	img_PX4_2__0_1760614210954205100.png
PX4_3	1760614209570	0	0	0.569113	0.707107	0	0	-0.707107	img_PX4_3__0_1760614211022529500.png
PX4_1	1760614209636	0	0	0.569113	1	0	0	0	img_PX4_1__0_1760614211087630400.png
PX4_4	1760614209702	0	0	0.569113	0.707107	0	0	0.707107	img_PX4_4__0_1760614211154362200.png
PX4_2	1760614209774	0	0	0.569113	3.57628e-07	0	0	-1	img_PX4_2__0_1760614211224984800.png
PX4_3	1760614209849	0	0	0.569113	0.707107	0	0	-0.707107	img_PX4_3__0_1760614211301952800.png
PX4_1	1760614209909	0	0	0.569113	1	0	0	0	img_PX4_1__0_1760614211362131700.png
PX4_4	1760614209984	0	0	0.569113	0.707107	0	0	0.707107	img_PX4_4__0_1760614211435857400.png
PX4_2	1760614210056	0	0	0.569113	3.57628e-07	0	0	-1	img_PX4_2__0_1760614211507323700.png
PX4_3	1760614210134	0	0	0.569113	0.707107	0	0	-0.707107	img_PX4_3__0_1760614211585696900.png
PX4_1	1760614210194	0	0	0.569113	1	0	0	0	img_PX4_1__0_1760614211646120300.png
PX4_4	1760614210269	0	0	0.569113	0.707107	0	0	0.707107	img_PX4_4__0_1760614211722616900.png
PX4_2	1760614210341	0	0	0.569113	3.57628e-07	0	0	-1	img_PX4_2__0_1760614211796157200.png
PX4_3	1760614210410	0	0	0.569113	0.707107	0	0	-0.707107	img_PX4_3__0_1760614211864825200.png
PX4_1	1760614210464	0	0	0.569113	1	0	0	0	img_PX4_1__0_1760614211920262000.png
PX4_4	1760614210533	0	0	0.569113	0.707107	0	0	0.707107	img_PX4_4__0_1760614211986668000.png
PX4_2	1760614210608	0	0	0.569113	3.57628e-07	0	0	-1	img_PX4_2__0_1760614212061484700.png
PX4_3	1760614210674	0	0	0.569113	0.707107	0	0	-0.707107	img_PX4_3__0_1760614212128436900.png
PX4_1	1760614210713	0	0	0.569113	1	0	0	0	img_PX4_1__0_1760614212167856900.png
PX4_4	1760614210779	0	0	0.569113	0.707107	0	0	0.707107	img_PX4_4__0_1760614212233218900.png
PX4_2	1760614210839	0	0	0.569113	3.57628e-07	0	0	-1	img_PX4_2__0_1760614212293351500.png
PX4_3	1760614210905	0	0	0.569113	0.707107	0	0	-0.707107	img_PX4_3__0_1760614212360427800.png
PX4_1	1760614210968	0	0	0.569113	1	0	0	0	img_PX4_1__0_1760614212422788300.png
PX4_4	1760614211037	0	0	0.569113	0.707107	0	0	0.707107	img_PX4_4__0_1760614212492709700.png
PX4_2	1760614211106	0	0	0.569113	3.57628e-07	0	0	-1	img_PX4_2__0_1760614212562317300.png
PX4_3	1760614211181	0	0	0.569113	0.707107	0	0	-0.707107	img_PX4_3__0_1760614212636693400.png
PX4_1	1760614211244	0	0	0.569113	1	0	0	0	img_PX4_1__0_1760614212701523000.png
PX4_4	1760614211310	0	0	0.569113	0.707107	0	0	0.707107	img_PX4_4__0_1760614212767204600.png
PX4_2	1760614211376	0	0	0.569113	3.57628e-07	0	0	-1	img_PX4_2__0_1760614212834414300.png
PX4_3	1760614211445	0	0	0.569113	0.707107	0	0	-0.707107	img_PX4_3__0_1760614212902856500.png
PX4_1	1760614211508	0	0	0.569113	1	0	0	0	img_PX4_1__0_1760614212967170100.png
PX4_4	1760614211577	0	0	0.569113	0.707107	0	0	0.707107	img_PX4_4__0_1760614213036583500.png
PX4_2	1760614211649	0	0	0.569113	3.57628e-07	0	0	-1	img_PX4_2__0_1760614213108609200.png
PX4_3	1760614211715	0	0	0.569113	0.707107	0	0	-0.707107	img_PX4_3__0_1760614213176522900.png
PX4_1	1760614211778	0	0	0.569113	1	0	0	0	img_PX4_1__0_1760614213238099300.png
PX4_4	1760614211844	0	0	0.569113	0.707107	0	0	0.707107	img_PX4_4__0_1760614213306177000.png
PX4_2	1760614211913	0	0	0.569113	3.57628e-07	0	0	-1	img_PX4_2__0_1760614213375294400.png
PX4_3	1760614211982	0	0	0.569113	0.707107	0	0	-0.707107	img_PX4_3__0_1760614213444057800.png
PX4_1	1760614212048	0	0	0.569113	1	0	0	0	img_PX4_1__0_1760614213511368500.png
PX4_4	1760614212117	0	0	0.569113	0.707107	0	0	0.707107	img_PX4_4__0_1760614213578624200.png
PX4_2	1760614212189	0	0	0.569113	3.57628e-07	0	0	-1	img_PX4_2__0_1760614213650945100.png
PX4_3	1760614212258	0	0	0.569113	0.707107	0	0	-0.707107	img_PX4_3__0_1760614213718977100.png
PX4_1	1760614212318	0	0	0.569113	1	0	0	0	img_PX4_1__0_1760614213782887800.png
PX4_4	1760614212387	0	0	0.569113	0.707107	0	0	0.707107	img_PX4_4__0_1760614213849707000.png
PX4_2	1760614212462	0	0	0.569113	3.57628e-07	0	0	-1	img_PX4_2__0_1760614213923806400.png
PX4_3	1760614212531	0	0	0.569113	0.707107	0	0	-0.707107	img_PX4_3__0_1760614213995664600.png
PX4_1	1760614212600	0	0	0.569113	1	0	0	0	img_PX4_1__0_1760614214063423200.png
PX4_4	1760614212675	0	0	0.569113	0.707107	0	0	0.707107	img_PX4_4__0_1760614214139052200.png
PX4_2	1760614212753	0	0	0.569113	3.57628e-07	0	0	-1	img_PX4_2__0_1760614214217119400.png
PX4_3	1760614212816	0	0	0.569113	0.707107	0	0	-0.707107	img_PX4_3__0_1760614214282064700.png
PX4_1	1760614212879	0	0	0.569113	1	0	0	0	img_PX4_1__0_1760614214345789400.png
PX4_4	1760614212954	0	0	0.569113	0.707107	0	0	0.707107	img_PX4_4__0_1760614214418886400.png
PX4_2	1760614213026	0	0	0.569113	3.57628e-07	0	0	-1	img_PX4_2__0_1760614214491408300.png
PX4_3	1760614213095	0	0	0.569113	0.707107	0	0	-0.707107	img_PX4_3__0_1760614214562524900.png
PX4_1	1760614213158	0	0	0.569113	1	0	0	0	img_PX4_1__0_1760614214625290600.png
PX4_4	1760614213224	0	0	0.569113	0.707107	0	0	0.707107	img_PX4_4__0_1760614214690018400.png
PX4_2	1760614213296	0	0	0.569113	3.57628e-07	0	0	-1	img_PX4_2__0_1760614214762069600.png
PX4_3	1760614213362	0	0	0.569113	0.707107	0	0	-0.707107	img_PX4_3__0_1760614214829437100.png
PX4_1	1760614213425	0	0	0.569113	1	0	0	0	img_PX4_1__0_1760614214891943800.png
PX4_4	1760614213491	0	0	0.569113	0.707107	0	0	0.707107	img_PX4_4__0_1760614214958009100.png
PX4_2	1760614213557	0	0	0.569113	3.57628e-07	0	0	-1	img_PX4_2__0_1760614215025723200.png
PX4_3	1760614213629	0	0	0.569113	0.707107	0	0	-0.707107	img_PX4_3__0_1760614215097124400.png
PX4_1	1760614213683	0	0	0.569113	1	0	0	0	img_PX4_1__0_1760614215152411900.png
PX4_4	1760614213752	0	0	0.569113	0.707107	0	0	0.707107	img_PX4_4__0_1760614215220344900.png
PX4_2	1760614213821	0	0	0.569113	3.57628e-07	0	0	-1	img_PX4_2__0_1760614215290723100.png
PX4_3	1760614213893	0	0	0.569113	0.707107	0	0	-0.707107	img_PX4_3__0_1760614215361375900.png
PX4_1	1760614213953	0	0	0.569113	1	0	0	0	img_PX4_1__0_1760614215422086500.png
PX4_4	1760614213998	0	0	0.569113	0.707107	0	0	0.707107	img_PX4_4__0_1760614215468984600.png
PX4_2	1760614214073	0	0	0.569113	3.57628e-07	0	0	-1	img_PX4_2__0_1760614215539119700.png
PX4_3	1760614214127	0	0	0.569113	0.707107	0	0	-0.707107	img_PX4_3__0_1760614215596752500.png
PX4_1	1760614214187	0	0	0.569113	1	0	0	0	img_PX4_1__0_1760614215657308700.png
PX4_4	1760614214253	0	0	0.569113	0.707107	0	0	0.707107	img_PX4_4__0_1760614215723842800.png
PX4_2	1760614214319	0	0	0.569113	3.57628e-07	0	0	-1	img_PX4_2__0_1760614215789740100.png
PX4_3	1760614214385	0	0	0.569113	0.707107	0	0	-0.707107	img_PX4_3__0_1760614215857342400.png
PX4_1	1760614214451	0	0	0.569113	1	0	0	0	img_PX4_1__0_1760614215921198700.png
PX4_4	1760614214520	0	0	0.569113	0.707107	0	0	0.707107	img_PX4_4__0_1760614215992803800.png
PX4_2	1760614214589	0	0	0.569113	3.57628e-07	0	0	-1	img_PX4_2__0_1760614216060089100.png
PX4_3	1760614214655	0	0	0.569113	0.707107	0	0	-0.707107	img_PX4_3__0_1760614216127728300.png
PX4_1	1760614214712	0	0	0.569113	1	0	0	0	img_PX4_1__0_1760614216185038400.png
PX4_4	1760614214784	0	0	0.569113	0.707107	0	0	0.707107	img_PX4_4__0_1760614216259093900.png
PX4_2	1760614214856	0	0	0.569113	3.57628e-07	0	0	-1	img_PX4_2__0_1760614216329922300.png
PX4_3	1760614214925	0	0	0.569113	0.707107	0	0	-0.707107	img_PX4_3__0_1760614216399481200.png
PX4_1	1760614214988	0	0	0.569113	1	0	0	0	img_PX4_1__0_1760614216464321800.png
PX4_4	1760614215063	0	0	0.569113	0.707107	0	0	0.707107	img_PX4_4__0_1760614216537964400.png
PX4_2	1760614215132	0	0	0.569113	3.57628e-07	0	0	-1	img_PX4_2__0_1760614216607484000.png
PX4_3	1760614215204	0	0	0.569113	0.707107	0	0	-0.707107	img_PX4_3__0_1760614216680101400.png
PX4_1	1760614215276	0	0	0.569113	1	0	0	0	img_PX4_1__0_1760614216752669900.png
PX4_4	1760614215351	0	0	0.569113	0.707107	0	0	0.707107	img_PX4_4__0_1760614216827372300.png
PX4_2	1760614215417	0	0	0.569113	3.57628e-07	0	0	-1	img_PX4_2__0_1760614216895549300.png
PX4_3	1760614215477	0	0	0.569113	0.707107	0	0	-0.707107	img_PX4_3__0_1760614216955346300.png
PX4_1	1760614215537	0	0	0.569113	1	0	0	0	img_PX4_1__0_1760614217013398100.png
PX4_4	1760614215606	0	0	0.569113	0.707107	0	0	0.707107	img_PX4_4__0_1760614217083085700.png
PX4_2	1760614215672	0	0	0.569113	3.57628e-07	0	0	-1	img_PX4_2__0_1760614217148582200.png
PX4_3	1760614215738	0	0	0.569113	0.707107	0	0	-0.707107	img_PX4_3__0_1760614217218045900.png
PX4_1	1760614215795	0	0	0.569113	1	0	0	0	img_PX4_1__0_1760614217274586000.png
PX4_4	1760614215864	0	0	0.569113	0.707107	0	0	0.707107	img_PX4_4__0_1760614217343946600.png
PX4_2	1760614215930	0	0	0.569113	3.57628e-07	0	0	-1	img_PX4_2__0_1760614217408648200.png
PX4_3	1760614215993	0	0	0.569113	0.707107	0	0	-0.707107	img_PX4_3__0_1760614217472732300.png
PX4_1	1760614216053	0	0	0.569113	1	0	0	0	img_PX4_1__0_1760614217531022000.png
PX4_4	1760614216119	0	0	0.569113	0.707107	0	0	0.707107	img_PX4_4__0_1760614217599625300.png
PX4_2	1760614216191	0	0	0.569113	3.57628e-07	0	0	-1	img_PX4_2__0_1760614217670833000.png
PX4_3	1760614216257	0	0	0.569113	0.707107	0	0	-0.707107	img_PX4_3__0_1760614217739081000.png
PX4_1	1760614216323	0	0	0.569113	1	0	0	0	img_PX4_1__0_1760614217803393000.png
PX4_4	1760614216392	0	0	0.569113	0.707107	0	0	0.707107	img_PX4_4__0_1760614217872067300.png
PX4_2	1760614216461	0	0	0.569113	3.57628e-07	0	0	-1	img_PX4_2__0_1760614217941753600.png
PX4_3	1760614216533	0	0	0.569113	0.707107	0	0	-0.707107	img_PX4_3__0_1760614218013435200.png
PX4_1	1760614216593	0	0	0.569113	1	0	0	0	img_PX4_1__0_1760614218075299300.png
PX4_4	1760614216662	0	0	0.569113	0.707107	0	0	0.707107	img_PX4_4__0_1760614218144391200.png
PX4_2	1760614216734	0	0	0.569113	3.57628e-07	0	0	-1	img_PX4_2__0_1760614218215432400.png
PX4_3	1760614216803	0	0	0.569113	0.707107	0	0	-0.707107	img_PX4_3__0_1760614218284649500.png
PX4_1	1760614216863	0	0	0.569113	1	0	0	0	img_PX4_1__0_1760614218346670800.png
PX4_4	1760614216935	0	0	0.569113	0.707107	0	0	0.707107	img_PX4_4__0_1760614218415441900.png
PX4_2	1760614217001	0	0	0.569113	3.57628e-07	0	0	-1	img_PX4_2__0_1760614218482788500.png
PX4_3	1760614217073	0	0	0.569113	0.707107	0	0	-0.707107	img_PX4_3__0_1760614218555850400.png
PX4_1	1760614217142	0	0	0.569113	1	0	0	0	img_PX4_1__0_1760614218624262700.png
PX4_4	1760614217211	0	0	0.569113	0.707107	0	0	0.707107	img_PX4_4__0_1760614218695457600.png
PX4_2	1760614217280	0	0	0.569113	3.57628e-07	0	0	-1	img_PX4_2__0_1760614218765031700.png
PX4_3	1760614217349	0	0	0.569113	0.707107	0	0	-0.707107	img_PX4_3__0_1760614218834155000.png
PX4_1	1760614217412	0	0	0.569113	1	0	0	0	img_PX4_1__0_1760614218899243400.png
PX4_4	1760614217487	0	0	0.569113	0.707107	0	0	0.707107	img_PX4_4__0_1760614218972193400.png
PX4_2	1760614217556	0	0	0.569113	3.57628e-07	0	0	-1	img_PX4_2__0_1760614219041749900.png
PX4_3	1760614217622	0	0	0.569113	0.707107	0	0	-0.707107	img_PX4_3__0_1760614219106677600.png
PX4_1	1760614217661	0	0	0.569113	1	0	0	0	img_PX4_1__0_1760614219146341800.png
PX4_4	1760614217727	0	0	0.569113	0.707107	0	0	0.707107	img_PX4_4__0_1760614219213692000.png
PX4_2	1760614217790	0	0	0.569113	3.57628e-07	0	0	-1	img_PX4_2__0_1760614219276703300.png
PX4_3	1760614217829	0	0	0.569113	0.707107	0	0	-0.707107	img_PX4_3__0_1760614219315066800.png
PX4_1	1760614217889	0	0	0.569113	1	0	0	0	img_PX4_1__0_1760614219375931200.png
PX4_4	1760614217958	0	0	0.569113	0.707107	0	0	0.707107	img_PX4_4__0_1760614219442820700.png
PX4_2	1760614218027	0	0	0.569113	3.57628e-07	0	0	-1	img_PX4_2__0_1760614219512421100.png
PX4_3	1760614218099	0	0	0.569113	0.707107	0	0	-0.707107	img_PX4_3__0_1760614219585950900.png
PX4_1	1760614218159	0	0	0.569113	1	0	0	0	img_PX4_1__0_1760614219645863000.png
PX4_4	1760614218222	0	0	0.569113	0.707107	0	0	0.707107	img_PX4_4__0_1760614219707880500.png
PX4_2	1760614218288	0	0	0.569113	3.57628e-07	0	0	-1	img_PX4_2__0_1760614219774907200.png
PX4_3	1760614218351	0	0	0.569113	0.707107	0	0	-0.707107	img_PX4_3__0_1760614219838788000.png
PX4_1	1760614218402	0	0	0.569113	1	0	0	0	img_PX4_1__0_1760614219889482800.png
PX4_4	1760614218462	0	0	0.569113	0.707107	0	0	0.707107	img_PX4_4__0_1760614219948977600.png
PX4_2	1760614218525	0	0	0.569113	3.57628e-07	0	0	-1	img_PX4_2__0_1760614220013668700.png
PX4_3	1760614218594	0	0	0.569113	0.707107	0	0	-0.707107	img_PX4_3__0_1760614220083879300.png
PX4_1	1760614218657	0	0	0.569113	1	0	0	0	img_PX4_1__0_1760614220145584200.png
PX4_4	1760614218720	0	0	0.569113	0.707107	0	0	0.707107	img_PX4_4__0_1760614220210623000.png
PX4_2	1760614218792	0	0	0.569113	3.57628e-07	0	0	-1	img_PX4_2__0_1760614220280086900.png
PX4_3	1760614218861	0	0	0.569113	0.707107	0	0	-0.707107	img_PX4_3__0_1760614220349742000.png
PX4_1	1760614218918	0	0	0.569113	1	0	0	0	img_PX4_1__0_1760614220407193000.png
PX4_4	1760614218981	0	0	0.569113	0.707107	0	0	0.707107	img_PX4_4__0_1760614220469181500.png
PX4_2	1760614219047	0	0	0.569113	3.57628e-07	0	0	-1	img_PX4_2__0_1760614220536172000.png
PX4_3	1760614219122	0	0	0.569113	0.707107	0	0	-0.707107	img_PX4_3__0_1760614220614058400.png
PX4_1	1760614219188	0	0	0.569113	1	0	0	0	img_PX4_1__0_1760614220679547300.png
PX4_4	1760614219254	0	0	0.569113	0.707107	0	0	0.707107	img_PX4_4__0_1760614220745442600.png
PX4_2	1760614219320	0	0	0.569113	3.57628e-07	0	0	-1	img_PX4_2__0_1760614220812261700.png
PX4_3	1760614219389	0	0	0.569113	0.707107	0	0	-0.707107	img_PX4_3__0_1760614220879156700.png
PX4_1	1760614219449	0	0	0.569113	1	0	0	0	img_PX4_1__0_1760614220940223300.png
PX4_4	1760614219515	0	0	0.569113	0.707107	0	0	0.707107	img_PX4_4__0_1760614221007894500.png
PX4_2	1760614219581	0	0	0.569113	3.57628e-07	0	0	-1	img_PX4_2__0_1760614221072501700.png
PX4_3	1760614219650	0	0	0.569113	0.707107	0	0	-0.707107	img_PX4_3__0_1760614221140939000.png
PX4_1	1760614219716	0	0	0.569113	1	0	0	0	img_PX4_1__0_1760614221207516900.png
PX4_4	1760614219785	0	0	0.569113	0.707107	0	0	0.707107	img_PX4_4__0_1760614221277537300.png
PX4_2	1760614219857	0	0	0.569113	3.57628e-07	0	0	-1	img_PX4_2__0_1760614221350440400.png
PX4_3	1760614219926	0	0	0.569113	0.707107	0	0	-0.707107	img_PX4_3__0_1760614221418830600.png
PX4_1	1760614219986	0	0	0.569113	1	0	0	0	img_PX4_1__0_1760614221479986200.png
PX4_4	1760614220055	0	0	0.569113	0.707107	0	0	0.707107	img_PX4_4__0_1760614221547753200.png
PX4_2	1760614220124	0	0	0.569113	3.57628e-07	0	0	-1	img_PX4_2__0_1760614221616900900.png
PX4_3	1760614220193	0	0	0.569113	0.707107	0	0	-0.707107	img_PX4_3__0_1760614221687367300.png
PX4_1	1760614220250	0	0	0.569113	1	0	0	0	img_PX4_1__0_1760614221742501400.png
PX4_4	1760614220316	0	0	0.569113	0.707107	0	0	0.707107	img_PX4_4__0_1760614221809169500.png
PX4_2	1760614220382	0	0	0.569113	3.57628e-07	0	0	-1	img_PX4_2__0_1760614221876129300.png
PX4_3	1760614220448	0	0	0.569113	0.707107	0	0	-0.707107	img_PX4_3__0_1760614221941407900.png
PX4_1	1760614220502	0	0	0.569113	1	0	0	0	img_PX4_1__0_1760614221997919200.png
PX4_4	1760614220571	0	0	0.569113	0.707107	0	0	0.707107	img_PX4_4__0_1760614222065102100.png
PX4_2	1760614220640	0	0	0.569113	3.57628e-07	0	0	-1	img_PX4_2__0_1760614222134503200.png
PX4_3	1760614220703	0	0	0.569113	0.707107	0	0	-0.707107	img_PX4_3__0_1760614222201165500.png
PX4_1	1760614220760	0	0	0.569113	1	0	0	0	img_PX4_1__0_1760614222258136000.png
PX4_4	1760614220826	0	0	0.569113	0.707107	0	0	0.707107	img_PX4_4__0_1760614222321995000.png
PX4_2	1760614220895	0	0	0.569113	3.57628e-07	0	0	-1	img_PX4_2__0_1760614222391789000.png
PX4_3	1760614220961	0	0	0.569113	0.707107	0	0	-0.707107	img_PX4_3__0_1760614222457916900.png
PX4_1	1760614221018	0	0	0.569113	1	0	0	0	img_PX4_1__0_1760614222515730600.png
PX4_4	1760614221081	0	0	0.569113	0.707107	0	0	0.707107	img_PX4_4__0_1760614222579012300.png
PX4_2	1760614221147	0	0	0.569113	3.57628e-07	0	0	-1	img_PX4_2__0_1760614222645545100.png
PX4_3	1760614221198	0	0	0.569113	0.707107	0	0	-0.707107	img_PX4_3__0_1760614222697977600.png
PX4_1	1760614221234	0	0	0.569113	1	0	0	0	img_PX4_1__0_1760614222732744900.png
PX4_4	1760614221297	0	0	0.569113	0.707107	0	0	0.707107	img_PX4_4__0_1760614222798068800.png
PX4_2	1760614221369	0	0	0.569113	3.57628e-07	0	0	-1	img_PX4_2__0_1760614222867641200.png
PX4_3	1760614221435	0	0	0.569113	0.707107	0	0	-0.707107	img_PX4_3__0_1760614222935665300.png
PX4_1	1760614221492	0	0	0.569113	1	0	0	0	img_PX4_1__0_1760614222992647800.png
PX4_4	1760614221561	0	0	0.569113	0.707107	0	0	0.707107	img_PX4_4__0_1760614223058720800.png
PX4_2	1760614221627	0	0	0.569113	3.57628e-07	0	0	-1	img_PX4_2__0_1760614223127332000.png
PX4_3	1760614221693	0	0	0.569113	0.707107	0	0	-0.707107	img_PX4_3__0_1760614223192315700.png
PX4_1	1760614221756	0	0	0.569113	1	0	0	0	img_PX4_1__0_1760614223255288000.png
PX4_4	1760614221819	0	0	0.569113	0.707107	0	0	0.707107	img_PX4_4__0_1760614223317250700.png
PX4_2	1760614221885	0	0	0.569113	3.57628e-07	0	0	-1	img_PX4_2__0_1760614223387505900.png
PX4_3	1760614221954	0	0	0.569113	0.707107	0	0	-0.707107	img_PX4_3__0_1760614223454083800.png
PX4_1	1760614222008	0	0	0.569113	1	0	0	0	img_PX4_1__0_1760614223508283000.png
PX4_4	1760614222074	0	0	0.569113	0.707107	0	0	0.707107	img_PX4_4__0_1760614223574533100.png
PX4_2	1760614222152	0	0	0.569113	3.57628e-07	0	0	-1	img_PX4_2__0_1760614223653655400.png
PX4_3	1760614222224	0	0	0.569113	0.707107	0	0	-0.707107	img_PX4_3__0_1760614223725631600.png
PX4_1	1760614222287	0	0	0.569113	1	0	0	0	img_PX4_1__0_1760614223790745000.png
PX4_4	1760614222359	0	0	0.569113	0.707107	0	0	0.707107	img_PX4_4__0_1760614223860638000.png
PX4_2	1760614222428	0	0	0.569113	3.57628e-07	0	0	-1	img_PX4_2__0_1760614223930698800.png
PX4_3	1760614222497	0	0	0.569113	0.707107	0	0	-0.707107	img_PX4_3__0_1760614223998840100.png
PX4_1	1760614222563	0	0	0.569113	1	0	0	0	img_PX4_1__0_1760614224064960600.png
PX4_4	1760614222626	0	0	0.569113	0.707107	0	0	0.707107	img_PX4_4__0_1760614224130212300.png
PX4_2	1760614222698	0	0	0.569113	3.57628e-07	0	0	-1	img_PX4_2__0_1760614224201103500.png
PX4_3	1760614222764	0	0	0.569113	0.707107	0	0	-0.707107	img_PX4_3__0_1760614224266898700.png
PX4_1	1760614222824	0	0	0.569113	1	0	0	0	img_PX4_1__0_1760614224327618500.png
PX4_4	1760614222890	0	0	0.569113	0.707107	0	0	0.707107	img_PX4_4__0_1760614224393419600.png
PX4_2	1760614222956	0	0	0.569113	3.57628e-07	0	0	-1	img_PX4_2__0_1760614224461340900.png
PX4_3	1760614223022	0	0	0.569113	0.707107	0	0	-0.707107	img_PX4_3__0_1760614224527769100.png
PX4_1	1760614223085	0	0	0.569113	1	0	0	0	img_PX4_1__0_1760614224588331100.png
PX4_4	1760614223148	0	0	0.569113	0.707107	0	0	0.707107	img_PX4_4__0_1760614224652973000.png
PX4_2	1760614223217	0	0	0.569113	3.57628e-07	0	0	-1	img_PX4_2__0_1760614224721064800.png
PX4_3	1760614223283	0	0	0.569113	0.707107	0	0	-0.707107	img_PX4_3__0_1760614224787502700.png
PX4_1	1760614223343	0	0	0.569113	1	0	0	0	img_PX4_1__0_1760614224847951600.png
PX4_4	1760614223406	0	0	0.569113	0.707107	0	0	0.707107	img_PX4_4__0_1760614224912406400.png
PX4_2	1760614223478	0	0	0.569113	3.57628e-07	0	0	-1	img_PX4_2__0_1760614224983339400.png
PX4_3	1760614223544	0	0	0.569113	0.707107	0	0	-0.707107	img_PX4_3__0_1760614225051532400.png
PX4_1	1760614223607	0	0	0.569113	1	0	0	0	img_PX4_1__0_1760614225114842900.png
PX4_4	1760614223673	0	0	0.569113	0.707107	0	0	0.707107	img_PX4_4__0_1760614225178432900.png
PX4_2	1760614223742	0	0	0.569113	3.57628e-07	0	0	-1	img_PX4_2__0_1760614225248960800.png
PX4_3	1760614223802	0	0	0.569113	0.707107	0	0	-0.707107	img_PX4_3__0_1760614225310077500.png
PX4_1	1760614223859	0	0	0.569113	1	0	0	0	img_PX4_1__0_1760614225368140800.png
PX4_4	1760614223925	0	0	0.569113	0.707107	0	0	0.707107	img_PX4_4__0_1760614225432864400.png
PX4_2	1760614223988	0	0	0.569113	3.57628e-07	0	0	-1	img_PX4_2__0_1760614225495437300.png
PX4_3	1760614224051	0	0	0.569113	0.707107	0	0	-0.707107	img_PX4_3__0_1760614225560652900.png
PX4_1	1760614224114	0	0	0.569113	1	0	0	0	img_PX4_1__0_1760614225624461400.png
PX4_4	1760614224183	0	0	0.569113	0.707107	0	0	0.707107	img_PX4_4__0_1760614225691500700.png
PX4_2	1760614224258	0	0	0.569113	3.57628e-07	0	0	-1	img_PX4_2__0_1760614225767717600.png
PX4_3	1760614224324	0	0	0.569113	0.707107	0	0	-0.707107	img_PX4_3__0_1760614225835069400.png
PX4_1	1760614224390	0	0	0.569113	1	0	0	0	img_PX4_1__0_1760614225899315500.png
PX4_4	1760614224468	0	0	0.569113	0.707107	0	0	0.707107	img_PX4_4__0_1760614225978089800.png
PX4_2	1760614224549	0	0	0.569113	3.57628e-07	0	0	-1	img_PX4_2__0_1760614226059732200.png
PX4_3	1760614224621	0	0	0.569113	0.707107	0	0	-0.707107	img_PX4_3__0_1760614226130834600.png
PX4_1	1760614224690	0	0	0.569113	1	0	0	0	img_PX4_1__0_1760614226200528800.png
PX4_4	1760614224768	0	0	0.569113	0.707107	0	0	0.707107	img_PX4_4__0_1760614226279705000.png
PX4_2	1760614224840	0	0	0.569113	3.57628e-07	0	0	-1	img_PX4_2__0_1760614226352458400.png
PX4_3	1760614224921	0	0	0.569113	0.707107	0	0	-0.707107	img_PX4_3__0_1760614226434150400.png
PX4_1	1760614224984	0	0	0.569113	1	0	0	0	img_PX4_1__0_1760614226498668700.png
PX4_4	1760614225056	0	0	0.569113	0.707107	0	0	0.707107	img_PX4_4__0_1760614226571187600.png
PX4_2	1760614225134	0	0	0.569113	3.57628e-07	0	0	-1	img_PX4_2__0_1760614226648784700.png
PX4_3	1760614225209	0	0	0.569113	0.707107	0	0	-0.707107	img_PX4_3__0_1760614226723614900.png
PX4_1	1760614225278	0	0	0.569113	1	0	0	0	img_PX4_1__0_1760614226793765400.png
PX4_4	1760614225365	0	0	0.569113	0.707107	0	0	0.707107	img_PX4_4__0_1760614226879935700.png
PX4_2	1760614225425	0	0	0.569113	3.57628e-07	0	0	-1	img_PX4_2__0_1760614226943069500.png
PX4_3	1760614225473	0	0	0.569113	0.707107	0	0	-0.707107	img_PX4_3__0_1760614226991315900.png
PX4_1	1760614225548	0	0	0.569113	1	0	0	0	img_PX4_1__0_1760614227066924800.png
PX4_4	1760614225635	0	0	0.569113	0.707107	0	0	0.707107	img_PX4_4__0_1760614227153679700.png
PX4_2	1760614225719	0	0	0.569113	3.57628e-07	0	0	-1	img_PX4_2__0_1760614227239255100.png
PX4_3	1760614225794	0	0	0.569113	0.707107	0	0	-0.707107	img_PX4_3__0_1760614227314345200.png
PX4_1	1760614225869	0	0	0.569113	1	0	0	0	img_PX4_1__0_1760614227386981800.png
PX4_4	1760614225947	0	0	0.569113	0.707107	0	0	0.707107	img_PX4_4__0_1760614227466292100.png
PX4_2	1760614226001	0	0	0.569113	3.57628e-07	0	0	-1	img_PX4_2__0_1760614227520617100.png
PX4_3	1760614226046	0	0	0.569113	0.707107	0	0	-0.707107	img_PX4_3__0_1760614227566052300.png
PX4_1	1760614226109	0	0	0.569113	1	0	0	0	img_PX4_1__0_1760614227629638600.png
PX4_4	1760614226175	0	0	0.569113	0.707107	0	0	0.707107	img_PX4_4__0_1760614227696489200.png
PX4_2	1760614226244	0	0	0.569113	3.57628e-07	0	0	-1	img_PX4_2__0_1760614227763902700.png
PX4_3	1760614226310	0	0	0.569113	0.707107	0	0	-0.707107	img_PX4_3__0_1760614227831719600.png
PX4_1	1760614226373	0	0	0.569113	1	0	0	0	img_PX4_1__0_1760614227893420200.png
PX4_4	1760614226439	0	0	0.569113	0.707107	0	0	0.707107	img_PX4_4__0_1760614227961648100.png
PX4_2	1760614226505	0	0	0.569113	3.57628e-07	0	0	-1	img_PX4_2__0_1760614228027784100.png
PX4_3	1760614226568	0	0	0.569113	0.707107	0	0	-0.707107	img_PX4_3__0_1760614228090402300.png
PX4_1	1760614226625	0	0	0.569113	1	0	0	0	img_PX4_1__0_1760614228145496400.png
PX4_4	1760614226679	0	0	0.569113	0.707107	0	0	0.707107	img_PX4_4__0_1760614228202681300.png
PX4_2	1760614226745	0	0	0.569113	3.57628e-07	0	0	-1	img_PX4_2__0_1760614228268771200.png
PX4_3	1760614226814	0	0	0.569113	0.707107	0	0	-0.707107	img_PX4_3__0_1760614228339313900.png
PX4_1	1760614226877	0	0	0.569113	1	0	0	0	img_PX4_1__0_1760614228400391200.png
PX4_4	1760614226943	0	0	0.569113	0.707107	0	0	0.707107	img_PX4_4__0_1760614228468156200.png
PX4_2	1760614227018	0	0	0.569113	3.57628e-07	0	0	-1	img_PX4_2__0_1760614228544902000.png
PX4_3	1760614227090	0	0	0.569113	0.707107	0	0	-0.707107	img_PX4_3__0_1760614228617599700.png
PX4_1	1760614227153	0	0	0.569113	1	0	0	0	img_PX4_1__0_1760614228680476900.png
PX4_4	1760614227222	0	0	0.569113	0.707107	0	0	0.707107	img_PX4_4__0_1760614228749061200.png
PX4_2	1760614227288	0	0	0.569113	3.57628e-07	0	0	-1	img_PX4_2__0_1760614228815812800.png
PX4_3	1760614227360	0	0	0.569113	0.707107	0	0	-0.707107	img_PX4_3__0_1760614228888869600.png
PX4_1	1760614227417	0	0	0.569113	1	0	0	0	img_PX4_1__0_1760614228944835700.png
PX4_4	1760614227480	0	0	0.569113	0.707107	0	0	0.707107	img_PX4_4__0_1760614229010815400.png
PX4_2	1760614227552	0	0	0.569113	3.57628e-07	0	0	-1	img_PX4_2__0_1760614229079161100.png
PX4_3	1760614227618	0	0	0.569113	0.707107	0	0	-0.707107	img_PX4_3__0_1760614229147728100.png
PX4_1	1760614227675	0	0	0.569113	1	0	0	0	img_PX4_1__0_1760614229203625400.png
PX4_4	1760614227750	0	0	0.569113	0.707107	0	0	0.707107	img_PX4_4__0_1760614229278336700.png
PX4_2	1760614227822	0	0	0.569113	3.57628e-07	0	0	-1	img_PX4_2__0_1760614229351904000.png
PX4_3	1760614227888	0	0	0.569113	0.707107	0	0	-0.707107	img_PX4_3__0_1760614229419790800.png
PX4_1	1760614227954	0	0	0.569113	1	0	0	0	img_PX4_1__0_1760614229483924200.png
PX4_4	1760614228023	0	0	0.569113	0.707107	0	0	0.707107	img_PX4_4__0_1760614229553058100.png
PX4_2	1760614228092	0	0	0.569113	3.57628e-07	0	0	-1	img_PX4_2__0_1760614229622506500.png
PX4_3	1760614228164	0	0	0.569113	0.707107	0	0	-0.707107	img_PX4_3__0_1760614229696873000.png
PX4_1	1760614228221	0	0	0.569113	1	0	0	0	img_PX4_1__0_1760614229751786600.png
PX4_4	1760614228290	0	0	0.569113	0.707107	0	0	0.707107	img_PX4_4__0_1760614229823263900.png
PX4_2	1760614228341	0	0	0.569113	3.57628e-07	0	0	-1	img_PX4_2__0_1760614229872942200.png
PX4_3	1760614228386	0	0	0.569113	0.707107	0	0	-0.707107	img_PX4_3__0_1760614229917167000.png
PX4_1	1760614228446	0	0	0.569113	1	0	0	0	img_PX4_1__0_1760614229978344500.png
PX4_4	1760614228509	0	0	0.569113	0.707107	0	0	0.707107	img_PX4_4__0_1760614230042109600.png
PX4_2	1760614228578	0	0	0.569113	3.57628e-07	0	0	-1	img_PX4_2__0_1760614230111049100.png
PX4_3	1760614228644	0	0	0.569113	0.707107	0	0	-0.707107	img_PX4_3__0_1760614230177159800.png
PX4_1	1760614228704	0	0	0.569113	1	0	0	0	img_PX4_1__0_1760614230235651300.png
PX4_4	1760614228764	0	0	0.569113	0.707107	0	0	0.707107	img_PX4_4__0_1760614230297869400.png
PX4_2	1760614228836	0	0	0.569113	3.57628e-07	0	0	-1	img_PX4_2__0_1760614230369707200.png
PX4_3	1760614228902	0	0	0.569113	0.707107	0	0	-0.707107	img_PX4_3__0_1760614230435729000.png
PX4_1	1760614228959	0	0	0.569113	1	0	0	0	img_PX4_1__0_1760614230492220900.png
PX4_4	1760614229019	0	0	0.569113	0.707107	0	0	0.707107	img_PX4_4__0_1760614230554917000.png
PX4_2	1760614229085	0	0	0.569113	3.57628e-07	0	0	-1	img_PX4_2__0_1760614230619526500.png
PX4_3	1760614229148	0	0	0.569113	0.707107	0	0	-0.707107	img_PX4_3__0_1760614230685409100.png
PX4_1	1760614229208	0	0	0.569113	1	0	0	0	img_PX4_1__0_1760614230743509800.png
PX4_4	1760614229280	0	0	0.569113	0.707107	0	0	0.707107	img_PX4_4__0_1760614230814606000.png
PX4_2	1760614229358	0	0	0.569113	3.57628e-07	0	0	-1	img_PX4_2__0_1760614230894825300.png
PX4_3	1760614229433	0	0	0.569113	0.707107	0	0	-0.707107	img_PX4_3__0_1760614230970470200.png
PX4_1	1760614229499	0	0	0.569113	1	0	0	0	img_PX4_1__0_1760614231036008600.png
PX4_4	1760614229571	0	0	0.569113	0.707107	0	0	0.707107	img_PX4_4__0_1760614231110220000.png
PX4_2	1760614229637	0	0	0.569113	3.57628e-07	0	0	-1	img_PX4_2__0_1760614231178203000.png
PX4_3	1760614229688	0	0	0.569113	0.707107	0	0	-0.707107	img_PX4_3__0_1760614231225697700.png
PX4_1	1760614229745	0	0	0.569113	1	0	0	0	img_PX4_1__0_1760614231282398500.png
PX4_4	1760614229808	0	0	0.569113	0.707107	0	0	0.707107	img_PX4_4__0_1760614231346678700.png
PX4_2	1760614229880	0	0	0.569113	3.57628e-07	0	0	-1	img_PX4_2__0_1760614231417758500.png
PX4_3	1760614229934	0	0	0.569113	0.707107	0	0	-0.707107	img_PX4_3__0_1760614231474753500.png
PX4_1	1760614230003	0	0	0.569113	1	0	0	0	img_PX4_1__0_1760614231544436100.png
PX4_4	1760614230078	0	0	0.569113	0.707107	0	0	0.707107	img_PX4_4__0_1760614231621268600.png
PX4_2	1760614230144	0	0	0.569113	3.57628e-07	0	0	-1	img_PX4_2__0_1760614231686794800.png
PX4_3	1760614230210	0	0	0.569113	0.707107	0	0	-0.707107	img_PX4_3__0_1760614231752790600.png
PX4_1	1760614230270	0	0	0.569113	1	0	0	0	img_PX4_1__0_1760614231813161200.png
PX4_4	1760614230339	0	0	0.569113	0.707107	0	0	0.707107	img_PX4_4__0_1760614231880873800.png
PX4_2	1760614230408	0	0	0.569113	3.57628e-07	0	0	-1	img_PX4_2__0_1760614231949374000.png
PX4_3	1760614230471	0	0	0.569113	0.707107	0	0	-0.707107	img_PX4_3__0_1760614232015500400.png
PX4_1	1760614230534	0	0	0.569113	1	0	0	0	img_PX4_1__0_1760614232077741200.png
PX4_4	1760614230600	0	0	0.569113	0.707107	0	0	0.707107	img_PX4_4__0_1760614232143576800.png
PX4_2	1760614230669	0	0	0.569113	3.57628e-07	0	0	-1	img_PX4_2__0_1760614232212661100.png
PX4_3	1760614230738	0	0	0.569113	0.707107	0	0	-0.707107	img_PX4_3__0_1760614232281748800.png
PX4_1	1760614230795	0	0	0.569113	1	0	0	0	img_PX4_1__0_1760614232338256500.png
PX4_4	1760614230858	0	0	0.569113	0.707107	0	0	0.707107	img_PX4_4__0_1760614232402074900.png
PX4_2	1760614230927	0	0	0.569113	3.57628e-07	0	0	-1	img_PX4_2__0_1760614232470636900.png
PX4_3	1760614230996	0	0	0.569113	0.707107	0	0	-0.707107	img_PX4_3__0_1760614232539680900.png
PX4_1	1760614231056	0	0	0.569113	1	0	0	0	img_PX4_1__0_1760614232599120300.png
PX4_4	1760614231122	0	0	0.569113	0.707107	0	0	0.707107	img_PX4_4__0_1760614232666465400.png
PX4_2	1760614231185	0	0	0.569113	3.57628e-07	0	0	-1	img_PX4_2__0_1760614232729170900.png
PX4_3	1760614231233	0	0	0.569113	0.707107	0	0	-0.707107	img_PX4_3__0_1760614232777049800.png
PX4_1	1760614231284	0	0	0.569113	1	0	0	0	img_PX4_1__0_1760614232829127700.png
PX4_4	1760614231344	0	0	0.569113	0.707107	0	0	0.707107	img_PX4_4__0_1760614232890119400.png
PX4_2	1760614231416	0	0	0.569113	3.57628e-07	0	0	-1	img_PX4_2__0_1760614232961517500.png
PX4_3	1760614231479	0	0	0.569113	0.707107	0	0	-0.707107	img_PX4_3__0_1760614233025337500.png
PX4_1	1760614231539	0	0	0.569113	1	0	0	0	img_PX4_1__0_1760614233083982500.png
PX4_4	1760614231605	0	0	0.569113	0.707107	0	0	0.707107	img_PX4_4__0_1760614233151074400.png
PX4_2	1760614231677	0	0	0.569113	3.57628e-07	0	0	-1	img_PX4_2__0_1760614233225363800.png
PX4_3	1760614231743	0	0	0.569113	0.707107	0	0	-0.707107	img_PX4_3__0_1760614233291257000.png
PX4_1	1760614231806	0	0	0.569113	1	0	0	0	img_PX4_1__0_1760614233354619100.png
PX4_4	1760614231872	0	0	0.569113	0.707107	0	0	0.707107	img_PX4_4__0_1760614233420951500.png
PX4_2	1760614231947	0	0	0.569113	3.57628e-07	0	0	-1	img_PX4_2__0_1760614233496461200.png
PX4_3	1760614232013	0	0	0.569113	0.707107	0	0	-0.707107	img_PX4_3__0_1760614233563823700.png
PX4_1	1760614232070	0	0	0.569113	1	0	0	0	img_PX4_1__0_1760614233619144700.png
PX4_4	1760614232127	0	0	0.569113	0.707107	0	0	0.707107	img_PX4_4__0_1760614233678381900.png
PX4_2	1760614232193	0	0	0.569113	3.57628e-07	0	0	-1	img_PX4_2__0_1760614233743974700.png
PX4_3	1760614232265	0	0	0.569113	0.707107	0	0	-0.707107	img_PX4_3__0_1760614233818097800.png
PX4_1	1760614232325	0	0	0.569113	1	0	0	0	img_PX4_1__0_1760614233875367400.png
PX4_4	1760614232391	0	0	0.569113	0.707107	0	0	0.707107	img_PX4_4__0_1760614233943196000.png
PX4_2	1760614232463	0	0	0.569113	3.57628e-07	0	0	-1	img_PX4_2__0_1760614234013791400.png
PX4_3	1760614232532	0	0	0.569113	0.707107	0	0	-0.707107	img_PX4_3__0_1760614234084563000.png
PX4_1	1760614232592	0	0	0.569113	1	0	0	0	img_PX4_1__0_1760614234143595600.png
PX4_4	1760614232655	0	0	0.569113	0.707107	0	0	0.707107	img_PX4_4__0_1760614234207562200.png
PX4_2	1760614232700	0	0	0.569113	3.57628e-07	0	0	-1	img_PX4_2__0_1760614234252854600.png
PX4_3	1760614232766	0	0	0.569113	0.707107	0	0	-0.707107	img_PX4_3__0_1760614234319744700.png
PX4_1	1760614232826	0	0	0.569113	1	0	0	0	img_PX4_1__0_1760614234379810100.png
PX4_4	1760614232892	0	0	0.569113	0.707107	0	0	0.707107	img_PX4_4__0_1760614234444374200.png
PX4_2	1760614232949	0	0	0.569113	3.57628e-07	0	0	-1	img_PX4_2__0_1760614234503603600.png
PX4_3	1760614233021	0	0	0.569113	0.707107	0	0	-0.707107	img_PX4_3__0_1760614234574684100.png
PX4_1	1760614233087	0	0	0.569113	1	0	0	0	img_PX4_1__0_1760614234642830500.png
PX4_4	1760614233153	0	0	0.569113	0.707107	0	0	0.707107	img_PX4_4__0_1760614234707750700.png
PX4_2	1760614233222	0	0	0.569113	3.57628e-07	0	0	-1	img_PX4_2__0_1760614234776957300.png
PX4_3	1760614233288	0	0	0.569113	0.707107	0	0	-0.707107	img_PX4_3__0_1760614234843247000.png
PX4_1	1760614233345	0	0	0.569113	1	0	0	0	img_PX4_1__0_1760614234899955900.png
PX4_4	1760614233411	0	0	0.569113	0.707107	0	0	0.707107	img_PX4_4__0_1760614234968555300.png
PX4_2	1760614233483	0	0	0.569113	3.57628e-07	0	0	-1	img_PX4_2__0_1760614235037636900.png
PX4_3	1760614233552	0	0	0.569113	0.707107	0	0	-0.707107	img_PX4_3__0_1760614235108128600.png
PX4_1	1760614233618	0	0	0.569113	1	0	0	0	img_PX4_1__0_1760614235173518700.png
PX4_4	1760614233684	0	0	0.569113	0.707107	0	0	0.707107	img_PX4_4__0_1760614235241223500.png
PX4_2	1760614233753	0	0	0.569113	3.57628e-07	0	0	-1	img_PX4_2__0_1760614235308946500.png
PX4_3	1760614233819	0	0	0.569113	0.707107	0	0	-0.707107	img_PX4_3__0_1760614235377262500.png
PX4_1	1760614233882	0	0	0.569113	1	0	0	0	img_PX4_1__0_1760614235439078200.png
PX4_4	1760614233945	0	0	0.569113	0.707107	0	0	0.707107	img_PX4_4__0_1760614235503496000.png
PX4_2	1760614234014	0	0	0.569113	3.57628e-07	0	0	-1	img_PX4_2__0_1760614235573283900.png
PX4_3	1760614234083	0	0	0.569113	0.707107	0	0	-0.707107	img_PX4_3__0_1760614235640975100.png
PX4_1	1760614234149	0	0	0.569113	1	0	0	0	img_PX4_1__0_1760614235706449400.png
PX4_4	1760614234218	0	0	0.569113	0.707107	0	0	0.707107	img_PX4_4__0_1760614235778490300.png
PX4_2	1760614234293	0	0	0.569113	3.57628e-07	0	0	-1	img_PX4_2__0_1760614235852240700.png
PX4_3	1760614234359	0	0	0.569113	0.707107	0	0	-0.707107	img_PX4_3__0_1760614235918534000.png
PX4_1	1760614234425	0	0	0.569113	1	0	0	0	img_PX4_1__0_1760614235984353600.png
PX4_4	1760614234488	0	0	0.569113	0.707107	0	0	0.707107	img_PX4_4__0_1760614236050574500.png
PX4_2	1760614234563	0	0	0.569113	3.57628e-07	0	0	-1	img_PX4_2__0_1760614236122689300.png
PX4_3	1760614234626	0	0	0.569113	0.707107	0	0	-0.707107	img_PX4_3__0_1760614236186192000.png
PX4_1	1760614234680	0	0	0.569113	1	0	0	0	img_PX4_1__0_1760614236241916400.png
PX4_4	1760614234746	0	0	0.569113	0.707107	0	0	0.707107	img_PX4_4__0_1760614236306540300.png
PX4_2	1760614234815	0	0	0.569113	3.57628e-07	0	0	-1	img_PX4_2__0_1760614236376529800.png
PX4_3	1760614234881	0	0	0.569113	0.707107	0	0	-0.707107	img_PX4_3__0_1760614236441957800.png
PX4_1	1760614234941	0	0	0.569113	1	0	0	0	img_PX4_1__0_1760614236501739800.png
PX4_4	1760614235001	0	0	0.569113	0.707107	0	0	0.707107	img_PX4_4__0_1760614236563943400.png
PX4_2	1760614235070	0	0	0.569113	3.57628e-07	0	0	-1	img_PX4_2__0_1760614236633156900.png
PX4_3	1760614235142	0	0	0.569113	0.707107	0	0	-0.707107	img_PX4_3__0_1760614236705028400.png
PX4_1	1760614235205	0	0	0.569113	1	0	0	0	img_PX4_1__0_1760614236768672400.png
PX4_4	1760614235271	0	0	0.569113	0.707107	0	0	0.707107	img_PX4_4__0_1760614236832350500.png
PX4_2	1760614235337	0	0	0.569113	3.57628e-07	0	0	-1	img_PX4_2__0_1760614236899590700.png
PX4_3	1760614235400	0	0	0.569113	0.707107	0	0	-0.707107	img_PX4_3__0_1760614236964161000.png
PX4_1	1760614235460	0	0	0.569113	1	0	0	0	img_PX4_1__0_1760614237021741200.png
PX4_4	1760614235529	0	0	0.569113	0.707107	0	0	0.707107	img_PX4_4__0_1760614237093643200.png
PX4_2	1760614235598	0	0	0.569113	3.57628e-07	0	0	-1	img_PX4_2__0_1760614237161916700.png
PX4_3	1760614235664	0	0	0.569113	0.707107	0	0	-0.707107	img_PX4_3__0_1760614237228787000.png
PX4_1	1760614235727	0	0	0.569113	1	0	0	0	img_PX4_1__0_1760614237289679900.png
PX4_4	1760614235799	0	0	0.569113	0.707107	0	0	0.707107	img_PX4_4__0_1760614237363279800.png
PX4_2	1760614235874	0	0	0.569113	3.57628e-07	0	0	-1	img_PX4_2__0_1760614237439356700.png
PX4_3	1760614235937	0	0	0.569113	0.707107	0	0	-0.707107	img_PX4_3__0_1760614237502888500.png
PX4_1	1760614236006	0	0	0.569113	1	0	0	0	img_PX4_1__0_1760614237572399000.png
PX4_4	1760614236081	0	0	0.569113	0.707107	0	0	0.707107	img_PX4_4__0_1760614237646612500.png
PX4_2	1760614236159	0	0	0.569113	3.57628e-07	0	0	-1	img_PX4_2__0_1760614237724751700.png
PX4_3	1760614236237	0	0	0.569113	0.707107	0	0	-0.707107	img_PX4_3__0_1760614237802834000.png
PX4_1	1760614236300	0	0	0.569113	1	0	0	0	img_PX4_1__0_1760614237867581500.png
PX4_4	1760614236369	0	0	0.569113	0.707107	0	0	0.707107	img_PX4_4__0_1760614237936064700.png
PX4_2	1760614236441	0	0	0.569113	3.57628e-07	0	0	-1	img_PX4_2__0_1760614238006545000.png
PX4_3	1760614236516	0	0	0.569113	0.707107	0	0	-0.707107	img_PX4_3__0_1760614238082519000.png
PX4_1	1760614236585	0	0	0.569113	1	0	0	0	img_PX4_1__0_1760614238151683500.png
PX4_4	1760614236654	0	0	0.569113	0.707107	0	0	0.707107	img_PX4_4__0_1760614238223010700.png
PX4_2	1760614236729	0	0	0.569113	3.57628e-07	0	0	-1	img_PX4_2__0_1760614238297659100.png
PX4_3	1760614236801	0	0	0.569113	0.707107	0	0	-0.707107	img_PX4_3__0_1760614238368829300.png
PX4_1	1760614236867	0	0	0.569113	1	0	0	0	img_PX4_1__0_1760614238433502800.png
PX4_4	1760614236933	0	0	0.569113	0.707107	0	0	0.707107	img_PX4_4__0_1760614238500303800.png
PX4_2	1760614237002	0	0	0.569113	3.57628e-07	0	0	-1	img_PX4_2__0_1760614238569099500.png
PX4_3	1760614237065	0	0	0.569113	0.707107	0	0	-0.707107	img_PX4_3__0_1760614238635355300.png
PX4_1	1760614237128	0	0	0.569113	1	0	0	0	img_PX4_1__0_1760614238695785600.png
PX4_4	1760614237191	0	0	0.569113	0.707107	0	0	0.707107	img_PX4_4__0_1760614238762061700.png
PX4_2	1760614237260	0	0	0.569113	3.57628e-07	0	0	-1	img_PX4_2__0_1760614238831204800.png
PX4_3	1760614237332	0	0	0.569113	0.707107	0	0	-0.707107	img_PX4_3__0_1760614238900715400.png
PX4_1	1760614237410	0	0	0.569113	1	0	0	0	img_PX4_1__0_1760614238978798100.png
PX4_4	1760614237485	0	0	0.569113	0.707107	0	0	0.707107	img_PX4_4__0_1760614239055099300.png
PX4_2	1760614237569	0	0	0.569113	3.57628e-07	0	0	-1	img_PX4_2__0_1760614239142228900.png
PX4_3	1760614237647	0	0	0.569113	0.707107	0	0	-0.707107	img_PX4_3__0_1760614239218179100.png
PX4_1	1760614237719	0	0	0.569113	1	0	0	0	img_PX4_1__0_1760614239289209600.png
PX4_4	1760614237794	0	0	0.569113	0.707107	0	0	0.707107	img_PX4_4__0_1760614239366385800.png
PX4_2	1760614237866	0	0	0.569113	3.57628e-07	0	0	-1	img_PX4_2__0_1760614239439101800.png
PX4_3	1760614237944	0	0	0.569113	0.707107	0	0	-0.707107	img_PX4_3__0_1760614239516883600.png
PX4_1	1760614238010	0	0	0.569113	1	0	0	0	img_PX4_1__0_1760614239583943800.png
PX4_4	1760614238088	0	0	0.569113	0.707107	0	0	0.707107	img_PX4_4__0_1760614239659921000.png
PX4_2	1760614238163	0	0	0.569113	3.57628e-07	0	0	-1	img_PX4_2__0_1760614239736591200.png
PX4_3	1760614238238	0	0	0.569113	0.707107	0	0	-0.707107	img_PX4_3__0_1760614239813037000.png
PX4_1	1760614238301	0	0	0.569113	1	0	0	0	img_PX4_1__0_1760614239875446100.png
PX4_4	1760614238376	0	0	0.569113	0.707107	0	0	0.707107	img_PX4_4__0_1760614239949411500.png
PX4_2	1760614238469	0	0	0.569113	3.57628e-07	0	0	-1	img_PX4_2__0_1760614240043411600.png
PX4_3	1760614238538	0	0	0.569113	0.707107	0	0	-0.707107	img_PX4_3__0_1760614240111658200.png
PX4_1	1760614238610	0	0	0.569113	1	0	0	0	img_PX4_1__0_1760614240182952900.png
PX4_4	1760614238679	0	0	0.569113	0.707107	0	0	0.707107	img_PX4_4__0_1760614240255304400.png
PX4_2	1760614238757	0	0	0.569113	3.57628e-07	0	0	-1	img_PX4_2__0_1760614240332901000.png
PX4_3	1760614238832	0	0	0.569113	0.707107	0	0	-0.707107	img_PX4_3__0_1760614240409305500.png
PX4_1	1760614238907	0	0	0.569113	1	0	0	0	img_PX4_1__0_1760614240482031100.png
PX4_4	1760614238976	0	0	0.569113	0.707107	0	0	0.707107	img_PX4_4__0_1760614240553846400.png
PX4_2	1760614239057	0	0	0.569113	3.57628e-07	0	0	-1	img_PX4_2__0_1760614240634510000.png
PX4_3	1760614239132	0	0	0.569113	0.707107	0	0	-0.707107	img_PX4_3__0_1760614240711179000.png
PX4_1	1760614239195	0	0	0.569113	1	0	0	0	img_PX4_1__0_1760614240775605400.png
PX4_4	1760614239267	0	0	0.569113	0.707107	0	0	0.707107	img_PX4_4__0_1760614240846386500.png
PX4_2	1760614239339	0	0	0.569113	3.57628e-07	0	0	-1	img_PX4_2__0_1760614240919099000.png
PX4_3	1760614239405	0	0	0.569113	0.707107	0	0	-0.707107	img_PX4_3__0_1760614240985215800.png
PX4_1	1760614239468	0	0	0.569113	1	0	0	0	img_PX4_1__0_1760614241049454800.png
PX4_4	1760614239534	0	0	0.569113	0.707107	0	0	0.707107	img_PX4_4__0_1760614241114289600.png
PX4_2	1760614239603	0	0	0.569113	3.57628e-07	0	0	-1	img_PX4_2__0_1760614241185445700.png
PX4_3	1760614239672	0	0	0.569113	0.707107	0	0	-0.707107	img_PX4_3__0_1760614241254351200.png
PX4_1	1760614239732	0	0	0.569113	1	0	0	0	img_PX4_1__0_1760614241312901700.png
PX4_4	1760614239795	0	0	0.569113	0.707107	0	0	0.707107	img_PX4_4__0_1760614241376550900.png
PX4_2	1760614239861	0	0	0.569113	3.57628e-07	0	0	-1	img_PX4_2__0_1760614241444262300.png
PX4_3	1760614239927	0	0	0.569113	0.707107	0	0	-0.707107	img_PX4_3__0_1760614241510011200.png
PX4_1	1760614239990	0	0	0.569113	1	0	0	0	img_PX4_1__0_1760614241571679400.png
PX4_4	1760614240056	0	0	0.569113	0.707107	0	0	0.707107	img_PX4_4__0_1760614241637225700.png
PX4_2	1760614240125	0	0	0.569113	3.57628e-07	0	0	-1	img_PX4_2__0_1760614241707263900.png
PX4_3	1760614240191	0	0	0.569113	0.707107	0	0	-0.707107	img_PX4_3__0_1760614241772642100.png
PX4_1	1760614240233	0	0	0.569113	1	0	0	0	img_PX4_1__0_1760614241815216000.png
PX4_4	1760614240299	0	0	0.569113	0.707107	0	0	0.707107	img_PX4_4__0_1760614241880618000.png
PX4_2	1760614240362	0	0	0.569113	3.57628e-07	0	0	-1	img_PX4_2__0_1760614241945804600.png
PX4_3	1760614240419	0	0	0.569113	0.707107	0	0	-0.707107	img_PX4_3__0_1760614242001439500.png
PX4_1	1760614240485	0	0	0.569113	1	0	0	0	img_PX4_1__0_1760614242067786100.png
PX4_4	1760614240548	0	0	0.569113	0.707107	0	0	0.707107	img_PX4_4__0_1760614242132046000.png
PX4_2	1760614240620	0	0	0.569113	3.57628e-07	0	0	-1	img_PX4_2__0_1760614242202742200.png
PX4_3	1760614240692	0	0	0.569113	0.707107	0	0	-0.707107	img_PX4_3__0_1760614242276864700.png
PX4_1	1760614240752	0	0	0.569113	1	0	0	0	img_PX4_1__0_1760614242335653600.png
PX4_4	1760614240821	0	0	0.569113	0.707107	0	0	0.707107	img_PX4_4__0_1760614242405388200.png
PX4_2	1760614240887	0	0	0.569113	3.57628e-07	0	0	-1	img_PX4_2__0_1760614242472784700.png
PX4_3	1760614240953	0	0	0.569113	0.707107	0	0	-0.707107	img_PX4_3__0_1760614242538172900.png
PX4_1	1760614241013	0	0	0.569113	1	0	0	0	img_PX4_1__0_1760614242597449500.png
PX4_4	1760614241076	0	0	0.569113	0.707107	0	0	0.707107	img_PX4_4__0_1760614242661774000.png
PX4_2	1760614241142	0	0	0.569113	3.57628e-07	0	0	-1	img_PX4_2__0_1760614242727177400.png
PX4_3	1760614241208	0	0	0.569113	0.707107	0	0	-0.707107	img_PX4_3__0_1760614242795929700.png
PX4_1	1760614241271	0	0	0.569113	1	0	0	0	img_PX4_1__0_1760614242856932400.png
PX4_4	1760614241340	0	0	0.569113	0.707107	0	0	0.707107	img_PX4_4__0_1760614242928190900.png
PX4_2	1760614241412	0	0	0.569113	3.57628e-07	0	0	-1	img_PX4_2__0_1760614242999510000.png
PX4_3	1760614241499	0	0	0.569113	0.707107	0	0	-0.707107	img_PX4_3__0_1760614243086473100.png
PX4_1	1760614241577	0	0	0.569113	1	0	0	0	img_PX4_1__0_1760614243163598700.png
PX4_4	1760614241673	0	0	0.569113	0.707107	0	0	0.707107	img_PX4_4__0_1760614243261467100.png
PX4_2	1760614241754	0	0	0.569113	3.57628e-07	0	0	-1	img_PX4_2__0_1760614243344548000.png
PX4_3	1760614241832	0	0	0.569113	0.707107	0	0	-0.707107	img_PX4_3__0_1760614243422029700.png
PX4_1	1760614241901	0	0	0.569113	1	0	0	0	img_PX4_1__0_1760614243491821000.png
PX4_4	1760614241979	0	0	0.569113	0.707107	0	0	0.707107	img_PX4_4__0_1760614243570881800.png
PX4_2	1760614242057	0	0	0.569113	3.57628e-07	0	0	-1	img_PX4_2__0_1760614243649765200.png
PX4_3	1760614242123	0	0	0.569113	0.707107	0	0	-0.707107	img_PX4_3__0_1760614243717037700.png
PX4_1	1760614242192	0	0	0.569113	1	0	0	0	img_PX4_1__0_1760614243785569800.png
PX4_4	1760614242267	0	0	0.569113	0.707107	0	0	0.707107	img_PX4_4__0_1760614243861946300.png
PX4_2	1760614242345	0	0	0.569113	3.57628e-07	0	0	-1	img_PX4_2__0_1760614243939238900.png
PX4_3	1760614242417	0	0	0.569113	0.707107	0	0	-0.707107	img_PX4_3__0_1760614244010505100.png
PX4_1	1760614242486	0	0	0.569113	1	0	0	0	img_PX4_1__0_1760614244080372900.png
PX4_4	1760614242567	0	0	0.569113	0.707107	0	0	0.707107	img_PX4_4__0_1760614244162402100.png
PX4_2	1760614242639	0	0	0.569113	3.57628e-07	0	0	-1	img_PX4_2__0_1760614244235269500.png
PX4_3	1760614242717	0	0	0.569113	0.707107	0	0	-0.707107	img_PX4_3__0_1760614244312482900.png
PX4_1	1760614242786	0	0	0.569113	1	0	0	0	img_PX4_1__0_1760614244382741200.png
PX4_4	1760614242864	0	0	0.569113	0.707107	0	0	0.707107	img_PX4_4__0_1760614244459161500.png
PX4_2	1760614242942	0	0	0.569113	3.57628e-07	0	0	-1	img_PX4_2__0_1760614244536635900.png
PX4_3	1760614243011	0	0	0.569113	0.707107	0	0	-0.707107	img_PX4_3__0_1760614244607859800.png
PX4_1	1760614243083	0	0	0.569113	1	0	0	0	img_PX4_1__0_1760614244678597500.png
PX4_4	1760614243152	0	0	0.569113	0.707107	0	0	0.707107	img_PX4_4__0_1760614244748316500.png
PX4_2	1760614243224	0	0	0.569113	3.57628e-07	0	0	-1	img_PX4_2__0_1760614244821676900.png
PX4_3	1760614243290	0	0	0.569113	0.707107	0	0	-0.707107	img_PX4_3__0_1760614244887194200.png
PX4_1	1760614243347	0	0	0.569113	1	0	0	0	img_PX4_1__0_1760614244943540700.png
PX4_4	1760614243411	0	0	0.569113	0.707107	0	0	0.707107	img_PX4_4__0_1760614245008291300.png
PX4_2	1760614243486	0	0	0.569113	3.57628e-07	0	0	-1	img_PX4_2__0_1760614245081465500.png
PX4_3	1760614243561	0	0	0.569113	0.707107	0	0	-0.707107	img_PX4_3__0_1760614245156974600.png
PX4_1	1760614243627	0	0	0.569113	1	0	0	0	img_PX4_1__0_1760614245221191700.png
PX4_4	1760614243693	0	0	0.569113	0.707107	0	0	0.707107	img_PX4_4__0_1760614245288363700.png
PX4_2	1760614243759	0	0	0.569113	3.57628e-07	0	0	-1	img_PX4_2__0_1760614245356922500.png
PX4_3	1760614243831	0	0	0.569113	0.707107	0	0	-0.707107	img_PX4_3__0_1760614245426584600.png
PX4_1	1760614243894	0	0	0.569113	1	0	0	0	img_PX4_1__0_1760614245490253900.png
PX4_4	1760614243966	0	0	0.569113	0.707107	0	0	0.707107	img_PX4_4__0_1760614245562065600.png
PX4_2	1760614244035	0	0	0.569113	3.57628e-07	0	0	-1	img_PX4_2__0_1760614245634154000.png
PX4_3	1760614244104	0	0	0.569113	0.707107	0	0	-0.707107	img_PX4_3__0_1760614245703174700.png
PX4_1	1760614244170	0	0	0.569113	1	0	0	0	img_PX4_1__0_1760614245766562700.png
PX4_4	1760614244236	0	0	0.569113	0.707107	0	0	0.707107	img_PX4_4__0_1760614245834047600.png
PX4_2	1760614244305	0	0	0.569113	3.57628e-07	0	0	-1	img_PX4_2__0_1760614245903995600.png
PX4_3	1760614244371	0	0	0.569113	0.707107	0	0	-0.707107	img_PX4_3__0_1760614245970563100.png
PX4_1	1760614244434	0	0	0.569113	1	0	0	0	img_PX4_1__0_1760614246031575500.png
PX4_4	1760614244515	0	0	0.569113	0.707107	0	0	0.707107	img_PX4_4__0_1760614246114180700.png
PX4_2	1760614244584	0	0	0.569113	3.57628e-07	0	0	-1	img_PX4_2__0_1760614246183008500.png
PX4_3	1760614244650	0	0	0.569113	0.707107	0	0	-0.707107	img_PX4_3__0_1760614246250261400.png
PX4_1	1760614244710	0	0	0.569113	1	0	0	0	img_PX4_1__0_1760614246309634800.png
PX4_4	1760614244776	0	0	0.569113	0.707107	0	0	0.707107	img_PX4_4__0_1760614246376157600.png
PX4_2	1760614244845	0	0	0.569113	3.57628e-07	0	0	-1	img_PX4_2__0_1760614246446826300.png
PX4_3	1760614244914	0	0	0.569113	0.707107	0	0	-0.707107	img_PX4_3__0_1760614246514317000.png
PX4_1	1760614244977	0	0	0.569113	1	0	0	0	img_PX4_1__0_1760614246577468700.png
PX4_4	1760614245043	0	0	0.569113	0.707107	0	0	0.707107	img_PX4_4__0_1760614246644238700.png
PX4_2	1760614245112	0	0	0.569113	3.57628e-07	0	0	-1	img_PX4_2__0_1760614246714075400.png
PX4_3	1760614245187	0	0	0.569113	0.707107	0	0	-0.707107	img_PX4_3__0_1760614246788192900.png
PX4_1	1760614245244	0	0	0.569113	1	0	0	0	img_PX4_1__0_1760614246844489300.png
PX4_4	1760614245310	0	0	0.569113	0.707107	0	0	0.707107	img_PX4_4__0_1760614246911519600.png
PX4_2	1760614245373	0	0	0.569113	3.57628e-07	0	0	-1	img_PX4_2__0_1760614246976191500.png
PX4_3	1760614245439	0	0	0.569113	0.707107	0	0	-0.707107	img_PX4_3__0_1760614247042633500.png
PX4_1	1760614245505	0	0	0.569113	1	0	0	0	img_PX4_1__0_1760614247106871200.png
PX4_4	1760614245568	0	0	0.569113	0.707107	0	0	0.707107	img_PX4_4__0_1760614247172605500.png
PX4_2	1760614245640	0	0	0.569113	3.57628e-07	0	0	-1	img_PX4_2__0_1760614247242670800.png
PX4_3	1760614245706	0	0	0.569113	0.707107	0	0	-0.707107	img_PX4_3__0_1760614247308561200.png
PX4_1	1760614245766	0	0	0.569113	1	0	0	0	img_PX4_1__0_1760614247368748900.png
PX4_4	1760614245838	0	0	0.569113	0.707107	0	0	0.707107	img_PX4_4__0_1760614247442652400.png
PX4_2	1760614245907	0	0	0.569113	3.57628e-07	0	0	-1	img_PX4_2__0_1760614247510870400.png
PX4_3	1760614245979	0	0	0.569113	0.707107	0	0	-0.707107	img_PX4_3__0_1760614247582997800.png
PX4_1	1760614246039	0	0	0.569113	1	0	0	0	img_PX4_1__0_1760614247641146100.png
PX4_4	1760614246108	0	0	0.569113	0.707107	0	0	0.707107	img_PX4_4__0_1760614247712627500.png
PX4_2	1760614246177	0	0	0.569113	3.57628e-07	0	0	-1	img_PX4_2__0_1760614247781551900.png
PX4_3	1760614246246	0	0	0.569113	0.707107	0	0	-0.707107	img_PX4_3__0_1760614247851680900.png
PX4_1	1760614246312	0	0	0.569113	1	0	0	0	img_PX4_1__0_1760614247917350300.png
PX4_4	1760614246384	0	0	0.569113	0.707107	0	0	0.707107	img_PX4_4__0_1760614247989371300.png
PX4_2	1760614246456	0	0	0.569113	3.57628e-07	0	0	-1	img_PX4_2__0_1760614248063316400.png
PX4_3	1760614246525	0	0	0.569113	0.707107	0	0	-0.707107	img_PX4_3__0_1760614248131945000.png
PX4_1	1760614246564	0	0	0.569113	1	0	0	0	img_PX4_1__0_1760614248170728100.png
PX4_4	1760614246630	0	0	0.569113	0.707107	0	0	0.707107	img_PX4_4__0_1760614248239291000.png
PX4_2	1760614246696	0	0	0.569113	3.57628e-07	0	0	-1	img_PX4_2__0_1760614248304398800.png
PX4_3	1760614246768	0	0	0.569113	0.707107	0	0	-0.707107	img_PX4_3__0_1760614248373886600.png
PX4_1	1760614246816	0	0	0.569113	1	0	0	0	img_PX4_1__0_1760614248424374600.png
PX4_4	1760614246885	0	0	0.569113	0.707107	0	0	0.707107	img_PX4_4__0_1760614248492803400.png
PX4_2	1760614246963	0	0	0.569113	3.57628e-07	0	0	-1	img_PX4_2__0_1760614248572296500.png
PX4_3	1760614247032	0	0	0.569113	0.707107	0	0	-0.707107	img_PX4_3__0_1760614248642622500.png
PX4_1	1760614247101	0	0	0.569113	1	0	0	0	img_PX4_1__0_1760614248712641200.png
PX4_4	1760614247182	0	0	0.569113	0.707107	0	0	0.707107	img_PX4_4__0_1760614248793804100.png
PX4_2	1760614247236	0	0	0.569113	3.57628e-07	0	0	-1	img_PX4_2__0_1760614248847733000.png
PX4_3	1760614247281	0	0	0.569113	0.707107	0	0	-0.707107	img_PX4_3__0_1760614248890572600.png
PX4_1	1760614247341	0	0	0.569113	1	0	0	0	img_PX4_1__0_1760614248951303600.png
PX4_4	1760614247413	0	0	0.569113	0.707107	0	0	0.707107	img_PX4_4__0_1760614249025383500.png
PX4_2	1760614247485	0	0	0.569113	3.57628e-07	0	0	-1	img_PX4_2__0_1760614249097136700.png
PX4_3	1760614247554	0	0	0.569113	0.707107	0	0	-0.707107	img_PX4_3__0_1760614249165723900.png
PX4_1	1760614247617	0	0	0.569113	1	0	0	0	img_PX4_1__0_1760614249228147000.png
PX4_4	1760614247683	0	0	0.569113	0.707107	0	0	0.707107	img_PX4_4__0_1760614249294999400.png
PX4_2	1760614247752	0	0	0.569113	3.57628e-07	0	0	-1	img_PX4_2__0_1760614249363150700.png
PX4_3	1760614247827	0	0	0.569113	0.707107	0	0	-0.707107	img_PX4_3__0_1760614249438818000.png
PX4_1	1760614247878	0	0	0.569113	1	0	0	0	img_PX4_1__0_1760614249489817000.png
PX4_4	1760614247944	0	0	0.569113	0.707107	0	0	0.707107	img_PX4_4__0_1760614249558089300.png
PX4_2	1760614248013	0	0	0.569113	3.57628e-07	0	0	-1	img_PX4_2__0_1760614249624349000.png
PX4_3	1760614248058	0	0	0.569113	0.707107	0	0	-0.707107	img_PX4_3__0_1760614249671632200.png
PX4_1	1760614248121	0	0	0.569113	1	0	0	0	img_PX4_1__0_1760614249735236600.png
PX4_4	1760614248193	0	0	0.569113	0.707107	0	0	0.707107	img_PX4_4__0_1760614249806201700.png
PX4_2	1760614248256	0	0	0.569113	3.57628e-07	0	0	-1	img_PX4_2__0_1760614249869644200.png
PX4_3	1760614248319	0	0	0.569113	0.707107	0	0	-0.707107	img_PX4_3__0_1760614249933828700.png
PX4_1	1760614248379	0	0	0.569113	1	0	0	0	img_PX4_1__0_1760614249994358000.png
PX4_4	1760614248448	0	0	0.569113	0.707107	0	0	0.707107	img_PX4_4__0_1760614250061737900.png
PX4_2	1760614248520	0	0	0.569113	3.57628e-07	0	0	-1	img_PX4_2__0_1760614250133319600.png
PX4_3	1760614248586	0	0	0.569113	0.707107	0	0	-0.707107	img_PX4_3__0_1760614250201570800.png
PX4_1	1760614248649	0	0	0.569113	1	0	0	0	img_PX4_1__0_1760614250262975100.png
PX4_4	1760614248721	0	0	0.569113	0.707107	0	0	0.707107	img_PX4_4__0_1760614250337192700.png
PX4_2	1760614248796	0	0	0.569113	3.57628e-07	0	0	-1	img_PX4_2__0_1760614250411424000.png
PX4_3	1760614248868	0	0	0.569113	0.707107	0	0	-0.707107	img_PX4_3__0_1760614250485445500.png
PX4_1	1760614248934	0	0	0.569113	1	0	0	0	img_PX4_1__0_1760614250549992300.png
PX4_4	1760614249000	0	0	0.569113	0.707107	0	0	0.707107	img_PX4_4__0_1760614250616556000.png
PX4_2	1760614249072	0	0	0.569113	3.57628e-07	0	0	-1	img_PX4_2__0_1760614250687756500.png
PX4_3	1760614249138	0	0	0.569113	0.707107	0	0	-0.707107	img_PX4_3__0_1760614250754016000.png
PX4_1	1760614250836	0	0	0.569113	1	0	0	0	img_PX4_1__0_1760614252454310900.png
PX4_4	1760614250884	0	0	0.569113	0.707107	0	0	0.707107	img_PX4_4__0_1760614252501203000.png
PX4_2	1760614250947	0	0	0.569113	3.57628e-07	0	0	-1	img_PX4_2__0_1760614252567094300.png
PX4_3	1760614251022	0	0	0.569113	0.707107	0	0	-0.707107	img_PX4_3__0_1760614252641184700.png
PX4_1	1760614251091	0	0	0.569113	1	0	0	0	img_PX4_1__0_1760614252712631400.png
PX4_4	1760614251160	0	0	0.569113	0.707107	0	0	0.707107	img_PX4_4__0_1760614252781831100.png
PX4_2	1760614251238	0	0	0.569113	3.57628e-07	0	0	-1	img_PX4_2__0_1760614252860998600.png
PX4_3	1760614251307	0	0	0.569113	0.707107	0	0	-0.707107	img_PX4_3__0_1760614252930351100.png
PX4_1	1760614251373	0	0	0.569113	1	0	0	0	img_PX4_1__0_1760614252993355300.png
PX4_4	1760614251436	0	0	0.569113	0.707107	0	0	0.707107	img_PX4_4__0_1760614253059455300.png
PX4_2	1760614251505	0	0	0.569113	3.57628e-07	0	0	-1	img_PX4_2__0_1760614253128334600.png
PX4_3	1760614251553	0	0	0.569113	0.707107	0	0	-0.707107	img_PX4_3__0_1760614253175607800.png
PX4_1	1760614251586	0	0	0.569113	1	0	0	0	img_PX4_1__0_1760614253209963500.png
PX4_4	1760614251655	0	0	0.569113	0.707107	0	0	0.707107	img_PX4_4__0_1760614253278787800.png
PX4_2	1760614252261	0	0	0.569113	3.57628e-07	0	0	-1	img_PX4_2__0_1760614253885941400.png
PX4_3	1760614252375	0	0	0.569113	0.707107	0	0	-0.707107	img_PX4_3__0_1760614254000566900.png
PX4_1	1760614252414	0	0	0.569113	1	0	0	0	img_PX4_1__0_1760614254036456400.png
PX4_4	1760614252501	0	0	0.569113	0.707107	0	0	0.707107	img_PX4_4__0_1760614254126332500.png
PX4_2	1760614252588	0	0	0.569113	3.57628e-07	0	0	-1	img_PX4_2__0_1760614254212908200.png
PX4_3	1760614252657	0	0	0.569113	0.707107	0	0	-0.707107	img_PX4_3__0_1760614254281777200.png
PX4_1	1760614252720	0	0	0.569113	1	0	0	0	img_PX4_1__0_1760614254345916600.png
PX4_4	1760614252789	0	0	0.569113	0.707107	0	0	0.707107	img_PX4_4__0_1760614254414312400.png
PX4_2	1760614252861	0	0	0.569113	3.57628e-07	0	0	-1	img_PX4_2__0_1760614254488064900.png
PX4_3	1760614252933	0	0	0.569113	0.707107	0	0	-0.707107	img_PX4_3__0_1760614254560829300.png
PX4_1	1760614252999	0	0	0.569113	1	0	0	0	img_PX4_1__0_1760614254626139500.png
PX4_4	1760614253062	0	0	0.569113	0.707107	0	0	0.707107	img_PX4_4__0_1760614254687715500.png
PX4_2	1760614253104	0	0	0.569113	3.57628e-07	0	0	-1	img_PX4_2__0_1760614254730845900.png
PX4_3	1760614253173	0	0	0.569113	0.707107	0	0	-0.707107	img_PX4_3__0_1760614254801377300.png
PX4_1	1760614254496	0	0	0.569113	1	0	0	0	img_PX4_1__0_1760614256122121100.png
PX4_4	1760614254550	0	0	0.569113	0.707107	0	0	0.707107	img_PX4_4__0_1760614256179524000.png
PX4_2	1760614254607	0	0	0.569113	3.57628e-07	0	0	-1	img_PX4_2__0_1760614256239127800.png
PX4_3	1760614254679	0	0	0.569113	0.707107	0	0	-0.707107	img_PX4_3__0_1760614256308901300.png
PX4_1	1760614254739	0	0	0.569113	1	0	0	0	img_PX4_1__0_1760614256368301900.png
PX4_4	1760614254808	0	0	0.569113	0.707107	0	0	0.707107	img_PX4_4__0_1760614256438549100.png
PX4_2	1760614254880	0	0	0.569113	3.57628e-07	0	0	-1	img_PX4_2__0_1760614256512176100.png
PX4_3	1760614254949	0	0	0.569113	0.707107	0	0	-0.707107	img_PX4_3__0_1760614256580591600.png
PX4_1	1760614255003	0	0	0.569113	1	0	0	0	img_PX4_1__0_1760614256635124400.png
PX4_4	1760614255072	0	0	0.569113	0.707107	0	0	0.707107	img_PX4_4__0_1760614256705011100.png
PX4_2	1760614255141	0	0	0.569113	3.57628e-07	0	0	-1	img_PX4_2__0_1760614256772727200.png
PX4_3	1760614255207	0	0	0.569113	0.707107	0	0	-0.707107	img_PX4_3__0_1760614256841257500.png
PX4_1	1760614255270	0	0	0.569113	1	0	0	0	img_PX4_1__0_1760614256901004600.png
PX4_4	1760614255336	0	0	0.569113	0.707107	0	0	0.707107	img_PX4_4__0_1760614256968814800.png
PX4_2	1760614255405	0	0	0.569113	3.57628e-07	0	0	-1	img_PX4_2__0_1760614257037303600.png
PX4_3	1760614255471	0	0	0.569113	0.707107	0	0	-0.707107	img_PX4_3__0_1760614257103021700.png
PX4_1	1760614255534	0	0	0.569113	1	0	0	0	img_PX4_1__0_1760614257166413100.png
PX4_4	1760614255600	0	0	0.569113	0.707107	0	0	0.707107	img_PX4_4__0_1760614257233887600.png
PX4_2	1760614255672	0	0	0.569113	3.57628e-07	0	0	-1	img_PX4_2__0_1760614257304754300.png
PX4_3	1760614255735	0	0	0.569113	0.707107	0	0	-0.707107	img_PX4_3__0_1760614257369295100.png
PX4_1	1760614255792	0	0	0.569113	1	0	0	0	img_PX4_1__0_1760614257425580400.png
PX4_4	1760614255861	0	0	0.569113	0.707107	0	0	0.707107	img_PX4_4__0_1760614257496708000.png
PX4_2	1760614255933	0	0	0.569113	3.57628e-07	0	0	-1	img_PX4_2__0_1760614257567071500.png
PX4_3	1760614256002	0	0	0.569113	0.707107	0	0	-0.707107	img_PX4_3__0_1760614257637769800.png
PX4_1	1760614256068	0	0	0.569113	1	0	0	0	img_PX4_1__0_1760614257703025400.png
PX4_4	1760614256137	0	0	0.569113	0.707107	0	0	0.707107	img_PX4_4__0_1760614257772423200.png
PX4_2	1760614256206	0	0	0.569113	3.57628e-07	0	0	-1	img_PX4_2__0_1760614257841333200.png
PX4_3	1760614256269	0	0	0.569113	0.707107	0	0	-0.707107	img_PX4_3__0_1760614257906246000.png
PX4_1	1760614256329	0	0	0.569113	1	0	0	0	img_PX4_1__0_1760614257964436200.png
PX4_4	1760614256395	0	0	0.569113	0.707107	0	0	0.707107	img_PX4_4__0_1760614258032024100.png
PX4_2	1760614256470	0	0	0.569113	3.57628e-07	0	0	-1	img_PX4_2__0_1760614258105171900.png
PX4_3	1760614256536	0	0	0.569113	0.707107	0	0	-0.707107	img_PX4_3__0_1760614258172252100.png
PX4_1	1760614256596	0	0	0.569113	1	0	0	0	img_PX4_1__0_1760614258234087000.png
PX4_4	1760614256665	0	0	0.569113	0.707107	0	0	0.707107	img_PX4_4__0_1760614258302741400.png
PX4_2	1760614256737	0	0	0.569113	3.57628e-07	0	0	-1	img_PX4_2__0_1760614258375885800.png
PX4_3	1760614256788	0	0	0.569113	0.707107	0	0	-0.707107	img_PX4_3__0_1760614258424545200.png
PX4_1	1760614256845	0	0	0.569113	1	0	0	0	img_PX4_1__0_1760614258481369400.png
